[2025-04-09 22:56:40.662] [PSS] [info] ***********  Log Begin **********
[2025-04-09 22:56:40.662] [PSS] [info] process id= 936
[2025-04-09 22:56:40.662] [PSS] [debug] [936|16324]streaming_driver_interface_impl.cpp:19 StreamingDriverInterfaceImpl: callback= 0x1a1f1857ac0, this= 0x1a12c8fb060
[2025-04-09 22:56:40.663] [PSS] [error] [936|16324]streaming_driver_interface_impl.cpp:115 SetTrackingOrigin: streaming not started, this= 0x1a12c8fb060
[2025-04-09 22:56:40.663] [PSS] [info] [936|16324]streaming_driver_interface_impl.cpp:24 ConnectToService: connect to service, client_id= lG4McVkC8d6Ha8VW, this= 0x1a12c8fb060
[2025-04-09 22:56:40.663] [PSS] [info] [936|16324]streaming_client_impl.cpp:25 ConnectToService: client_id= lG4McVkC8d6Ha8VW, name= 3D Engine, desp= StreamingSceneRender, this= 0x1a0b5205e30
[2025-04-09 22:56:40.663] [PSS] [debug] [936|15696]streaming_client_impl.cpp:137 InvokeConnectToService: connect to service through the network, port= 54000, this= 0x1a0b5205e30
[2025-04-09 22:56:40.663] [PSS] [debug] [936|15696]transport_client_tcp3.cpp:34 Start: buffer size(send\recv): 2097152\2097152, this= 0x1a0d957da00
[2025-04-09 22:56:40.664] [PSS] [info] [936|15696]transport_client_tcp3.cpp:59 Start: server= 127.0.0.1:54000, local=0.0.0.0:0, this= 0x1a0d957da00
[2025-04-09 22:56:42.705] [PSS] [info] [936|19992]streaming_client_impl.cpp:62 NotifyConnectResult: network connect to service result= 10061, this= 0x1a0b5205e30
[2025-04-09 22:56:42.705] [PSS] [error] [936|19992]streaming_client_impl.cpp:64 NotifyConnectResult: connect to service network error= 10061, this= 0x1a0b5205e30
[2025-04-09 22:56:42.705] [PSS] [error] [936|15696]streaming_driver_interface_impl.cpp:332 NotifyClientConnectResult: connect to service failed, Network Error, this= 0x1a12c8fb060
[2025-04-09 22:56:42.705] [PSS] [error] [936|19992]transport_client_tcp3.cpp:129 HandleConnect: connected error= 由于目标计算机积极拒绝，无法连接。, this= 0x1a0d957da00
[2025-04-10 09:46:05.183] [PSS] [info] ***********  Log Begin **********
[2025-04-10 09:46:05.183] [PSS] [info] process id= 16300
[2025-04-10 09:46:05.183] [PSS] [debug] [16300|14596]streaming_driver_interface_impl.cpp:19 StreamingDriverInterfaceImpl: callback= 0x208b72b0b40, this= 0x2089448c6b0
[2025-04-10 09:46:05.183] [PSS] [error] [16300|14596]streaming_driver_interface_impl.cpp:115 SetTrackingOrigin: streaming not started, this= 0x2089448c6b0
[2025-04-10 09:46:05.183] [PSS] [info] [16300|14596]streaming_driver_interface_impl.cpp:24 ConnectToService: connect to service, client_id= 611eJto93489SqO8, this= 0x2089448c6b0
[2025-04-10 09:46:05.183] [PSS] [info] [16300|14596]streaming_client_impl.cpp:25 ConnectToService: client_id= 611eJto93489SqO8, name= 3D Engine, desp= StreamingSceneRender, this= 0x20888ee0310
[2025-04-10 09:46:05.183] [PSS] [debug] [16300|12508]streaming_client_impl.cpp:137 InvokeConnectToService: connect to service through the network, port= 54000, this= 0x20888ee0310
[2025-04-10 09:46:05.184] [PSS] [debug] [16300|12508]transport_client_tcp3.cpp:34 Start: buffer size(send\recv): 2097152\2097152, this= 0x207f6d49c60
[2025-04-10 09:46:05.184] [PSS] [info] [16300|12508]transport_client_tcp3.cpp:59 Start: server= 127.0.0.1:54000, local=0.0.0.0:0, this= 0x207f6d49c60
[2025-04-10 09:46:07.233] [PSS] [info] [16300|17380]streaming_client_impl.cpp:62 NotifyConnectResult: network connect to service result= 10061, this= 0x20888ee0310
[2025-04-10 09:46:07.233] [PSS] [error] [16300|17380]streaming_client_impl.cpp:64 NotifyConnectResult: connect to service network error= 10061, this= 0x20888ee0310
[2025-04-10 09:46:07.233] [PSS] [error] [16300|12508]streaming_driver_interface_impl.cpp:332 NotifyClientConnectResult: connect to service failed, Network Error, this= 0x2089448c6b0
[2025-04-10 09:46:07.233] [PSS] [error] [16300|17380]transport_client_tcp3.cpp:129 HandleConnect: connected error= 由于目标计算机积极拒绝，无法连接。, this= 0x207f6d49c60
[2025-04-10 11:09:17.996] [PSS] [debug] [16300|14596]streaming_driver_interface_impl.cpp:19 StreamingDriverInterfaceImpl: callback= 0x207f6f6d190, this= 0x207b2017490
[2025-04-10 11:09:18.001] [PSS] [error] [16300|14596]streaming_driver_interface_impl.cpp:115 SetTrackingOrigin: streaming not started, this= 0x207b2017490
[2025-04-10 11:09:18.001] [PSS] [info] [16300|14596]streaming_driver_interface_impl.cpp:24 ConnectToService: connect to service, client_id= 3C1pIGufDbvt2t6Y, this= 0x207b2017490
[2025-04-10 11:09:18.001] [PSS] [info] [16300|14596]streaming_client_impl.cpp:25 ConnectToService: client_id= 3C1pIGufDbvt2t6Y, name= 3D Engine, desp= StreamingSceneRender, this= 0x208b747e9b0
[2025-04-10 11:09:18.001] [PSS] [debug] [16300|11048]streaming_client_impl.cpp:137 InvokeConnectToService: connect to service through the network, port= 54000, this= 0x208b747e9b0
[2025-04-10 11:09:18.001] [PSS] [debug] [16300|11048]transport_client_tcp3.cpp:34 Start: buffer size(send\recv): 2097152\2097152, this= 0x207f6d4a6e0
[2025-04-10 11:09:18.001] [PSS] [info] [16300|11048]transport_client_tcp3.cpp:59 Start: server= 127.0.0.1:54000, local=0.0.0.0:0, this= 0x207f6d4a6e0
[2025-04-10 11:09:20.027] [PSS] [info] [16300|24284]streaming_client_impl.cpp:62 NotifyConnectResult: network connect to service result= 10061, this= 0x208b747e9b0
[2025-04-10 11:09:20.027] [PSS] [error] [16300|24284]streaming_client_impl.cpp:64 NotifyConnectResult: connect to service network error= 10061, this= 0x208b747e9b0
[2025-04-10 11:09:20.027] [PSS] [error] [16300|24284]transport_client_tcp3.cpp:129 HandleConnect: connected error= 由于目标计算机积极拒绝，无法连接。, this= 0x207f6d4a6e0
[2025-04-10 11:09:20.027] [PSS] [error] [16300|11048]streaming_driver_interface_impl.cpp:332 NotifyClientConnectResult: connect to service failed, Network Error, this= 0x207b2017490
[2025-04-10 11:22:35.159] [PSS] [debug] [16300|14596]streaming_driver_interface_impl.cpp:19 StreamingDriverInterfaceImpl: callback= 0x2089410c0e0, this= 0x208685669c0
[2025-04-10 11:22:35.160] [PSS] [error] [16300|14596]streaming_driver_interface_impl.cpp:115 SetTrackingOrigin: streaming not started, this= 0x208685669c0
[2025-04-10 11:22:35.160] [PSS] [info] [16300|14596]streaming_driver_interface_impl.cpp:24 ConnectToService: connect to service, client_id= kiMeqQmvFBFtHtzo, this= 0x208685669c0
[2025-04-10 11:22:35.160] [PSS] [info] [16300|14596]streaming_client_impl.cpp:25 ConnectToService: client_id= kiMeqQmvFBFtHtzo, name= 3D Engine, desp= StreamingSceneRender, this= 0x208cd823910
[2025-04-10 11:22:35.160] [PSS] [debug] [16300|28388]streaming_client_impl.cpp:137 InvokeConnectToService: connect to service through the network, port= 54000, this= 0x208cd823910
[2025-04-10 11:22:35.160] [PSS] [debug] [16300|28388]transport_client_tcp3.cpp:34 Start: buffer size(send\recv): 2097152\2097152, this= 0x207f6d4b6a0
[2025-04-10 11:22:35.160] [PSS] [info] [16300|28388]transport_client_tcp3.cpp:59 Start: server= 127.0.0.1:54000, local=0.0.0.0:0, this= 0x207f6d4b6a0
[2025-04-10 11:22:37.211] [PSS] [info] [16300|19544]streaming_client_impl.cpp:62 NotifyConnectResult: network connect to service result= 10061, this= 0x208cd823910
[2025-04-10 11:22:37.211] [PSS] [error] [16300|19544]streaming_client_impl.cpp:64 NotifyConnectResult: connect to service network error= 10061, this= 0x208cd823910
[2025-04-10 11:22:37.211] [PSS] [error] [16300|28388]streaming_driver_interface_impl.cpp:332 NotifyClientConnectResult: connect to service failed, Network Error, this= 0x208685669c0
[2025-04-10 11:22:37.211] [PSS] [error] [16300|19544]transport_client_tcp3.cpp:129 HandleConnect: connected error= 由于目标计算机积极拒绝，无法连接。, this= 0x207f6d4b6a0
[2025-04-10 11:34:14.649] [PSS] [debug] [16300|14596]streaming_driver_interface_impl.cpp:19 StreamingDriverInterfaceImpl: callback= 0x20894109bb0, this= 0x208685645b0
[2025-04-10 11:34:14.650] [PSS] [error] [16300|14596]streaming_driver_interface_impl.cpp:115 SetTrackingOrigin: streaming not started, this= 0x208685645b0
[2025-04-10 11:34:14.650] [PSS] [info] [16300|14596]streaming_driver_interface_impl.cpp:24 ConnectToService: connect to service, client_id= ZQ6ArbcXRZe8zQUF, this= 0x208685645b0
[2025-04-10 11:34:14.650] [PSS] [info] [16300|14596]streaming_client_impl.cpp:25 ConnectToService: client_id= ZQ6ArbcXRZe8zQUF, name= 3D Engine, desp= StreamingSceneRender, this= 0x208cd8236f0
[2025-04-10 11:34:14.650] [PSS] [debug] [16300|15804]streaming_client_impl.cpp:137 InvokeConnectToService: connect to service through the network, port= 54000, this= 0x208cd8236f0
[2025-04-10 11:34:14.650] [PSS] [debug] [16300|15804]transport_client_tcp3.cpp:34 Start: buffer size(send\recv): 2097152\2097152, this= 0x207f6d4b160
[2025-04-10 11:34:14.650] [PSS] [info] [16300|15804]transport_client_tcp3.cpp:59 Start: server= 127.0.0.1:54000, local=0.0.0.0:0, this= 0x207f6d4b160
[2025-04-10 11:34:16.698] [PSS] [info] [16300|20460]streaming_client_impl.cpp:62 NotifyConnectResult: network connect to service result= 10061, this= 0x208cd8236f0
[2025-04-10 11:34:16.698] [PSS] [error] [16300|20460]streaming_client_impl.cpp:64 NotifyConnectResult: connect to service network error= 10061, this= 0x208cd8236f0
[2025-04-10 11:34:16.699] [PSS] [error] [16300|20460]transport_client_tcp3.cpp:129 HandleConnect: connected error= 由于目标计算机积极拒绝，无法连接。, this= 0x207f6d4b160
[2025-04-10 11:34:16.699] [PSS] [error] [16300|15804]streaming_driver_interface_impl.cpp:332 NotifyClientConnectResult: connect to service failed, Network Error, this= 0x208685645b0
[2025-04-10 15:49:32.768] [PSS] [info] ***********  Log Begin **********
[2025-04-10 15:49:32.768] [PSS] [info] process id= 27936
[2025-04-10 15:49:32.768] [PSS] [debug] [27936|14344]streaming_driver_interface_impl.cpp:19 StreamingDriverInterfaceImpl: callback= 0x1fee3ff85d0, this= 0x1fec31626f0
[2025-04-10 15:49:32.768] [PSS] [error] [27936|14344]streaming_driver_interface_impl.cpp:115 SetTrackingOrigin: streaming not started, this= 0x1fec31626f0
[2025-04-10 15:49:32.768] [PSS] [info] [27936|14344]streaming_driver_interface_impl.cpp:24 ConnectToService: connect to service, client_id= pexrpcSRJp3Jvpog, this= 0x1fec31626f0
[2025-04-10 15:49:32.768] [PSS] [info] [27936|14344]streaming_client_impl.cpp:25 ConnectToService: client_id= pexrpcSRJp3Jvpog, name= 3D Engine, desp= StreamingSceneRender, this= 0x1ffa0631e50
[2025-04-10 15:49:32.769] [PSS] [debug] [27936|15720]streaming_client_impl.cpp:137 InvokeConnectToService: connect to service through the network, port= 54000, this= 0x1ffa0631e50
[2025-04-10 15:49:32.769] [PSS] [debug] [27936|15720]transport_client_tcp3.cpp:34 Start: buffer size(send\recv): 2097152\2097152, this= 0x1fee40a3870
[2025-04-10 15:49:32.769] [PSS] [info] [27936|15720]transport_client_tcp3.cpp:59 Start: server= 127.0.0.1:54000, local=0.0.0.0:0, this= 0x1fee40a3870
[2025-04-10 15:49:34.822] [PSS] [info] [27936|24132]streaming_client_impl.cpp:62 NotifyConnectResult: network connect to service result= 10061, this= 0x1ffa0631e50
[2025-04-10 15:49:34.822] [PSS] [error] [27936|24132]streaming_client_impl.cpp:64 NotifyConnectResult: connect to service network error= 10061, this= 0x1ffa0631e50
[2025-04-10 15:49:34.822] [PSS] [error] [27936|15720]streaming_driver_interface_impl.cpp:332 NotifyClientConnectResult: connect to service failed, Network Error, this= 0x1fec31626f0
[2025-04-10 15:49:34.822] [PSS] [error] [27936|24132]transport_client_tcp3.cpp:129 HandleConnect: connected error= 由于目标计算机积极拒绝，无法连接。, this= 0x1fee40a3870
[2025-04-12 23:31:42.866] [PSS] [info] ***********  Log Begin **********
[2025-04-12 23:31:42.866] [PSS] [info] process id= 19276
[2025-04-12 23:31:42.866] [PSS] [debug] [19276|17320]streaming_driver_interface_impl.cpp:19 StreamingDriverInterfaceImpl: callback= 0x19433cd9ac0, this= 0x194799dbc50
[2025-04-12 23:31:42.866] [PSS] [error] [19276|17320]streaming_driver_interface_impl.cpp:115 SetTrackingOrigin: streaming not started, this= 0x194799dbc50
[2025-04-12 23:31:42.866] [PSS] [info] [19276|17320]streaming_driver_interface_impl.cpp:24 ConnectToService: connect to service, client_id= MQXfLzEsmClGhznV, this= 0x194799dbc50
[2025-04-12 23:31:42.866] [PSS] [info] [19276|17320]streaming_client_impl.cpp:25 ConnectToService: client_id= MQXfLzEsmClGhznV, name= 3D Engine, desp= StreamingSceneRender, this= 0x19479c21ed0
[2025-04-12 23:31:42.866] [PSS] [debug] [19276|24544]streaming_client_impl.cpp:137 InvokeConnectToService: connect to service through the network, port= 54000, this= 0x19479c21ed0
[2025-04-12 23:31:42.866] [PSS] [debug] [19276|24544]transport_client_tcp3.cpp:34 Start: buffer size(send\recv): 2097152\2097152, this= 0x194a3f60d50
[2025-04-12 23:31:42.866] [PSS] [info] [19276|24544]transport_client_tcp3.cpp:59 Start: server= 127.0.0.1:54000, local=0.0.0.0:0, this= 0x194a3f60d50
[2025-04-12 23:31:44.913] [PSS] [info] [19276|10408]streaming_client_impl.cpp:62 NotifyConnectResult: network connect to service result= 10061, this= 0x19479c21ed0
[2025-04-12 23:31:44.913] [PSS] [error] [19276|10408]streaming_client_impl.cpp:64 NotifyConnectResult: connect to service network error= 10061, this= 0x19479c21ed0
[2025-04-12 23:31:44.913] [PSS] [error] [19276|24544]streaming_driver_interface_impl.cpp:332 NotifyClientConnectResult: connect to service failed, Network Error, this= 0x194799dbc50
[2025-04-12 23:31:44.913] [PSS] [error] [19276|10408]transport_client_tcp3.cpp:129 HandleConnect: connected error= 由于目标计算机积极拒绝，无法连接。, this= 0x194a3f60d50
[2025-04-13 00:17:13.821] [PSS] [debug] [19276|17320]streaming_driver_interface_impl.cpp:19 StreamingDriverInterfaceImpl: callback= 0x194563fa370, this= 0x194aadbd4a0
[2025-04-13 00:17:13.823] [PSS] [error] [19276|17320]streaming_driver_interface_impl.cpp:115 SetTrackingOrigin: streaming not started, this= 0x194aadbd4a0
[2025-04-13 00:17:13.823] [PSS] [info] [19276|17320]streaming_driver_interface_impl.cpp:24 ConnectToService: connect to service, client_id= 8KHAXDFI3U5SxYEu, this= 0x194aadbd4a0
[2025-04-13 00:17:13.823] [PSS] [info] [19276|17320]streaming_client_impl.cpp:25 ConnectToService: client_id= 8KHAXDFI3U5SxYEu, name= 3D Engine, desp= StreamingSceneRender, this= 0x19456b1b6d0
[2025-04-13 00:17:13.823] [PSS] [debug] [19276|6708]streaming_client_impl.cpp:137 InvokeConnectToService: connect to service through the network, port= 54000, this= 0x19456b1b6d0
[2025-04-13 00:17:13.823] [PSS] [debug] [19276|6708]transport_client_tcp3.cpp:34 Start: buffer size(send\recv): 2097152\2097152, this= 0x194a3f5eb30
[2025-04-13 00:17:13.823] [PSS] [info] [19276|6708]transport_client_tcp3.cpp:59 Start: server= 127.0.0.1:54000, local=0.0.0.0:0, this= 0x194a3f5eb30
[2025-04-13 00:17:15.854] [PSS] [info] [19276|5868]streaming_client_impl.cpp:62 NotifyConnectResult: network connect to service result= 10061, this= 0x19456b1b6d0
[2025-04-13 00:17:15.854] [PSS] [error] [19276|5868]streaming_client_impl.cpp:64 NotifyConnectResult: connect to service network error= 10061, this= 0x19456b1b6d0
[2025-04-13 00:17:15.854] [PSS] [error] [19276|5868]transport_client_tcp3.cpp:129 HandleConnect: connected error= 由于目标计算机积极拒绝，无法连接。, this= 0x194a3f5eb30
[2025-04-13 00:17:15.854] [PSS] [error] [19276|6708]streaming_driver_interface_impl.cpp:332 NotifyClientConnectResult: connect to service failed, Network Error, this= 0x194aadbd4a0
[2025-04-13 09:26:53.658] [PSS] [info] ***********  Log Begin **********
[2025-04-13 09:26:53.658] [PSS] [info] process id= 18992
[2025-04-13 09:26:53.658] [PSS] [debug] [18992|20548]streaming_driver_interface_impl.cpp:19 StreamingDriverInterfaceImpl: callback= 0x222ed13e290, this= 0x223a86e4910
[2025-04-13 09:26:53.659] [PSS] [error] [18992|20548]streaming_driver_interface_impl.cpp:115 SetTrackingOrigin: streaming not started, this= 0x223a86e4910
[2025-04-13 09:26:53.659] [PSS] [info] [18992|20548]streaming_driver_interface_impl.cpp:24 ConnectToService: connect to service, client_id= t89OnkwE3yKpvIhM, this= 0x223a86e4910
[2025-04-13 09:26:53.659] [PSS] [info] [18992|20548]streaming_client_impl.cpp:25 ConnectToService: client_id= t89OnkwE3yKpvIhM, name= 3D Engine, desp= StreamingSceneRender, this= 0x2231cd890e0
[2025-04-13 09:26:53.659] [PSS] [debug] [18992|7100]streaming_client_impl.cpp:137 InvokeConnectToService: connect to service through the network, port= 54000, this= 0x2231cd890e0
[2025-04-13 09:26:53.659] [PSS] [debug] [18992|7100]transport_client_tcp3.cpp:34 Start: buffer size(send\recv): 2097152\2097152, this= 0x222cba4a470
[2025-04-13 09:26:53.659] [PSS] [info] [18992|7100]transport_client_tcp3.cpp:59 Start: server= 127.0.0.1:54000, local=0.0.0.0:0, this= 0x222cba4a470
[2025-04-13 09:26:55.684] [PSS] [info] [18992|8132]streaming_client_impl.cpp:62 NotifyConnectResult: network connect to service result= 10061, this= 0x2231cd890e0
[2025-04-13 09:26:55.684] [PSS] [error] [18992|8132]streaming_client_impl.cpp:64 NotifyConnectResult: connect to service network error= 10061, this= 0x2231cd890e0
[2025-04-13 09:26:55.684] [PSS] [error] [18992|7100]streaming_driver_interface_impl.cpp:332 NotifyClientConnectResult: connect to service failed, Network Error, this= 0x223a86e4910
[2025-04-13 09:26:55.684] [PSS] [error] [18992|8132]transport_client_tcp3.cpp:129 HandleConnect: connected error= 由于目标计算机积极拒绝，无法连接。, this= 0x222cba4a470
[2025-04-13 09:38:52.949] [PSS] [debug] [18992|20548]streaming_driver_interface_impl.cpp:19 StreamingDriverInterfaceImpl: callback= 0x223a5cfe240, this= 0x223a86e6d20
[2025-04-13 09:38:52.950] [PSS] [error] [18992|20548]streaming_driver_interface_impl.cpp:115 SetTrackingOrigin: streaming not started, this= 0x223a86e6d20
[2025-04-13 09:38:52.950] [PSS] [info] [18992|20548]streaming_driver_interface_impl.cpp:24 ConnectToService: connect to service, client_id= 3ceblFMl8WSuOcSU, this= 0x223a86e6d20
[2025-04-13 09:38:52.950] [PSS] [info] [18992|20548]streaming_client_impl.cpp:25 ConnectToService: client_id= 3ceblFMl8WSuOcSU, name= 3D Engine, desp= StreamingSceneRender, this= 0x223cad6e7d0
[2025-04-13 09:38:52.950] [PSS] [debug] [18992|24320]streaming_client_impl.cpp:137 InvokeConnectToService: connect to service through the network, port= 54000, this= 0x223cad6e7d0
[2025-04-13 09:38:52.950] [PSS] [debug] [18992|24320]transport_client_tcp3.cpp:34 Start: buffer size(send\recv): 2097152\2097152, this= 0x222cba4a710
[2025-04-13 09:38:52.950] [PSS] [info] [18992|24320]transport_client_tcp3.cpp:59 Start: server= 127.0.0.1:54000, local=0.0.0.0:0, this= 0x222cba4a710
[2025-04-13 09:38:54.990] [PSS] [info] [18992|29732]streaming_client_impl.cpp:62 NotifyConnectResult: network connect to service result= 10061, this= 0x223cad6e7d0
[2025-04-13 09:38:54.990] [PSS] [error] [18992|29732]streaming_client_impl.cpp:64 NotifyConnectResult: connect to service network error= 10061, this= 0x223cad6e7d0
[2025-04-13 09:38:54.990] [PSS] [error] [18992|29732]transport_client_tcp3.cpp:129 HandleConnect: connected error= 由于目标计算机积极拒绝，无法连接。, this= 0x222cba4a710
[2025-04-13 09:38:54.990] [PSS] [error] [18992|24320]streaming_driver_interface_impl.cpp:332 NotifyClientConnectResult: connect to service failed, Network Error, this= 0x223a86e6d20
[2025-04-13 09:39:16.613] [PSS] [debug] [18992|20548]streaming_driver_interface_impl.cpp:19 StreamingDriverInterfaceImpl: callback= 0x223a0ad0bc0, this= 0x223a86e4910
[2025-04-13 09:39:16.613] [PSS] [error] [18992|20548]streaming_driver_interface_impl.cpp:115 SetTrackingOrigin: streaming not started, this= 0x223a86e4910
[2025-04-13 09:39:16.613] [PSS] [info] [18992|20548]streaming_driver_interface_impl.cpp:24 ConnectToService: connect to service, client_id= WoEmyMSdzpgVZ5iU, this= 0x223a86e4910
[2025-04-13 09:39:16.613] [PSS] [info] [18992|20548]streaming_client_impl.cpp:25 ConnectToService: client_id= WoEmyMSdzpgVZ5iU, name= 3D Engine, desp= StreamingSceneRender, this= 0x223ca81be20
[2025-04-13 09:39:16.613] [PSS] [debug] [18992|9580]streaming_client_impl.cpp:137 InvokeConnectToService: connect to service through the network, port= 54000, this= 0x223ca81be20
[2025-04-13 09:39:16.614] [PSS] [debug] [18992|9580]transport_client_tcp3.cpp:34 Start: buffer size(send\recv): 2097152\2097152, this= 0x222cba49f30
[2025-04-13 09:39:16.614] [PSS] [info] [18992|9580]transport_client_tcp3.cpp:59 Start: server= 127.0.0.1:54000, local=0.0.0.0:0, this= 0x222cba49f30
[2025-04-13 09:39:18.646] [PSS] [info] [18992|22124]streaming_client_impl.cpp:62 NotifyConnectResult: network connect to service result= 10061, this= 0x223ca81be20
[2025-04-13 09:39:18.646] [PSS] [error] [18992|22124]streaming_client_impl.cpp:64 NotifyConnectResult: connect to service network error= 10061, this= 0x223ca81be20
[2025-04-13 09:39:18.646] [PSS] [error] [18992|9580]streaming_driver_interface_impl.cpp:332 NotifyClientConnectResult: connect to service failed, Network Error, this= 0x223a86e4910
[2025-04-13 09:39:18.646] [PSS] [error] [18992|22124]transport_client_tcp3.cpp:129 HandleConnect: connected error= 由于目标计算机积极拒绝，无法连接。, this= 0x222cba49f30
[2025-04-13 09:40:28.847] [PSS] [debug] [18992|20548]streaming_driver_interface_impl.cpp:19 StreamingDriverInterfaceImpl: callback= 0x222a4e03ed0, this= 0x223a86e6d20
[2025-04-13 09:40:28.847] [PSS] [error] [18992|20548]streaming_driver_interface_impl.cpp:115 SetTrackingOrigin: streaming not started, this= 0x223a86e6d20
[2025-04-13 09:40:28.847] [PSS] [info] [18992|20548]streaming_driver_interface_impl.cpp:24 ConnectToService: connect to service, client_id= BvGs1P9CifPeK6EX, this= 0x223a86e6d20
[2025-04-13 09:40:28.847] [PSS] [info] [18992|20548]streaming_client_impl.cpp:25 ConnectToService: client_id= BvGs1P9CifPeK6EX, name= 3D Engine, desp= StreamingSceneRender, this= 0x223a6360040
[2025-04-13 09:40:28.847] [PSS] [debug] [18992|5456]streaming_client_impl.cpp:137 InvokeConnectToService: connect to service through the network, port= 54000, this= 0x223a6360040
[2025-04-13 09:40:28.847] [PSS] [debug] [18992|5456]transport_client_tcp3.cpp:34 Start: buffer size(send\recv): 2097152\2097152, this= 0x222cba49c90
[2025-04-13 09:40:28.847] [PSS] [info] [18992|5456]transport_client_tcp3.cpp:59 Start: server= 127.0.0.1:54000, local=0.0.0.0:0, this= 0x222cba49c90
[2025-04-13 09:40:30.886] [PSS] [info] [18992|24744]streaming_client_impl.cpp:62 NotifyConnectResult: network connect to service result= 10061, this= 0x223a6360040
[2025-04-13 09:40:30.886] [PSS] [error] [18992|24744]streaming_client_impl.cpp:64 NotifyConnectResult: connect to service network error= 10061, this= 0x223a6360040
[2025-04-13 09:40:30.886] [PSS] [error] [18992|5456]streaming_driver_interface_impl.cpp:332 NotifyClientConnectResult: connect to service failed, Network Error, this= 0x223a86e6d20
[2025-04-13 09:40:30.886] [PSS] [error] [18992|24744]transport_client_tcp3.cpp:129 HandleConnect: connected error= 由于目标计算机积极拒绝，无法连接。, this= 0x222cba49c90
[2025-04-13 09:43:12.726] [PSS] [debug] [18992|20548]streaming_driver_interface_impl.cpp:19 StreamingDriverInterfaceImpl: callback= 0x222a809f0c0, this= 0x223a86e00f0
[2025-04-13 09:43:12.727] [PSS] [error] [18992|20548]streaming_driver_interface_impl.cpp:115 SetTrackingOrigin: streaming not started, this= 0x223a86e00f0
[2025-04-13 09:43:12.727] [PSS] [info] [18992|20548]streaming_driver_interface_impl.cpp:24 ConnectToService: connect to service, client_id= WRx1KgxjpxcJ6V3M, this= 0x223a86e00f0
[2025-04-13 09:43:12.727] [PSS] [info] [18992|20548]streaming_client_impl.cpp:25 ConnectToService: client_id= WRx1KgxjpxcJ6V3M, name= 3D Engine, desp= StreamingSceneRender, this= 0x2239fdfd800
[2025-04-13 09:43:12.727] [PSS] [debug] [18992|5336]streaming_client_impl.cpp:137 InvokeConnectToService: connect to service through the network, port= 54000, this= 0x2239fdfd800
[2025-04-13 09:43:12.727] [PSS] [debug] [18992|5336]transport_client_tcp3.cpp:34 Start: buffer size(send\recv): 2097152\2097152, this= 0x222cba49f30
[2025-04-13 09:43:12.727] [PSS] [info] [18992|5336]transport_client_tcp3.cpp:59 Start: server= 127.0.0.1:54000, local=0.0.0.0:0, this= 0x222cba49f30
[2025-04-13 09:43:14.774] [PSS] [info] [18992|16656]streaming_client_impl.cpp:62 NotifyConnectResult: network connect to service result= 10061, this= 0x2239fdfd800
[2025-04-13 09:43:14.774] [PSS] [error] [18992|16656]streaming_client_impl.cpp:64 NotifyConnectResult: connect to service network error= 10061, this= 0x2239fdfd800
[2025-04-13 09:43:14.774] [PSS] [error] [18992|5336]streaming_driver_interface_impl.cpp:332 NotifyClientConnectResult: connect to service failed, Network Error, this= 0x223a86e00f0
[2025-04-13 09:43:14.774] [PSS] [error] [18992|16656]transport_client_tcp3.cpp:129 HandleConnect: connected error= 由于目标计算机积极拒绝，无法连接。, this= 0x222cba49f30
[2025-04-13 09:43:38.311] [PSS] [debug] [18992|20548]streaming_driver_interface_impl.cpp:19 StreamingDriverInterfaceImpl: callback= 0x2231a7372a0, this= 0x223a86e2500
[2025-04-13 09:43:38.311] [PSS] [error] [18992|20548]streaming_driver_interface_impl.cpp:115 SetTrackingOrigin: streaming not started, this= 0x223a86e2500
[2025-04-13 09:43:38.311] [PSS] [info] [18992|20548]streaming_driver_interface_impl.cpp:24 ConnectToService: connect to service, client_id= xMoej4SY7naY9gxj, this= 0x223a86e2500
[2025-04-13 09:43:38.311] [PSS] [info] [18992|20548]streaming_client_impl.cpp:25 ConnectToService: client_id= xMoej4SY7naY9gxj, name= 3D Engine, desp= StreamingSceneRender, this= 0x223ca81d690
[2025-04-13 09:43:38.311] [PSS] [debug] [18992|27944]streaming_client_impl.cpp:137 InvokeConnectToService: connect to service through the network, port= 54000, this= 0x223ca81d690
[2025-04-13 09:43:38.311] [PSS] [debug] [18992|27944]transport_client_tcp3.cpp:34 Start: buffer size(send\recv): 2097152\2097152, this= 0x222cba49c90
[2025-04-13 09:43:38.311] [PSS] [info] [18992|27944]transport_client_tcp3.cpp:59 Start: server= 127.0.0.1:54000, local=0.0.0.0:0, this= 0x222cba49c90
[2025-04-13 09:43:40.351] [PSS] [info] [18992|27596]streaming_client_impl.cpp:62 NotifyConnectResult: network connect to service result= 10061, this= 0x223ca81d690
[2025-04-13 09:43:40.352] [PSS] [error] [18992|27596]streaming_client_impl.cpp:64 NotifyConnectResult: connect to service network error= 10061, this= 0x223ca81d690
[2025-04-13 09:43:40.352] [PSS] [error] [18992|27944]streaming_driver_interface_impl.cpp:332 NotifyClientConnectResult: connect to service failed, Network Error, this= 0x223a86e2500
[2025-04-13 09:43:40.352] [PSS] [error] [18992|27596]transport_client_tcp3.cpp:129 HandleConnect: connected error= 由于目标计算机积极拒绝，无法连接。, this= 0x222cba49c90
[2025-04-13 09:47:16.831] [PSS] [debug] [18992|20548]streaming_driver_interface_impl.cpp:19 StreamingDriverInterfaceImpl: callback= 0x220c02ff810, this= 0x223a86e00f0
[2025-04-13 09:47:16.831] [PSS] [error] [18992|20548]streaming_driver_interface_impl.cpp:115 SetTrackingOrigin: streaming not started, this= 0x223a86e00f0
[2025-04-13 09:47:16.831] [PSS] [info] [18992|20548]streaming_driver_interface_impl.cpp:24 ConnectToService: connect to service, client_id= OjF4Hny6GAR5deNA, this= 0x223a86e00f0
[2025-04-13 09:47:16.831] [PSS] [info] [18992|20548]streaming_client_impl.cpp:25 ConnectToService: client_id= OjF4Hny6GAR5deNA, name= 3D Engine, desp= StreamingSceneRender, this= 0x22317387420
[2025-04-13 09:47:16.831] [PSS] [debug] [18992|7416]streaming_client_impl.cpp:137 InvokeConnectToService: connect to service through the network, port= 54000, this= 0x22317387420
[2025-04-13 09:47:16.832] [PSS] [debug] [18992|7416]transport_client_tcp3.cpp:34 Start: buffer size(send\recv): 2097152\2097152, this= 0x222cba49f30
[2025-04-13 09:47:16.832] [PSS] [info] [18992|7416]transport_client_tcp3.cpp:59 Start: server= 127.0.0.1:54000, local=0.0.0.0:0, this= 0x222cba49f30
[2025-04-13 09:47:18.865] [PSS] [info] [18992|2988]streaming_client_impl.cpp:62 NotifyConnectResult: network connect to service result= 10061, this= 0x22317387420
[2025-04-13 09:47:18.865] [PSS] [error] [18992|2988]streaming_client_impl.cpp:64 NotifyConnectResult: connect to service network error= 10061, this= 0x22317387420
[2025-04-13 09:47:18.865] [PSS] [error] [18992|2988]transport_client_tcp3.cpp:129 HandleConnect: connected error= 由于目标计算机积极拒绝，无法连接。, this= 0x222cba49f30
[2025-04-13 09:47:18.865] [PSS] [error] [18992|7416]streaming_driver_interface_impl.cpp:332 NotifyClientConnectResult: connect to service failed, Network Error, this= 0x223a86e00f0
[2025-04-13 09:47:29.087] [PSS] [debug] [18992|20548]streaming_driver_interface_impl.cpp:19 StreamingDriverInterfaceImpl: callback= 0x222cba69f80, this= 0x223a86e4910
[2025-04-13 09:47:29.088] [PSS] [error] [18992|20548]streaming_driver_interface_impl.cpp:115 SetTrackingOrigin: streaming not started, this= 0x223a86e4910
[2025-04-13 09:47:29.088] [PSS] [info] [18992|20548]streaming_driver_interface_impl.cpp:24 ConnectToService: connect to service, client_id= JhX2Bne4xtHsgW6Q, this= 0x223a86e4910
[2025-04-13 09:47:29.088] [PSS] [info] [18992|20548]streaming_client_impl.cpp:25 ConnectToService: client_id= JhX2Bne4xtHsgW6Q, name= 3D Engine, desp= StreamingSceneRender, this= 0x223a01578d0
[2025-04-13 09:47:29.088] [PSS] [debug] [18992|15644]streaming_client_impl.cpp:137 InvokeConnectToService: connect to service through the network, port= 54000, this= 0x223a01578d0
[2025-04-13 09:47:29.088] [PSS] [debug] [18992|15644]transport_client_tcp3.cpp:34 Start: buffer size(send\recv): 2097152\2097152, this= 0x222cba4a470
[2025-04-13 09:47:29.088] [PSS] [info] [18992|15644]transport_client_tcp3.cpp:59 Start: server= 127.0.0.1:54000, local=0.0.0.0:0, this= 0x222cba4a470
[2025-04-13 09:47:31.124] [PSS] [info] [18992|24180]streaming_client_impl.cpp:62 NotifyConnectResult: network connect to service result= 10061, this= 0x223a01578d0
[2025-04-13 09:47:31.124] [PSS] [error] [18992|24180]streaming_client_impl.cpp:64 NotifyConnectResult: connect to service network error= 10061, this= 0x223a01578d0
[2025-04-13 09:47:31.124] [PSS] [error] [18992|15644]streaming_driver_interface_impl.cpp:332 NotifyClientConnectResult: connect to service failed, Network Error, this= 0x223a86e4910
[2025-04-13 09:47:31.124] [PSS] [error] [18992|24180]transport_client_tcp3.cpp:129 HandleConnect: connected error= 由于目标计算机积极拒绝，无法连接。, this= 0x222cba4a470
[2025-04-13 09:47:56.046] [PSS] [debug] [18992|20548]streaming_driver_interface_impl.cpp:19 StreamingDriverInterfaceImpl: callback= 0x220c0a73af0, this= 0x223a86e6d20
[2025-04-13 09:47:56.047] [PSS] [error] [18992|20548]streaming_driver_interface_impl.cpp:115 SetTrackingOrigin: streaming not started, this= 0x223a86e6d20
[2025-04-13 09:47:56.047] [PSS] [info] [18992|20548]streaming_driver_interface_impl.cpp:24 ConnectToService: connect to service, client_id= miOFonVug73zmqMr, this= 0x223a86e6d20
[2025-04-13 09:47:56.047] [PSS] [info] [18992|20548]streaming_client_impl.cpp:25 ConnectToService: client_id= miOFonVug73zmqMr, name= 3D Engine, desp= StreamingSceneRender, this= 0x223ca81ad20
[2025-04-13 09:47:56.047] [PSS] [debug] [18992|29660]streaming_client_impl.cpp:137 InvokeConnectToService: connect to service through the network, port= 54000, this= 0x223ca81ad20
[2025-04-13 09:47:56.047] [PSS] [debug] [18992|29660]transport_client_tcp3.cpp:34 Start: buffer size(send\recv): 2097152\2097152, this= 0x222cba4b190
[2025-04-13 09:47:56.047] [PSS] [info] [18992|29660]transport_client_tcp3.cpp:59 Start: server= 127.0.0.1:54000, local=0.0.0.0:0, this= 0x222cba4b190
[2025-04-13 09:47:58.081] [PSS] [info] [18992|20152]streaming_client_impl.cpp:62 NotifyConnectResult: network connect to service result= 10061, this= 0x223ca81ad20
[2025-04-13 09:47:58.081] [PSS] [error] [18992|20152]streaming_client_impl.cpp:64 NotifyConnectResult: connect to service network error= 10061, this= 0x223ca81ad20
[2025-04-13 09:47:58.081] [PSS] [error] [18992|20152]transport_client_tcp3.cpp:129 HandleConnect: connected error= 由于目标计算机积极拒绝，无法连接。, this= 0x222cba4b190
[2025-04-13 09:47:58.081] [PSS] [error] [18992|29660]streaming_driver_interface_impl.cpp:332 NotifyClientConnectResult: connect to service failed, Network Error, this= 0x223a86e6d20
[2025-04-13 09:48:16.972] [PSS] [debug] [18992|20548]streaming_driver_interface_impl.cpp:19 StreamingDriverInterfaceImpl: callback= 0x222a8775c10, this= 0x223a86e00f0
[2025-04-13 09:48:16.973] [PSS] [error] [18992|20548]streaming_driver_interface_impl.cpp:115 SetTrackingOrigin: streaming not started, this= 0x223a86e00f0
[2025-04-13 09:48:16.973] [PSS] [info] [18992|20548]streaming_driver_interface_impl.cpp:24 ConnectToService: connect to service, client_id= iuNQz8L7VmU7crp8, this= 0x223a86e00f0
[2025-04-13 09:48:16.973] [PSS] [info] [18992|20548]streaming_client_impl.cpp:25 ConnectToService: client_id= iuNQz8L7VmU7crp8, name= 3D Engine, desp= StreamingSceneRender, this= 0x223138f4c50
[2025-04-13 09:48:16.973] [PSS] [debug] [18992|28808]streaming_client_impl.cpp:137 InvokeConnectToService: connect to service through the network, port= 54000, this= 0x223138f4c50
[2025-04-13 09:48:16.973] [PSS] [debug] [18992|28808]transport_client_tcp3.cpp:34 Start: buffer size(send\recv): 2097152\2097152, this= 0x222cba49c90
[2025-04-13 09:48:16.973] [PSS] [info] [18992|28808]transport_client_tcp3.cpp:59 Start: server= 127.0.0.1:54000, local=0.0.0.0:0, this= 0x222cba49c90
[2025-04-13 09:48:19.026] [PSS] [info] [18992|940]streaming_client_impl.cpp:62 NotifyConnectResult: network connect to service result= 10061, this= 0x223138f4c50
[2025-04-13 09:48:19.026] [PSS] [error] [18992|940]streaming_client_impl.cpp:64 NotifyConnectResult: connect to service network error= 10061, this= 0x223138f4c50
[2025-04-13 09:48:19.026] [PSS] [error] [18992|940]transport_client_tcp3.cpp:129 HandleConnect: connected error= 由于目标计算机积极拒绝，无法连接。, this= 0x222cba49c90
[2025-04-13 09:48:19.026] [PSS] [error] [18992|28808]streaming_driver_interface_impl.cpp:332 NotifyClientConnectResult: connect to service failed, Network Error, this= 0x223a86e00f0
[2025-04-13 09:48:55.682] [PSS] [debug] [18992|20548]streaming_driver_interface_impl.cpp:19 StreamingDriverInterfaceImpl: callback= 0x2231d17fbb0, this= 0x223a86e6d20
[2025-04-13 09:48:55.683] [PSS] [error] [18992|20548]streaming_driver_interface_impl.cpp:115 SetTrackingOrigin: streaming not started, this= 0x223a86e6d20
[2025-04-13 09:48:55.683] [PSS] [info] [18992|20548]streaming_driver_interface_impl.cpp:24 ConnectToService: connect to service, client_id= q97KJKajtKojMC3O, this= 0x223a86e6d20
[2025-04-13 09:48:55.683] [PSS] [info] [18992|20548]streaming_client_impl.cpp:25 ConnectToService: client_id= q97KJKajtKojMC3O, name= 3D Engine, desp= StreamingSceneRender, this= 0x223a03c88d0
[2025-04-13 09:48:55.683] [PSS] [debug] [18992|12396]streaming_client_impl.cpp:137 InvokeConnectToService: connect to service through the network, port= 54000, this= 0x223a03c88d0
[2025-04-13 09:48:55.683] [PSS] [debug] [18992|12396]transport_client_tcp3.cpp:34 Start: buffer size(send\recv): 2097152\2097152, this= 0x222cba4a710
[2025-04-13 09:48:55.683] [PSS] [info] [18992|12396]transport_client_tcp3.cpp:59 Start: server= 127.0.0.1:54000, local=0.0.0.0:0, this= 0x222cba4a710
[2025-04-13 09:48:57.713] [PSS] [info] [18992|22468]streaming_client_impl.cpp:62 NotifyConnectResult: network connect to service result= 10061, this= 0x223a03c88d0
[2025-04-13 09:48:57.713] [PSS] [error] [18992|22468]streaming_client_impl.cpp:64 NotifyConnectResult: connect to service network error= 10061, this= 0x223a03c88d0
[2025-04-13 09:48:57.713] [PSS] [error] [18992|22468]transport_client_tcp3.cpp:129 HandleConnect: connected error= 由于目标计算机积极拒绝，无法连接。, this= 0x222cba4a710
[2025-04-13 09:48:57.713] [PSS] [error] [18992|12396]streaming_driver_interface_impl.cpp:332 NotifyClientConnectResult: connect to service failed, Network Error, this= 0x223a86e6d20
[2025-04-13 09:51:48.523] [PSS] [debug] [18992|20548]streaming_driver_interface_impl.cpp:19 StreamingDriverInterfaceImpl: callback= 0x2231d8d5900, this= 0x223a86e2500
[2025-04-13 09:51:48.523] [PSS] [error] [18992|20548]streaming_driver_interface_impl.cpp:115 SetTrackingOrigin: streaming not started, this= 0x223a86e2500
[2025-04-13 09:51:48.523] [PSS] [info] [18992|20548]streaming_driver_interface_impl.cpp:24 ConnectToService: connect to service, client_id= QtTCKdZc7wct2Wxr, this= 0x223a86e2500
[2025-04-13 09:51:48.523] [PSS] [info] [18992|20548]streaming_client_impl.cpp:25 ConnectToService: client_id= QtTCKdZc7wct2Wxr, name= 3D Engine, desp= StreamingSceneRender, this= 0x223a8e36130
[2025-04-13 09:51:48.523] [PSS] [debug] [18992|19108]streaming_client_impl.cpp:137 InvokeConnectToService: connect to service through the network, port= 54000, this= 0x223a8e36130
[2025-04-13 09:51:48.523] [PSS] [debug] [18992|19108]transport_client_tcp3.cpp:34 Start: buffer size(send\recv): 2097152\2097152, this= 0x222cba4b190
[2025-04-13 09:51:48.523] [PSS] [info] [18992|19108]transport_client_tcp3.cpp:59 Start: server= 127.0.0.1:54000, local=0.0.0.0:0, this= 0x222cba4b190
[2025-04-13 09:51:50.565] [PSS] [info] [18992|6692]streaming_client_impl.cpp:62 NotifyConnectResult: network connect to service result= 10061, this= 0x223a8e36130
[2025-04-13 09:51:50.565] [PSS] [error] [18992|6692]streaming_client_impl.cpp:64 NotifyConnectResult: connect to service network error= 10061, this= 0x223a8e36130
[2025-04-13 09:51:50.565] [PSS] [error] [18992|19108]streaming_driver_interface_impl.cpp:332 NotifyClientConnectResult: connect to service failed, Network Error, this= 0x223a86e2500
[2025-04-13 09:51:50.565] [PSS] [error] [18992|6692]transport_client_tcp3.cpp:129 HandleConnect: connected error= 由于目标计算机积极拒绝，无法连接。, this= 0x222cba4b190
[2025-04-13 09:54:14.976] [PSS] [debug] [18992|20548]streaming_driver_interface_impl.cpp:19 StreamingDriverInterfaceImpl: callback= 0x2231a736c10, this= 0x223a86e00f0
[2025-04-13 09:54:14.977] [PSS] [error] [18992|20548]streaming_driver_interface_impl.cpp:115 SetTrackingOrigin: streaming not started, this= 0x223a86e00f0
[2025-04-13 09:54:14.977] [PSS] [info] [18992|20548]streaming_driver_interface_impl.cpp:24 ConnectToService: connect to service, client_id= Nca4L9sbEFZ8k2g6, this= 0x223a86e00f0
[2025-04-13 09:54:14.977] [PSS] [info] [18992|20548]streaming_client_impl.cpp:25 ConnectToService: client_id= Nca4L9sbEFZ8k2g6, name= 3D Engine, desp= StreamingSceneRender, this= 0x223ca81dcf0
[2025-04-13 09:54:14.977] [PSS] [debug] [18992|14360]streaming_client_impl.cpp:137 InvokeConnectToService: connect to service through the network, port= 54000, this= 0x223ca81dcf0
[2025-04-13 09:54:14.977] [PSS] [debug] [18992|14360]transport_client_tcp3.cpp:34 Start: buffer size(send\recv): 2097152\2097152, this= 0x222cba4a470
[2025-04-13 09:54:14.977] [PSS] [info] [18992|14360]transport_client_tcp3.cpp:59 Start: server= 127.0.0.1:54000, local=0.0.0.0:0, this= 0x222cba4a470
[2025-04-13 09:54:17.012] [PSS] [info] [18992|19344]streaming_client_impl.cpp:62 NotifyConnectResult: network connect to service result= 10061, this= 0x223ca81dcf0
[2025-04-13 09:54:17.012] [PSS] [error] [18992|19344]streaming_client_impl.cpp:64 NotifyConnectResult: connect to service network error= 10061, this= 0x223ca81dcf0
[2025-04-13 09:54:17.012] [PSS] [error] [18992|19344]transport_client_tcp3.cpp:129 HandleConnect: connected error= 由于目标计算机积极拒绝，无法连接。, this= 0x222cba4a470
[2025-04-13 09:54:17.012] [PSS] [error] [18992|14360]streaming_driver_interface_impl.cpp:332 NotifyClientConnectResult: connect to service failed, Network Error, this= 0x223a86e00f0
[2025-04-13 09:58:56.268] [PSS] [debug] [18992|20548]streaming_driver_interface_impl.cpp:19 StreamingDriverInterfaceImpl: callback= 0x223a8e64100, this= 0x223a86e9130
[2025-04-13 09:58:56.269] [PSS] [error] [18992|20548]streaming_driver_interface_impl.cpp:115 SetTrackingOrigin: streaming not started, this= 0x223a86e9130
[2025-04-13 09:58:56.269] [PSS] [info] [18992|20548]streaming_driver_interface_impl.cpp:24 ConnectToService: connect to service, client_id= UXkpDzmW9PhSByvu, this= 0x223a86e9130
[2025-04-13 09:58:56.269] [PSS] [info] [18992|20548]streaming_client_impl.cpp:25 ConnectToService: client_id= UXkpDzmW9PhSByvu, name= 3D Engine, desp= StreamingSceneRender, this= 0x223a95359f0
[2025-04-13 09:58:56.269] [PSS] [debug] [18992|6600]streaming_client_impl.cpp:137 InvokeConnectToService: connect to service through the network, port= 54000, this= 0x223a95359f0
[2025-04-13 09:58:56.269] [PSS] [debug] [18992|6600]transport_client_tcp3.cpp:34 Start: buffer size(send\recv): 2097152\2097152, this= 0x222cba4a710
[2025-04-13 09:58:56.269] [PSS] [info] [18992|6600]transport_client_tcp3.cpp:59 Start: server= 127.0.0.1:54000, local=0.0.0.0:0, this= 0x222cba4a710
[2025-04-13 09:58:58.324] [PSS] [info] [18992|20008]streaming_client_impl.cpp:62 NotifyConnectResult: network connect to service result= 10061, this= 0x223a95359f0
[2025-04-13 09:58:58.324] [PSS] [error] [18992|20008]streaming_client_impl.cpp:64 NotifyConnectResult: connect to service network error= 10061, this= 0x223a95359f0
[2025-04-13 09:58:58.324] [PSS] [error] [18992|20008]transport_client_tcp3.cpp:129 HandleConnect: connected error= 由于目标计算机积极拒绝，无法连接。, this= 0x222cba4a710
[2025-04-13 09:58:58.324] [PSS] [error] [18992|6600]streaming_driver_interface_impl.cpp:332 NotifyClientConnectResult: connect to service failed, Network Error, this= 0x223a86e9130
[2025-04-13 09:59:50.872] [PSS] [debug] [18992|20548]streaming_driver_interface_impl.cpp:19 StreamingDriverInterfaceImpl: callback= 0x2232ccf3470, this= 0x223a86e6d20
[2025-04-13 09:59:50.872] [PSS] [error] [18992|20548]streaming_driver_interface_impl.cpp:115 SetTrackingOrigin: streaming not started, this= 0x223a86e6d20
[2025-04-13 09:59:50.872] [PSS] [info] [18992|20548]streaming_driver_interface_impl.cpp:24 ConnectToService: connect to service, client_id= VnpEehxFbPa2g6Jv, this= 0x223a86e6d20
[2025-04-13 09:59:50.872] [PSS] [info] [18992|20548]streaming_client_impl.cpp:25 ConnectToService: client_id= VnpEehxFbPa2g6Jv, name= 3D Engine, desp= StreamingSceneRender, this= 0x223a03c7390
[2025-04-13 09:59:50.872] [PSS] [debug] [18992|24588]streaming_client_impl.cpp:137 InvokeConnectToService: connect to service through the network, port= 54000, this= 0x223a03c7390
[2025-04-13 09:59:50.872] [PSS] [debug] [18992|24588]transport_client_tcp3.cpp:34 Start: buffer size(send\recv): 2097152\2097152, this= 0x222cba49c90
[2025-04-13 09:59:50.872] [PSS] [info] [18992|24588]transport_client_tcp3.cpp:59 Start: server= 127.0.0.1:54000, local=0.0.0.0:0, this= 0x222cba49c90
[2025-04-13 09:59:52.912] [PSS] [info] [18992|8832]streaming_client_impl.cpp:62 NotifyConnectResult: network connect to service result= 10061, this= 0x223a03c7390
[2025-04-13 09:59:52.912] [PSS] [error] [18992|8832]streaming_client_impl.cpp:64 NotifyConnectResult: connect to service network error= 10061, this= 0x223a03c7390
[2025-04-13 09:59:52.912] [PSS] [error] [18992|8832]transport_client_tcp3.cpp:129 HandleConnect: connected error= 由于目标计算机积极拒绝，无法连接。, this= 0x222cba49c90
[2025-04-13 09:59:52.912] [PSS] [error] [18992|24588]streaming_driver_interface_impl.cpp:332 NotifyClientConnectResult: connect to service failed, Network Error, this= 0x223a86e6d20
[2025-04-13 10:15:20.906] [PSS] [debug] [18992|20548]streaming_driver_interface_impl.cpp:19 StreamingDriverInterfaceImpl: callback= 0x222eccd0c00, this= 0x223a86e00f0
[2025-04-13 10:15:20.906] [PSS] [error] [18992|20548]streaming_driver_interface_impl.cpp:115 SetTrackingOrigin: streaming not started, this= 0x223a86e00f0
[2025-04-13 10:15:20.906] [PSS] [info] [18992|20548]streaming_driver_interface_impl.cpp:24 ConnectToService: connect to service, client_id= RrcpjCnMpUSNvl6Z, this= 0x223a86e00f0
[2025-04-13 10:15:20.906] [PSS] [info] [18992|20548]streaming_client_impl.cpp:25 ConnectToService: client_id= RrcpjCnMpUSNvl6Z, name= 3D Engine, desp= StreamingSceneRender, this= 0x2231dc493e0
[2025-04-13 10:15:20.906] [PSS] [debug] [18992|10556]streaming_client_impl.cpp:137 InvokeConnectToService: connect to service through the network, port= 54000, this= 0x2231dc493e0
[2025-04-13 10:15:20.907] [PSS] [debug] [18992|10556]transport_client_tcp3.cpp:34 Start: buffer size(send\recv): 2097152\2097152, this= 0x222cba4b190
[2025-04-13 10:15:20.907] [PSS] [info] [18992|10556]transport_client_tcp3.cpp:59 Start: server= 127.0.0.1:54000, local=0.0.0.0:0, this= 0x222cba4b190
[2025-04-13 10:15:22.951] [PSS] [info] [18992|17516]streaming_client_impl.cpp:62 NotifyConnectResult: network connect to service result= 10061, this= 0x2231dc493e0
[2025-04-13 10:15:22.951] [PSS] [error] [18992|17516]streaming_client_impl.cpp:64 NotifyConnectResult: connect to service network error= 10061, this= 0x2231dc493e0
[2025-04-13 10:15:22.951] [PSS] [error] [18992|10556]streaming_driver_interface_impl.cpp:332 NotifyClientConnectResult: connect to service failed, Network Error, this= 0x223a86e00f0
[2025-04-13 10:15:22.951] [PSS] [error] [18992|17516]transport_client_tcp3.cpp:129 HandleConnect: connected error= 由于目标计算机积极拒绝，无法连接。, this= 0x222cba4b190
[2025-04-13 10:18:50.150] [PSS] [debug] [18992|20548]streaming_driver_interface_impl.cpp:19 StreamingDriverInterfaceImpl: callback= 0x2233a6e0880, this= 0x223a86e9130
[2025-04-13 10:18:50.151] [PSS] [error] [18992|20548]streaming_driver_interface_impl.cpp:115 SetTrackingOrigin: streaming not started, this= 0x223a86e9130
[2025-04-13 10:18:50.151] [PSS] [info] [18992|20548]streaming_driver_interface_impl.cpp:24 ConnectToService: connect to service, client_id= yjeK3RuIlsxKIJhH, this= 0x223a86e9130
[2025-04-13 10:18:50.151] [PSS] [info] [18992|20548]streaming_client_impl.cpp:25 ConnectToService: client_id= yjeK3RuIlsxKIJhH, name= 3D Engine, desp= StreamingSceneRender, this= 0x223a6785600
[2025-04-13 10:18:50.151] [PSS] [debug] [18992|3560]streaming_client_impl.cpp:137 InvokeConnectToService: connect to service through the network, port= 54000, this= 0x223a6785600
[2025-04-13 10:18:50.151] [PSS] [debug] [18992|3560]transport_client_tcp3.cpp:34 Start: buffer size(send\recv): 2097152\2097152, this= 0x222cba4a710
[2025-04-13 10:18:50.151] [PSS] [info] [18992|3560]transport_client_tcp3.cpp:59 Start: server= 127.0.0.1:54000, local=0.0.0.0:0, this= 0x222cba4a710
[2025-04-13 10:18:52.197] [PSS] [info] [18992|19768]streaming_client_impl.cpp:62 NotifyConnectResult: network connect to service result= 10061, this= 0x223a6785600
[2025-04-13 10:18:52.197] [PSS] [error] [18992|19768]streaming_client_impl.cpp:64 NotifyConnectResult: connect to service network error= 10061, this= 0x223a6785600
[2025-04-13 10:18:52.197] [PSS] [error] [18992|19768]transport_client_tcp3.cpp:129 HandleConnect: connected error= 由于目标计算机积极拒绝，无法连接。, this= 0x222cba4a710
[2025-04-13 10:18:52.197] [PSS] [error] [18992|3560]streaming_driver_interface_impl.cpp:332 NotifyClientConnectResult: connect to service failed, Network Error, this= 0x223a86e9130
[2025-04-13 10:20:55.566] [PSS] [debug] [18992|20548]streaming_driver_interface_impl.cpp:19 StreamingDriverInterfaceImpl: callback= 0x222a44220f0, this= 0x223a86e00f0
[2025-04-13 10:20:55.567] [PSS] [error] [18992|20548]streaming_driver_interface_impl.cpp:115 SetTrackingOrigin: streaming not started, this= 0x223a86e00f0
[2025-04-13 10:20:55.567] [PSS] [info] [18992|20548]streaming_driver_interface_impl.cpp:24 ConnectToService: connect to service, client_id= oxTMpj3jzfbHaESi, this= 0x223a86e00f0
[2025-04-13 10:20:55.567] [PSS] [info] [18992|20548]streaming_client_impl.cpp:25 ConnectToService: client_id= oxTMpj3jzfbHaESi, name= 3D Engine, desp= StreamingSceneRender, this= 0x223a6784b60
[2025-04-13 10:20:55.567] [PSS] [debug] [18992|17452]streaming_client_impl.cpp:137 InvokeConnectToService: connect to service through the network, port= 54000, this= 0x223a6784b60
[2025-04-13 10:20:55.567] [PSS] [debug] [18992|17452]transport_client_tcp3.cpp:34 Start: buffer size(send\recv): 2097152\2097152, this= 0x222cba4a470
[2025-04-13 10:20:55.567] [PSS] [info] [18992|17452]transport_client_tcp3.cpp:59 Start: server= 127.0.0.1:54000, local=0.0.0.0:0, this= 0x222cba4a470
[2025-04-13 10:20:57.597] [PSS] [info] [18992|6252]streaming_client_impl.cpp:62 NotifyConnectResult: network connect to service result= 10061, this= 0x223a6784b60
[2025-04-13 10:20:57.597] [PSS] [error] [18992|6252]streaming_client_impl.cpp:64 NotifyConnectResult: connect to service network error= 10061, this= 0x223a6784b60
[2025-04-13 10:20:57.597] [PSS] [error] [18992|6252]transport_client_tcp3.cpp:129 HandleConnect: connected error= 由于目标计算机积极拒绝，无法连接。, this= 0x222cba4a470
[2025-04-13 10:20:57.597] [PSS] [error] [18992|17452]streaming_driver_interface_impl.cpp:332 NotifyClientConnectResult: connect to service failed, Network Error, this= 0x223a86e00f0
[2025-04-13 10:21:32.891] [PSS] [debug] [18992|20548]streaming_driver_interface_impl.cpp:19 StreamingDriverInterfaceImpl: callback= 0x2231c131b70, this= 0x223a86e2500
[2025-04-13 10:21:32.891] [PSS] [error] [18992|20548]streaming_driver_interface_impl.cpp:115 SetTrackingOrigin: streaming not started, this= 0x223a86e2500
[2025-04-13 10:21:32.891] [PSS] [info] [18992|20548]streaming_driver_interface_impl.cpp:24 ConnectToService: connect to service, client_id= PHby96vFDOebKya5, this= 0x223a86e2500
[2025-04-13 10:21:32.891] [PSS] [info] [18992|20548]streaming_client_impl.cpp:25 ConnectToService: client_id= PHby96vFDOebKya5, name= 3D Engine, desp= StreamingSceneRender, this= 0x2233a6737c0
[2025-04-13 10:21:32.891] [PSS] [debug] [18992|18448]streaming_client_impl.cpp:137 InvokeConnectToService: connect to service through the network, port= 54000, this= 0x2233a6737c0
[2025-04-13 10:21:32.891] [PSS] [debug] [18992|18448]transport_client_tcp3.cpp:34 Start: buffer size(send\recv): 2097152\2097152, this= 0x222cba49c90
[2025-04-13 10:21:32.892] [PSS] [info] [18992|18448]transport_client_tcp3.cpp:59 Start: server= 127.0.0.1:54000, local=0.0.0.0:0, this= 0x222cba49c90
[2025-04-13 10:21:34.946] [PSS] [info] [18992|25532]streaming_client_impl.cpp:62 NotifyConnectResult: network connect to service result= 10061, this= 0x2233a6737c0
[2025-04-13 10:21:34.946] [PSS] [error] [18992|25532]streaming_client_impl.cpp:64 NotifyConnectResult: connect to service network error= 10061, this= 0x2233a6737c0
[2025-04-13 10:21:34.946] [PSS] [error] [18992|18448]streaming_driver_interface_impl.cpp:332 NotifyClientConnectResult: connect to service failed, Network Error, this= 0x223a86e2500
[2025-04-13 10:21:34.946] [PSS] [error] [18992|25532]transport_client_tcp3.cpp:129 HandleConnect: connected error= 由于目标计算机积极拒绝，无法连接。, this= 0x222cba49c90
[2025-04-13 10:21:44.614] [PSS] [debug] [18992|20548]streaming_driver_interface_impl.cpp:19 StreamingDriverInterfaceImpl: callback= 0x2233de56420, this= 0x223a86e4910
[2025-04-13 10:21:44.615] [PSS] [error] [18992|20548]streaming_driver_interface_impl.cpp:115 SetTrackingOrigin: streaming not started, this= 0x223a86e4910
[2025-04-13 10:21:44.615] [PSS] [info] [18992|20548]streaming_driver_interface_impl.cpp:24 ConnectToService: connect to service, client_id= v5nlmakOC2cxzN9X, this= 0x223a86e4910
[2025-04-13 10:21:44.615] [PSS] [info] [18992|20548]streaming_client_impl.cpp:25 ConnectToService: client_id= v5nlmakOC2cxzN9X, name= 3D Engine, desp= StreamingSceneRender, this= 0x223138f1af0
[2025-04-13 10:21:44.615] [PSS] [debug] [18992|8012]streaming_client_impl.cpp:137 InvokeConnectToService: connect to service through the network, port= 54000, this= 0x223138f1af0
[2025-04-13 10:21:44.615] [PSS] [debug] [18992|8012]transport_client_tcp3.cpp:34 Start: buffer size(send\recv): 2097152\2097152, this= 0x222cba49f30
[2025-04-13 10:21:44.615] [PSS] [info] [18992|8012]transport_client_tcp3.cpp:59 Start: server= 127.0.0.1:54000, local=0.0.0.0:0, this= 0x222cba49f30
[2025-04-13 10:21:46.644] [PSS] [info] [18992|5908]streaming_client_impl.cpp:62 NotifyConnectResult: network connect to service result= 10061, this= 0x223138f1af0
[2025-04-13 10:21:46.644] [PSS] [error] [18992|5908]streaming_client_impl.cpp:64 NotifyConnectResult: connect to service network error= 10061, this= 0x223138f1af0
[2025-04-13 10:21:46.644] [PSS] [error] [18992|5908]transport_client_tcp3.cpp:129 HandleConnect: connected error= 由于目标计算机积极拒绝，无法连接。, this= 0x222cba49f30
[2025-04-13 10:21:46.644] [PSS] [error] [18992|8012]streaming_driver_interface_impl.cpp:332 NotifyClientConnectResult: connect to service failed, Network Error, this= 0x223a86e4910
[2025-04-13 10:24:29.153] [PSS] [debug] [18992|20548]streaming_driver_interface_impl.cpp:19 StreamingDriverInterfaceImpl: callback= 0x2231a7403c0, this= 0x223a86e2500
[2025-04-13 10:24:29.154] [PSS] [error] [18992|20548]streaming_driver_interface_impl.cpp:115 SetTrackingOrigin: streaming not started, this= 0x223a86e2500
[2025-04-13 10:24:29.154] [PSS] [info] [18992|20548]streaming_driver_interface_impl.cpp:24 ConnectToService: connect to service, client_id= g5ubr9kcBVthPowW, this= 0x223a86e2500
[2025-04-13 10:24:29.154] [PSS] [info] [18992|20548]streaming_client_impl.cpp:25 ConnectToService: client_id= g5ubr9kcBVthPowW, name= 3D Engine, desp= StreamingSceneRender, this= 0x2231bf65d30
[2025-04-13 10:24:29.154] [PSS] [debug] [18992|7068]streaming_client_impl.cpp:137 InvokeConnectToService: connect to service through the network, port= 54000, this= 0x2231bf65d30
[2025-04-13 10:24:29.154] [PSS] [debug] [18992|7068]transport_client_tcp3.cpp:34 Start: buffer size(send\recv): 2097152\2097152, this= 0x222cba4b190
[2025-04-13 10:24:29.154] [PSS] [info] [18992|7068]transport_client_tcp3.cpp:59 Start: server= 127.0.0.1:54000, local=0.0.0.0:0, this= 0x222cba4b190
[2025-04-13 10:24:31.199] [PSS] [info] [18992|31660]streaming_client_impl.cpp:62 NotifyConnectResult: network connect to service result= 10061, this= 0x2231bf65d30
[2025-04-13 10:24:31.199] [PSS] [error] [18992|31660]streaming_client_impl.cpp:64 NotifyConnectResult: connect to service network error= 10061, this= 0x2231bf65d30
[2025-04-13 10:24:31.199] [PSS] [error] [18992|7068]streaming_driver_interface_impl.cpp:332 NotifyClientConnectResult: connect to service failed, Network Error, this= 0x223a86e2500
[2025-04-13 10:24:31.199] [PSS] [error] [18992|31660]transport_client_tcp3.cpp:129 HandleConnect: connected error= 由于目标计算机积极拒绝，无法连接。, this= 0x222cba4b190
[2025-04-13 10:25:08.091] [PSS] [debug] [18992|20548]streaming_driver_interface_impl.cpp:19 StreamingDriverInterfaceImpl: callback= 0x223a8dc3430, this= 0x223a86e4910
[2025-04-13 10:25:08.091] [PSS] [error] [18992|20548]streaming_driver_interface_impl.cpp:115 SetTrackingOrigin: streaming not started, this= 0x223a86e4910
[2025-04-13 10:25:08.091] [PSS] [info] [18992|20548]streaming_driver_interface_impl.cpp:24 ConnectToService: connect to service, client_id= 4GfBm2a4BHox5xoi, this= 0x223a86e4910
[2025-04-13 10:25:08.091] [PSS] [info] [18992|20548]streaming_client_impl.cpp:25 ConnectToService: client_id= 4GfBm2a4BHox5xoi, name= 3D Engine, desp= StreamingSceneRender, this= 0x2233accf350
[2025-04-13 10:25:08.092] [PSS] [debug] [18992|30712]streaming_client_impl.cpp:137 InvokeConnectToService: connect to service through the network, port= 54000, this= 0x2233accf350
[2025-04-13 10:25:08.092] [PSS] [debug] [18992|30712]transport_client_tcp3.cpp:34 Start: buffer size(send\recv): 2097152\2097152, this= 0x222cba49f30
[2025-04-13 10:25:08.092] [PSS] [info] [18992|30712]transport_client_tcp3.cpp:59 Start: server= 127.0.0.1:54000, local=0.0.0.0:0, this= 0x222cba49f30
[2025-04-13 10:25:10.141] [PSS] [info] [18992|29608]streaming_client_impl.cpp:62 NotifyConnectResult: network connect to service result= 10061, this= 0x2233accf350
[2025-04-13 10:25:10.141] [PSS] [error] [18992|29608]streaming_client_impl.cpp:64 NotifyConnectResult: connect to service network error= 10061, this= 0x2233accf350
[2025-04-13 10:25:10.141] [PSS] [error] [18992|29608]transport_client_tcp3.cpp:129 HandleConnect: connected error= 由于目标计算机积极拒绝，无法连接。, this= 0x222cba49f30
[2025-04-13 10:25:10.141] [PSS] [error] [18992|30712]streaming_driver_interface_impl.cpp:332 NotifyClientConnectResult: connect to service failed, Network Error, this= 0x223a86e4910
[2025-04-13 10:25:27.308] [PSS] [debug] [18992|20548]streaming_driver_interface_impl.cpp:19 StreamingDriverInterfaceImpl: callback= 0x2231ac86120, this= 0x223a86e6d20
[2025-04-13 10:25:27.309] [PSS] [error] [18992|20548]streaming_driver_interface_impl.cpp:115 SetTrackingOrigin: streaming not started, this= 0x223a86e6d20
[2025-04-13 10:25:27.309] [PSS] [info] [18992|20548]streaming_driver_interface_impl.cpp:24 ConnectToService: connect to service, client_id= nabBx8PFhhcUJvox, this= 0x223a86e6d20
[2025-04-13 10:25:27.309] [PSS] [info] [18992|20548]streaming_client_impl.cpp:25 ConnectToService: client_id= nabBx8PFhhcUJvox, name= 3D Engine, desp= StreamingSceneRender, this= 0x223138ed1a0
[2025-04-13 10:25:27.309] [PSS] [debug] [18992|31432]streaming_client_impl.cpp:137 InvokeConnectToService: connect to service through the network, port= 54000, this= 0x223138ed1a0
[2025-04-13 10:25:27.309] [PSS] [debug] [18992|31432]transport_client_tcp3.cpp:34 Start: buffer size(send\recv): 2097152\2097152, this= 0x222cba49c90
[2025-04-13 10:25:27.309] [PSS] [info] [18992|31432]transport_client_tcp3.cpp:59 Start: server= 127.0.0.1:54000, local=0.0.0.0:0, this= 0x222cba49c90
[2025-04-13 10:25:29.350] [PSS] [info] [18992|23380]streaming_client_impl.cpp:62 NotifyConnectResult: network connect to service result= 10061, this= 0x223138ed1a0
[2025-04-13 10:25:29.350] [PSS] [error] [18992|23380]streaming_client_impl.cpp:64 NotifyConnectResult: connect to service network error= 10061, this= 0x223138ed1a0
[2025-04-13 10:25:29.350] [PSS] [error] [18992|23380]transport_client_tcp3.cpp:129 HandleConnect: connected error= 由于目标计算机积极拒绝，无法连接。, this= 0x222cba49c90
[2025-04-13 10:25:29.350] [PSS] [error] [18992|31432]streaming_driver_interface_impl.cpp:332 NotifyClientConnectResult: connect to service failed, Network Error, this= 0x223a86e6d20
[2025-04-13 10:25:39.261] [PSS] [debug] [18992|20548]streaming_driver_interface_impl.cpp:19 StreamingDriverInterfaceImpl: callback= 0x2231afb89d0, this= 0x223a86e4910
[2025-04-13 10:25:39.261] [PSS] [error] [18992|20548]streaming_driver_interface_impl.cpp:115 SetTrackingOrigin: streaming not started, this= 0x223a86e4910
[2025-04-13 10:25:39.261] [PSS] [info] [18992|20548]streaming_driver_interface_impl.cpp:24 ConnectToService: connect to service, client_id= TU1mOGbfUCBHKXAf, this= 0x223a86e4910
[2025-04-13 10:25:39.261] [PSS] [info] [18992|20548]streaming_client_impl.cpp:25 ConnectToService: client_id= TU1mOGbfUCBHKXAf, name= 3D Engine, desp= StreamingSceneRender, this= 0x223a0156420
[2025-04-13 10:25:39.261] [PSS] [debug] [18992|21172]streaming_client_impl.cpp:137 InvokeConnectToService: connect to service through the network, port= 54000, this= 0x223a0156420
[2025-04-13 10:25:39.261] [PSS] [debug] [18992|21172]transport_client_tcp3.cpp:34 Start: buffer size(send\recv): 2097152\2097152, this= 0x222cba49f30
[2025-04-13 10:25:39.261] [PSS] [info] [18992|21172]transport_client_tcp3.cpp:59 Start: server= 127.0.0.1:54000, local=0.0.0.0:0, this= 0x222cba49f30
[2025-04-13 10:25:41.303] [PSS] [info] [18992|22376]streaming_client_impl.cpp:62 NotifyConnectResult: network connect to service result= 10061, this= 0x223a0156420
[2025-04-13 10:25:41.303] [PSS] [error] [18992|22376]streaming_client_impl.cpp:64 NotifyConnectResult: connect to service network error= 10061, this= 0x223a0156420
[2025-04-13 10:25:41.303] [PSS] [error] [18992|22376]transport_client_tcp3.cpp:129 HandleConnect: connected error= 由于目标计算机积极拒绝，无法连接。, this= 0x222cba49f30
[2025-04-13 10:25:41.303] [PSS] [error] [18992|21172]streaming_driver_interface_impl.cpp:332 NotifyClientConnectResult: connect to service failed, Network Error, this= 0x223a86e4910
[2025-04-13 10:26:17.161] [PSS] [debug] [18992|20548]streaming_driver_interface_impl.cpp:19 StreamingDriverInterfaceImpl: callback= 0x22316e39700, this= 0x223a86e6d20
[2025-04-13 10:26:17.162] [PSS] [error] [18992|20548]streaming_driver_interface_impl.cpp:115 SetTrackingOrigin: streaming not started, this= 0x223a86e6d20
[2025-04-13 10:26:17.162] [PSS] [info] [18992|20548]streaming_driver_interface_impl.cpp:24 ConnectToService: connect to service, client_id= pxXS53vyylAeLbZY, this= 0x223a86e6d20
[2025-04-13 10:26:17.162] [PSS] [info] [18992|20548]streaming_client_impl.cpp:25 ConnectToService: client_id= pxXS53vyylAeLbZY, name= 3D Engine, desp= StreamingSceneRender, this= 0x223138ec5f0
[2025-04-13 10:26:17.162] [PSS] [debug] [18992|2124]streaming_client_impl.cpp:137 InvokeConnectToService: connect to service through the network, port= 54000, this= 0x223138ec5f0
[2025-04-13 10:26:17.162] [PSS] [debug] [18992|2124]transport_client_tcp3.cpp:34 Start: buffer size(send\recv): 2097152\2097152, this= 0x222cba4b190
[2025-04-13 10:26:17.162] [PSS] [info] [18992|2124]transport_client_tcp3.cpp:59 Start: server= 127.0.0.1:54000, local=0.0.0.0:0, this= 0x222cba4b190
[2025-04-13 10:26:19.197] [PSS] [info] [18992|8228]streaming_client_impl.cpp:62 NotifyConnectResult: network connect to service result= 10061, this= 0x223138ec5f0
[2025-04-13 10:26:19.197] [PSS] [error] [18992|8228]streaming_client_impl.cpp:64 NotifyConnectResult: connect to service network error= 10061, this= 0x223138ec5f0
[2025-04-13 10:26:19.197] [PSS] [error] [18992|8228]transport_client_tcp3.cpp:129 HandleConnect: connected error= 由于目标计算机积极拒绝，无法连接。, this= 0x222cba4b190
[2025-04-13 10:26:19.197] [PSS] [error] [18992|2124]streaming_driver_interface_impl.cpp:332 NotifyClientConnectResult: connect to service failed, Network Error, this= 0x223a86e6d20
[2025-04-13 10:26:56.175] [PSS] [debug] [18992|20548]streaming_driver_interface_impl.cpp:19 StreamingDriverInterfaceImpl: callback= 0x222a4e04c40, this= 0x223a86e00f0
[2025-04-13 10:26:56.175] [PSS] [error] [18992|20548]streaming_driver_interface_impl.cpp:115 SetTrackingOrigin: streaming not started, this= 0x223a86e00f0
[2025-04-13 10:26:56.175] [PSS] [info] [18992|20548]streaming_driver_interface_impl.cpp:24 ConnectToService: connect to service, client_id= NPGKTYhhc4me2vtO, this= 0x223a86e00f0
[2025-04-13 10:26:56.175] [PSS] [info] [18992|20548]streaming_client_impl.cpp:25 ConnectToService: client_id= NPGKTYhhc4me2vtO, name= 3D Engine, desp= StreamingSceneRender, this= 0x222ca9c22b0
[2025-04-13 10:26:56.175] [PSS] [debug] [18992|31044]streaming_client_impl.cpp:137 InvokeConnectToService: connect to service through the network, port= 54000, this= 0x222ca9c22b0
[2025-04-13 10:26:56.175] [PSS] [debug] [18992|31044]transport_client_tcp3.cpp:34 Start: buffer size(send\recv): 2097152\2097152, this= 0x222cba4a470
[2025-04-13 10:26:56.175] [PSS] [info] [18992|31044]transport_client_tcp3.cpp:59 Start: server= 127.0.0.1:54000, local=0.0.0.0:0, this= 0x222cba4a470
[2025-04-13 10:26:58.219] [PSS] [info] [18992|16280]streaming_client_impl.cpp:62 NotifyConnectResult: network connect to service result= 10061, this= 0x222ca9c22b0
[2025-04-13 10:26:58.219] [PSS] [error] [18992|16280]streaming_client_impl.cpp:64 NotifyConnectResult: connect to service network error= 10061, this= 0x222ca9c22b0
[2025-04-13 10:26:58.219] [PSS] [error] [18992|31044]streaming_driver_interface_impl.cpp:332 NotifyClientConnectResult: connect to service failed, Network Error, this= 0x223a86e00f0
[2025-04-13 10:26:58.219] [PSS] [error] [18992|16280]transport_client_tcp3.cpp:129 HandleConnect: connected error= 由于目标计算机积极拒绝，无法连接。, this= 0x222cba4a470
[2025-04-13 10:35:26.438] [PSS] [debug] [18992|20548]streaming_driver_interface_impl.cpp:19 StreamingDriverInterfaceImpl: callback= 0x2231d9d4db0, this= 0x223a86e6d20
[2025-04-13 10:35:26.438] [PSS] [error] [18992|20548]streaming_driver_interface_impl.cpp:115 SetTrackingOrigin: streaming not started, this= 0x223a86e6d20
[2025-04-13 10:35:26.438] [PSS] [info] [18992|20548]streaming_driver_interface_impl.cpp:24 ConnectToService: connect to service, client_id= 1Zf8zZSjRUhRPHGt, this= 0x223a86e6d20
[2025-04-13 10:35:26.438] [PSS] [info] [18992|20548]streaming_client_impl.cpp:25 ConnectToService: client_id= 1Zf8zZSjRUhRPHGt, name= 3D Engine, desp= StreamingSceneRender, this= 0x223a5ffd700
[2025-04-13 10:35:26.438] [PSS] [debug] [18992|27128]streaming_client_impl.cpp:137 InvokeConnectToService: connect to service through the network, port= 54000, this= 0x223a5ffd700
[2025-04-13 10:35:26.438] [PSS] [debug] [18992|27128]transport_client_tcp3.cpp:34 Start: buffer size(send\recv): 2097152\2097152, this= 0x222cba49c90
[2025-04-13 10:35:26.438] [PSS] [info] [18992|27128]transport_client_tcp3.cpp:59 Start: server= 127.0.0.1:54000, local=0.0.0.0:0, this= 0x222cba49c90
[2025-04-13 10:35:28.473] [PSS] [info] [18992|31016]streaming_client_impl.cpp:62 NotifyConnectResult: network connect to service result= 10061, this= 0x223a5ffd700
[2025-04-13 10:35:28.473] [PSS] [error] [18992|31016]streaming_client_impl.cpp:64 NotifyConnectResult: connect to service network error= 10061, this= 0x223a5ffd700
[2025-04-13 10:35:28.473] [PSS] [error] [18992|31016]transport_client_tcp3.cpp:129 HandleConnect: connected error= 由于目标计算机积极拒绝，无法连接。, this= 0x222cba49c90
[2025-04-13 10:35:28.473] [PSS] [error] [18992|27128]streaming_driver_interface_impl.cpp:332 NotifyClientConnectResult: connect to service failed, Network Error, this= 0x223a86e6d20
[2025-04-13 10:35:43.376] [PSS] [debug] [18992|20548]streaming_driver_interface_impl.cpp:19 StreamingDriverInterfaceImpl: callback= 0x2231a738dd0, this= 0x223a86e00f0
[2025-04-13 10:35:43.377] [PSS] [error] [18992|20548]streaming_driver_interface_impl.cpp:115 SetTrackingOrigin: streaming not started, this= 0x223a86e00f0
[2025-04-13 10:35:43.377] [PSS] [info] [18992|20548]streaming_driver_interface_impl.cpp:24 ConnectToService: connect to service, client_id= MGQhve6VHvvA1TCe, this= 0x223a86e00f0
[2025-04-13 10:35:43.377] [PSS] [info] [18992|20548]streaming_client_impl.cpp:25 ConnectToService: client_id= MGQhve6VHvvA1TCe, name= 3D Engine, desp= StreamingSceneRender, this= 0x2233accfdf0
[2025-04-13 10:35:43.377] [PSS] [debug] [18992|1316]streaming_client_impl.cpp:137 InvokeConnectToService: connect to service through the network, port= 54000, this= 0x2233accfdf0
[2025-04-13 10:35:43.377] [PSS] [debug] [18992|1316]transport_client_tcp3.cpp:34 Start: buffer size(send\recv): 2097152\2097152, this= 0x222cba49f30
[2025-04-13 10:35:43.377] [PSS] [info] [18992|1316]transport_client_tcp3.cpp:59 Start: server= 127.0.0.1:54000, local=0.0.0.0:0, this= 0x222cba49f30
[2025-04-13 10:35:45.398] [PSS] [info] [18992|20828]streaming_client_impl.cpp:62 NotifyConnectResult: network connect to service result= 10061, this= 0x2233accfdf0
[2025-04-13 10:35:45.398] [PSS] [error] [18992|20828]streaming_client_impl.cpp:64 NotifyConnectResult: connect to service network error= 10061, this= 0x2233accfdf0
[2025-04-13 10:35:45.398] [PSS] [error] [18992|20828]transport_client_tcp3.cpp:129 HandleConnect: connected error= 由于目标计算机积极拒绝，无法连接。, this= 0x222cba49f30
[2025-04-13 10:35:45.398] [PSS] [error] [18992|1316]streaming_driver_interface_impl.cpp:332 NotifyClientConnectResult: connect to service failed, Network Error, this= 0x223a86e00f0
[2025-04-13 10:35:51.632] [PSS] [debug] [18992|20548]streaming_driver_interface_impl.cpp:19 StreamingDriverInterfaceImpl: callback= 0x2231d860190, this= 0x223a86e9130
[2025-04-13 10:35:51.632] [PSS] [error] [18992|20548]streaming_driver_interface_impl.cpp:115 SetTrackingOrigin: streaming not started, this= 0x223a86e9130
[2025-04-13 10:35:51.632] [PSS] [info] [18992|20548]streaming_driver_interface_impl.cpp:24 ConnectToService: connect to service, client_id= jgRUTpjLykSn6xwX, this= 0x223a86e9130
[2025-04-13 10:35:51.632] [PSS] [info] [18992|20548]streaming_client_impl.cpp:25 ConnectToService: client_id= jgRUTpjLykSn6xwX, name= 3D Engine, desp= StreamingSceneRender, this= 0x2231d860b90
[2025-04-13 10:35:51.632] [PSS] [debug] [18992|15284]streaming_client_impl.cpp:137 InvokeConnectToService: connect to service through the network, port= 54000, this= 0x2231d860b90
[2025-04-13 10:35:51.633] [PSS] [debug] [18992|15284]transport_client_tcp3.cpp:34 Start: buffer size(send\recv): 2097152\2097152, this= 0x222cba4a710
[2025-04-13 10:35:51.633] [PSS] [info] [18992|15284]transport_client_tcp3.cpp:59 Start: server= 127.0.0.1:54000, local=0.0.0.0:0, this= 0x222cba4a710
[2025-04-13 10:35:53.687] [PSS] [info] [18992|5152]streaming_client_impl.cpp:62 NotifyConnectResult: network connect to service result= 10061, this= 0x2231d860b90
[2025-04-13 10:35:53.687] [PSS] [error] [18992|5152]streaming_client_impl.cpp:64 NotifyConnectResult: connect to service network error= 10061, this= 0x2231d860b90
[2025-04-13 10:35:53.687] [PSS] [error] [18992|5152]transport_client_tcp3.cpp:129 HandleConnect: connected error= 由于目标计算机积极拒绝，无法连接。, this= 0x222cba4a710
[2025-04-13 10:35:53.687] [PSS] [error] [18992|15284]streaming_driver_interface_impl.cpp:332 NotifyClientConnectResult: connect to service failed, Network Error, this= 0x223a86e9130
[2025-04-13 10:37:54.346] [PSS] [debug] [18992|20548]streaming_driver_interface_impl.cpp:19 StreamingDriverInterfaceImpl: callback= 0x223a0471780, this= 0x223a86e4910
[2025-04-13 10:37:54.347] [PSS] [error] [18992|20548]streaming_driver_interface_impl.cpp:115 SetTrackingOrigin: streaming not started, this= 0x223a86e4910
[2025-04-13 10:37:54.347] [PSS] [info] [18992|20548]streaming_driver_interface_impl.cpp:24 ConnectToService: connect to service, client_id= W9BJwkeRE1FgE9HA, this= 0x223a86e4910
[2025-04-13 10:37:54.347] [PSS] [info] [18992|20548]streaming_client_impl.cpp:25 ConnectToService: client_id= W9BJwkeRE1FgE9HA, name= 3D Engine, desp= StreamingSceneRender, this= 0x2233e502ea0
[2025-04-13 10:37:54.347] [PSS] [debug] [18992|27776]streaming_client_impl.cpp:137 InvokeConnectToService: connect to service through the network, port= 54000, this= 0x2233e502ea0
[2025-04-13 10:37:54.347] [PSS] [debug] [18992|27776]transport_client_tcp3.cpp:34 Start: buffer size(send\recv): 2097152\2097152, this= 0x222cba49c90
[2025-04-13 10:37:54.347] [PSS] [info] [18992|27776]transport_client_tcp3.cpp:59 Start: server= 127.0.0.1:54000, local=0.0.0.0:0, this= 0x222cba49c90
[2025-04-13 10:37:56.379] [PSS] [info] [18992|5344]streaming_client_impl.cpp:62 NotifyConnectResult: network connect to service result= 10061, this= 0x2233e502ea0
[2025-04-13 10:37:56.379] [PSS] [error] [18992|5344]streaming_client_impl.cpp:64 NotifyConnectResult: connect to service network error= 10061, this= 0x2233e502ea0
[2025-04-13 10:37:56.379] [PSS] [error] [18992|5344]transport_client_tcp3.cpp:129 HandleConnect: connected error= 由于目标计算机积极拒绝，无法连接。, this= 0x222cba49c90
[2025-04-13 10:37:56.379] [PSS] [error] [18992|27776]streaming_driver_interface_impl.cpp:332 NotifyClientConnectResult: connect to service failed, Network Error, this= 0x223a86e4910
[2025-04-13 10:38:06.646] [PSS] [debug] [18992|20548]streaming_driver_interface_impl.cpp:19 StreamingDriverInterfaceImpl: callback= 0x220c0a736e0, this= 0x223a86e6d20
[2025-04-13 10:38:06.646] [PSS] [error] [18992|20548]streaming_driver_interface_impl.cpp:115 SetTrackingOrigin: streaming not started, this= 0x223a86e6d20
[2025-04-13 10:38:06.646] [PSS] [info] [18992|20548]streaming_driver_interface_impl.cpp:24 ConnectToService: connect to service, client_id= aD5Gc7wwwLrC7EJa, this= 0x223a86e6d20
[2025-04-13 10:38:06.646] [PSS] [info] [18992|20548]streaming_client_impl.cpp:25 ConnectToService: client_id= aD5Gc7wwwLrC7EJa, name= 3D Engine, desp= StreamingSceneRender, this= 0x2233accf9b0
[2025-04-13 10:38:06.647] [PSS] [debug] [18992|4868]streaming_client_impl.cpp:137 InvokeConnectToService: connect to service through the network, port= 54000, this= 0x2233accf9b0
[2025-04-13 10:38:06.647] [PSS] [debug] [18992|4868]transport_client_tcp3.cpp:34 Start: buffer size(send\recv): 2097152\2097152, this= 0x222cba4a470
[2025-04-13 10:38:06.647] [PSS] [info] [18992|4868]transport_client_tcp3.cpp:59 Start: server= 127.0.0.1:54000, local=0.0.0.0:0, this= 0x222cba4a470
[2025-04-13 10:38:08.680] [PSS] [info] [18992|31212]streaming_client_impl.cpp:62 NotifyConnectResult: network connect to service result= 10061, this= 0x2233accf9b0
[2025-04-13 10:38:08.680] [PSS] [error] [18992|31212]streaming_client_impl.cpp:64 NotifyConnectResult: connect to service network error= 10061, this= 0x2233accf9b0
[2025-04-13 10:38:08.680] [PSS] [error] [18992|4868]streaming_driver_interface_impl.cpp:332 NotifyClientConnectResult: connect to service failed, Network Error, this= 0x223a86e6d20
[2025-04-13 10:38:08.680] [PSS] [error] [18992|31212]transport_client_tcp3.cpp:129 HandleConnect: connected error= 由于目标计算机积极拒绝，无法连接。, this= 0x222cba4a470
[2025-04-13 10:39:32.334] [PSS] [debug] [18992|20548]streaming_driver_interface_impl.cpp:19 StreamingDriverInterfaceImpl: callback= 0x222eca86580, this= 0x223a86e2500
[2025-04-13 10:39:32.335] [PSS] [error] [18992|20548]streaming_driver_interface_impl.cpp:115 SetTrackingOrigin: streaming not started, this= 0x223a86e2500
[2025-04-13 10:39:32.335] [PSS] [info] [18992|20548]streaming_driver_interface_impl.cpp:24 ConnectToService: connect to service, client_id= QJUZwUJgZmwVyqg4, this= 0x223a86e2500
[2025-04-13 10:39:32.335] [PSS] [info] [18992|20548]streaming_client_impl.cpp:25 ConnectToService: client_id= QJUZwUJgZmwVyqg4, name= 3D Engine, desp= StreamingSceneRender, this= 0x2232bea1080
[2025-04-13 10:39:32.335] [PSS] [debug] [18992|31756]streaming_client_impl.cpp:137 InvokeConnectToService: connect to service through the network, port= 54000, this= 0x2232bea1080
[2025-04-13 10:39:32.335] [PSS] [debug] [18992|31756]transport_client_tcp3.cpp:34 Start: buffer size(send\recv): 2097152\2097152, this= 0x222cba49c90
[2025-04-13 10:39:32.335] [PSS] [info] [18992|31756]transport_client_tcp3.cpp:59 Start: server= 127.0.0.1:54000, local=0.0.0.0:0, this= 0x222cba49c90
[2025-04-13 10:39:34.381] [PSS] [info] [18992|31760]streaming_client_impl.cpp:62 NotifyConnectResult: network connect to service result= 10061, this= 0x2232bea1080
[2025-04-13 10:39:34.381] [PSS] [error] [18992|31760]streaming_client_impl.cpp:64 NotifyConnectResult: connect to service network error= 10061, this= 0x2232bea1080
[2025-04-13 10:39:34.381] [PSS] [error] [18992|31756]streaming_driver_interface_impl.cpp:332 NotifyClientConnectResult: connect to service failed, Network Error, this= 0x223a86e2500
[2025-04-13 10:39:34.382] [PSS] [error] [18992|31760]transport_client_tcp3.cpp:129 HandleConnect: connected error= 由于目标计算机积极拒绝，无法连接。, this= 0x222cba49c90
[2025-04-13 10:49:07.738] [PSS] [debug] [18992|20548]streaming_driver_interface_impl.cpp:19 StreamingDriverInterfaceImpl: callback= 0x2231d062790, this= 0x223a86e00f0
[2025-04-13 10:49:07.739] [PSS] [error] [18992|20548]streaming_driver_interface_impl.cpp:115 SetTrackingOrigin: streaming not started, this= 0x223a86e00f0
[2025-04-13 10:49:07.739] [PSS] [info] [18992|20548]streaming_driver_interface_impl.cpp:24 ConnectToService: connect to service, client_id= xOGbSIEEn5Knhflj, this= 0x223a86e00f0
[2025-04-13 10:49:07.739] [PSS] [info] [18992|20548]streaming_client_impl.cpp:25 ConnectToService: client_id= xOGbSIEEn5Knhflj, name= 3D Engine, desp= StreamingSceneRender, this= 0x223a6783730
[2025-04-13 10:49:07.739] [PSS] [debug] [18992|7568]streaming_client_impl.cpp:137 InvokeConnectToService: connect to service through the network, port= 54000, this= 0x223a6783730
[2025-04-13 10:49:07.739] [PSS] [debug] [18992|7568]transport_client_tcp3.cpp:34 Start: buffer size(send\recv): 2097152\2097152, this= 0x222cba49f30
[2025-04-13 10:49:07.739] [PSS] [info] [18992|7568]transport_client_tcp3.cpp:59 Start: server= 127.0.0.1:54000, local=0.0.0.0:0, this= 0x222cba49f30
[2025-04-13 10:49:09.764] [PSS] [info] [18992|32220]streaming_client_impl.cpp:62 NotifyConnectResult: network connect to service result= 10061, this= 0x223a6783730
[2025-04-13 10:49:09.764] [PSS] [error] [18992|32220]streaming_client_impl.cpp:64 NotifyConnectResult: connect to service network error= 10061, this= 0x223a6783730
[2025-04-13 10:49:09.764] [PSS] [error] [18992|32220]transport_client_tcp3.cpp:129 HandleConnect: connected error= 由于目标计算机积极拒绝，无法连接。, this= 0x222cba49f30
[2025-04-13 10:49:09.764] [PSS] [error] [18992|7568]streaming_driver_interface_impl.cpp:332 NotifyClientConnectResult: connect to service failed, Network Error, this= 0x223a86e00f0
[2025-04-13 10:49:28.001] [PSS] [debug] [18992|20548]streaming_driver_interface_impl.cpp:19 StreamingDriverInterfaceImpl: callback= 0x223171b7ba0, this= 0x223a86e9130
[2025-04-13 10:49:28.002] [PSS] [error] [18992|20548]streaming_driver_interface_impl.cpp:115 SetTrackingOrigin: streaming not started, this= 0x223a86e9130
[2025-04-13 10:49:28.002] [PSS] [info] [18992|20548]streaming_driver_interface_impl.cpp:24 ConnectToService: connect to service, client_id= ILI3hvo5PZUj1dQm, this= 0x223a86e9130
[2025-04-13 10:49:28.002] [PSS] [info] [18992|20548]streaming_client_impl.cpp:25 ConnectToService: client_id= ILI3hvo5PZUj1dQm, name= 3D Engine, desp= StreamingSceneRender, this= 0x2233a6745e0
[2025-04-13 10:49:28.002] [PSS] [debug] [18992|31376]streaming_client_impl.cpp:137 InvokeConnectToService: connect to service through the network, port= 54000, this= 0x2233a6745e0
[2025-04-13 10:49:28.002] [PSS] [debug] [18992|31376]transport_client_tcp3.cpp:34 Start: buffer size(send\recv): 2097152\2097152, this= 0x222cba4a470
[2025-04-13 10:49:28.002] [PSS] [info] [18992|31376]transport_client_tcp3.cpp:59 Start: server= 127.0.0.1:54000, local=0.0.0.0:0, this= 0x222cba4a470
[2025-04-13 10:49:30.037] [PSS] [info] [18992|30836]streaming_client_impl.cpp:62 NotifyConnectResult: network connect to service result= 10061, this= 0x2233a6745e0
[2025-04-13 10:49:30.037] [PSS] [error] [18992|30836]streaming_client_impl.cpp:64 NotifyConnectResult: connect to service network error= 10061, this= 0x2233a6745e0
[2025-04-13 10:49:30.037] [PSS] [error] [18992|30836]transport_client_tcp3.cpp:129 HandleConnect: connected error= 由于目标计算机积极拒绝，无法连接。, this= 0x222cba4a470
[2025-04-13 10:49:30.037] [PSS] [error] [18992|31376]streaming_driver_interface_impl.cpp:332 NotifyClientConnectResult: connect to service failed, Network Error, this= 0x223a86e9130
[2025-04-13 12:26:34.683] [PSS] [debug] [18992|20548]streaming_driver_interface_impl.cpp:19 StreamingDriverInterfaceImpl: callback= 0x222ed13f500, this= 0x223a86e2500
[2025-04-13 12:26:34.684] [PSS] [error] [18992|20548]streaming_driver_interface_impl.cpp:115 SetTrackingOrigin: streaming not started, this= 0x223a86e2500
[2025-04-13 12:26:34.684] [PSS] [info] [18992|20548]streaming_driver_interface_impl.cpp:24 ConnectToService: connect to service, client_id= xnP3Vw64reAyWiuM, this= 0x223a86e2500
[2025-04-13 12:26:34.684] [PSS] [info] [18992|20548]streaming_client_impl.cpp:25 ConnectToService: client_id= xnP3Vw64reAyWiuM, name= 3D Engine, desp= StreamingSceneRender, this= 0x223a0cc53d0
[2025-04-13 12:26:34.684] [PSS] [debug] [18992|11448]streaming_client_impl.cpp:137 InvokeConnectToService: connect to service through the network, port= 54000, this= 0x223a0cc53d0
[2025-04-13 12:26:34.684] [PSS] [debug] [18992|11448]transport_client_tcp3.cpp:34 Start: buffer size(send\recv): 2097152\2097152, this= 0x22316b0c7d0
[2025-04-13 12:26:34.684] [PSS] [info] [18992|11448]transport_client_tcp3.cpp:59 Start: server= 127.0.0.1:54000, local=0.0.0.0:0, this= 0x22316b0c7d0
[2025-04-13 12:26:36.727] [PSS] [info] [18992|36304]streaming_client_impl.cpp:62 NotifyConnectResult: network connect to service result= 10061, this= 0x223a0cc53d0
[2025-04-13 12:26:36.727] [PSS] [error] [18992|36304]streaming_client_impl.cpp:64 NotifyConnectResult: connect to service network error= 10061, this= 0x223a0cc53d0
[2025-04-13 12:26:36.727] [PSS] [error] [18992|36304]transport_client_tcp3.cpp:129 HandleConnect: connected error= 由于目标计算机积极拒绝，无法连接。, this= 0x22316b0c7d0
[2025-04-13 12:26:36.728] [PSS] [error] [18992|11448]streaming_driver_interface_impl.cpp:332 NotifyClientConnectResult: connect to service failed, Network Error, this= 0x223a86e2500
[2025-04-13 16:34:10.182] [PSS] [info] ***********  Log Begin **********
[2025-04-13 16:34:10.182] [PSS] [info] process id= 10716
[2025-04-13 16:34:10.182] [PSS] [debug] [10716|36376]streaming_driver_interface_impl.cpp:19 StreamingDriverInterfaceImpl: callback= 0x1e79d74c8a0, this= 0x1e7eb48fd00
[2025-04-13 16:34:10.182] [PSS] [error] [10716|36376]streaming_driver_interface_impl.cpp:115 SetTrackingOrigin: streaming not started, this= 0x1e7eb48fd00
[2025-04-13 16:34:10.182] [PSS] [info] [10716|36376]streaming_driver_interface_impl.cpp:24 ConnectToService: connect to service, client_id= LYLHoc8ZFbvCyb3Q, this= 0x1e7eb48fd00
[2025-04-13 16:34:10.182] [PSS] [info] [10716|36376]streaming_client_impl.cpp:25 ConnectToService: client_id= LYLHoc8ZFbvCyb3Q, name= 3D Engine, desp= StreamingSceneRender, this= 0x1e5a07cf9f0
[2025-04-13 16:34:10.183] [PSS] [debug] [10716|12624]streaming_client_impl.cpp:137 InvokeConnectToService: connect to service through the network, port= 54000, this= 0x1e5a07cf9f0
[2025-04-13 16:34:10.183] [PSS] [debug] [10716|12624]transport_client_tcp3.cpp:34 Start: buffer size(send\recv): 2097152\2097152, this= 0x1e7c0fff870
[2025-04-13 16:34:10.183] [PSS] [info] [10716|12624]transport_client_tcp3.cpp:59 Start: server= 127.0.0.1:54000, local=0.0.0.0:0, this= 0x1e7c0fff870
[2025-04-13 16:34:12.228] [PSS] [info] [10716|5408]streaming_client_impl.cpp:62 NotifyConnectResult: network connect to service result= 10061, this= 0x1e5a07cf9f0
[2025-04-13 16:34:12.228] [PSS] [error] [10716|5408]streaming_client_impl.cpp:64 NotifyConnectResult: connect to service network error= 10061, this= 0x1e5a07cf9f0
[2025-04-13 16:34:12.228] [PSS] [error] [10716|12624]streaming_driver_interface_impl.cpp:332 NotifyClientConnectResult: connect to service failed, Network Error, this= 0x1e7eb48fd00
[2025-04-13 16:34:12.228] [PSS] [error] [10716|5408]transport_client_tcp3.cpp:129 HandleConnect: connected error= 由于目标计算机积极拒绝，无法连接。, this= 0x1e7c0fff870
[2025-04-13 19:10:44.909] [PSS] [info] ***********  Log Begin **********
[2025-04-13 19:10:44.909] [PSS] [info] process id= 32616
[2025-04-13 19:10:44.909] [PSS] [debug] [32616|17288]streaming_driver_interface_impl.cpp:19 StreamingDriverInterfaceImpl: callback= 0x1c82ee5a8d0, this= 0x1ca29fdac30
[2025-04-13 19:10:44.909] [PSS] [error] [32616|17288]streaming_driver_interface_impl.cpp:115 SetTrackingOrigin: streaming not started, this= 0x1ca29fdac30
[2025-04-13 19:10:44.909] [PSS] [info] [32616|17288]streaming_driver_interface_impl.cpp:24 ConnectToService: connect to service, client_id= ucRBNGFNM1O4yPf6, this= 0x1ca29fdac30
[2025-04-13 19:10:44.909] [PSS] [info] [32616|17288]streaming_client_impl.cpp:25 ConnectToService: client_id= ucRBNGFNM1O4yPf6, name= 3D Engine, desp= StreamingSceneRender, this= 0x1c82e8b59a0
[2025-04-13 19:10:44.909] [PSS] [debug] [32616|19148]streaming_client_impl.cpp:137 InvokeConnectToService: connect to service through the network, port= 54000, this= 0x1c82e8b59a0
[2025-04-13 19:10:44.910] [PSS] [debug] [32616|19148]transport_client_tcp3.cpp:34 Start: buffer size(send\recv): 2097152\2097152, this= 0x1c82e8e3b70
[2025-04-13 19:10:44.910] [PSS] [info] [32616|19148]transport_client_tcp3.cpp:59 Start: server= 127.0.0.1:54000, local=0.0.0.0:0, this= 0x1c82e8e3b70
[2025-04-13 19:10:46.968] [PSS] [info] [32616|30780]streaming_client_impl.cpp:62 NotifyConnectResult: network connect to service result= 10061, this= 0x1c82e8b59a0
[2025-04-13 19:10:46.968] [PSS] [error] [32616|30780]streaming_client_impl.cpp:64 NotifyConnectResult: connect to service network error= 10061, this= 0x1c82e8b59a0
[2025-04-13 19:10:46.968] [PSS] [error] [32616|19148]streaming_driver_interface_impl.cpp:332 NotifyClientConnectResult: connect to service failed, Network Error, this= 0x1ca29fdac30
[2025-04-13 19:10:46.968] [PSS] [error] [32616|30780]transport_client_tcp3.cpp:129 HandleConnect: connected error= 由于目标计算机积极拒绝，无法连接。, this= 0x1c82e8e3b70
[2025-04-13 19:38:14.370] [PSS] [debug] [32616|17288]streaming_driver_interface_impl.cpp:19 StreamingDriverInterfaceImpl: callback= 0x1c82ee5da30, this= 0x1ca9b3ea020
[2025-04-13 19:38:14.372] [PSS] [error] [32616|17288]streaming_driver_interface_impl.cpp:115 SetTrackingOrigin: streaming not started, this= 0x1ca9b3ea020
[2025-04-13 19:38:14.372] [PSS] [info] [32616|17288]streaming_driver_interface_impl.cpp:24 ConnectToService: connect to service, client_id= 5YV7ZkhMlo3fJ2pc, this= 0x1ca9b3ea020
[2025-04-13 19:38:14.372] [PSS] [info] [32616|17288]streaming_client_impl.cpp:25 ConnectToService: client_id= 5YV7ZkhMlo3fJ2pc, name= 3D Engine, desp= StreamingSceneRender, this= 0x1c82e8b5de0
[2025-04-13 19:38:14.372] [PSS] [debug] [32616|21852]streaming_client_impl.cpp:137 InvokeConnectToService: connect to service through the network, port= 54000, this= 0x1c82e8b5de0
[2025-04-13 19:38:14.372] [PSS] [debug] [32616|21852]transport_client_tcp3.cpp:34 Start: buffer size(send\recv): 2097152\2097152, this= 0x1ca4d2b1df0
[2025-04-13 19:38:14.372] [PSS] [info] [32616|21852]transport_client_tcp3.cpp:59 Start: server= 127.0.0.1:54000, local=0.0.0.0:0, this= 0x1ca4d2b1df0
[2025-04-13 19:38:16.417] [PSS] [info] [32616|13368]streaming_client_impl.cpp:62 NotifyConnectResult: network connect to service result= 10061, this= 0x1c82e8b5de0
[2025-04-13 19:38:16.417] [PSS] [error] [32616|13368]streaming_client_impl.cpp:64 NotifyConnectResult: connect to service network error= 10061, this= 0x1c82e8b5de0
[2025-04-13 19:38:16.417] [PSS] [error] [32616|21852]streaming_driver_interface_impl.cpp:332 NotifyClientConnectResult: connect to service failed, Network Error, this= 0x1ca9b3ea020
[2025-04-13 19:38:16.417] [PSS] [error] [32616|13368]transport_client_tcp3.cpp:129 HandleConnect: connected error= 由于目标计算机积极拒绝，无法连接。, this= 0x1ca4d2b1df0
[2025-04-13 20:07:38.798] [PSS] [debug] [32616|17288]streaming_driver_interface_impl.cpp:19 StreamingDriverInterfaceImpl: callback= 0x1c82e8737c0, this= 0x1cb27818c10
[2025-04-13 20:07:38.799] [PSS] [error] [32616|17288]streaming_driver_interface_impl.cpp:115 SetTrackingOrigin: streaming not started, this= 0x1cb27818c10
[2025-04-13 20:07:38.799] [PSS] [info] [32616|17288]streaming_driver_interface_impl.cpp:24 ConnectToService: connect to service, client_id= yrEgTdSwdJ1vl7AW, this= 0x1cb27818c10
[2025-04-13 20:07:38.799] [PSS] [info] [32616|17288]streaming_client_impl.cpp:25 ConnectToService: client_id= yrEgTdSwdJ1vl7AW, name= 3D Engine, desp= StreamingSceneRender, this= 0x1ca9b47cf50
[2025-04-13 20:07:38.799] [PSS] [debug] [32616|36712]streaming_client_impl.cpp:137 InvokeConnectToService: connect to service through the network, port= 54000, this= 0x1ca9b47cf50
[2025-04-13 20:07:38.799] [PSS] [debug] [32616|36712]transport_client_tcp3.cpp:34 Start: buffer size(send\recv): 2097152\2097152, this= 0x1c82e8e3390
[2025-04-13 20:07:38.799] [PSS] [info] [32616|36712]transport_client_tcp3.cpp:59 Start: server= 127.0.0.1:54000, local=0.0.0.0:0, this= 0x1c82e8e3390
[2025-04-13 20:07:40.828] [PSS] [info] [32616|2020]streaming_client_impl.cpp:62 NotifyConnectResult: network connect to service result= 10061, this= 0x1ca9b47cf50
[2025-04-13 20:07:40.828] [PSS] [error] [32616|2020]streaming_client_impl.cpp:64 NotifyConnectResult: connect to service network error= 10061, this= 0x1ca9b47cf50
[2025-04-13 20:07:40.828] [PSS] [error] [32616|36712]streaming_driver_interface_impl.cpp:332 NotifyClientConnectResult: connect to service failed, Network Error, this= 0x1cb27818c10
[2025-04-13 20:07:40.828] [PSS] [error] [32616|2020]transport_client_tcp3.cpp:129 HandleConnect: connected error= 由于目标计算机积极拒绝，无法连接。, this= 0x1c82e8e3390
[2025-04-13 20:08:43.350] [PSS] [debug] [32616|17288]streaming_driver_interface_impl.cpp:19 StreamingDriverInterfaceImpl: callback= 0x1ca78c4b9d0, this= 0x1c82cae8080
[2025-04-13 20:08:43.350] [PSS] [error] [32616|17288]streaming_driver_interface_impl.cpp:115 SetTrackingOrigin: streaming not started, this= 0x1c82cae8080
[2025-04-13 20:08:43.350] [PSS] [info] [32616|17288]streaming_driver_interface_impl.cpp:24 ConnectToService: connect to service, client_id= M64YZ1hCItf1y4oj, this= 0x1c82cae8080
[2025-04-13 20:08:43.350] [PSS] [info] [32616|17288]streaming_client_impl.cpp:25 ConnectToService: client_id= M64YZ1hCItf1y4oj, name= 3D Engine, desp= StreamingSceneRender, this= 0x1c8238ae7e0
[2025-04-13 20:08:43.350] [PSS] [debug] [32616|33204]streaming_client_impl.cpp:137 InvokeConnectToService: connect to service through the network, port= 54000, this= 0x1c8238ae7e0
[2025-04-13 20:08:43.351] [PSS] [debug] [32616|33204]transport_client_tcp3.cpp:34 Start: buffer size(send\recv): 2097152\2097152, this= 0x1c82e8e3b70
[2025-04-13 20:08:43.351] [PSS] [info] [32616|33204]transport_client_tcp3.cpp:59 Start: server= 127.0.0.1:54000, local=0.0.0.0:0, this= 0x1c82e8e3b70
[2025-04-13 20:08:45.394] [PSS] [info] [32616|14804]streaming_client_impl.cpp:62 NotifyConnectResult: network connect to service result= 10061, this= 0x1c8238ae7e0
[2025-04-13 20:08:45.394] [PSS] [error] [32616|14804]streaming_client_impl.cpp:64 NotifyConnectResult: connect to service network error= 10061, this= 0x1c8238ae7e0
[2025-04-13 20:08:45.394] [PSS] [error] [32616|33204]streaming_driver_interface_impl.cpp:332 NotifyClientConnectResult: connect to service failed, Network Error, this= 0x1c82cae8080
[2025-04-13 20:08:45.394] [PSS] [error] [32616|14804]transport_client_tcp3.cpp:129 HandleConnect: connected error= 由于目标计算机积极拒绝，无法连接。, this= 0x1c82e8e3b70
[2025-04-13 20:09:54.114] [PSS] [debug] [32616|17288]streaming_driver_interface_impl.cpp:19 StreamingDriverInterfaceImpl: callback= 0x1cb457e5f00, this= 0x1c82caea490
[2025-04-13 20:09:54.115] [PSS] [error] [32616|17288]streaming_driver_interface_impl.cpp:115 SetTrackingOrigin: streaming not started, this= 0x1c82caea490
[2025-04-13 20:09:54.115] [PSS] [info] [32616|17288]streaming_driver_interface_impl.cpp:24 ConnectToService: connect to service, client_id= qZy7Eh4lerHgOXVR, this= 0x1c82caea490
[2025-04-13 20:09:54.115] [PSS] [info] [32616|17288]streaming_client_impl.cpp:25 ConnectToService: client_id= qZy7Eh4lerHgOXVR, name= 3D Engine, desp= StreamingSceneRender, this= 0x1c82e34d070
[2025-04-13 20:09:54.115] [PSS] [debug] [32616|31372]streaming_client_impl.cpp:137 InvokeConnectToService: connect to service through the network, port= 54000, this= 0x1c82e34d070
[2025-04-13 20:09:54.115] [PSS] [debug] [32616|31372]transport_client_tcp3.cpp:34 Start: buffer size(send\recv): 2097152\2097152, this= 0x1c82e8e3e10
[2025-04-13 20:09:54.116] [PSS] [info] [32616|31372]transport_client_tcp3.cpp:59 Start: server= 127.0.0.1:54000, local=0.0.0.0:0, this= 0x1c82e8e3e10
[2025-04-13 20:09:56.169] [PSS] [info] [32616|27708]streaming_client_impl.cpp:62 NotifyConnectResult: network connect to service result= 10061, this= 0x1c82e34d070
[2025-04-13 20:09:56.169] [PSS] [error] [32616|27708]streaming_client_impl.cpp:64 NotifyConnectResult: connect to service network error= 10061, this= 0x1c82e34d070
[2025-04-13 20:09:56.169] [PSS] [error] [32616|31372]streaming_driver_interface_impl.cpp:332 NotifyClientConnectResult: connect to service failed, Network Error, this= 0x1c82caea490
[2025-04-13 20:09:56.169] [PSS] [error] [32616|27708]transport_client_tcp3.cpp:129 HandleConnect: connected error= 由于目标计算机积极拒绝，无法连接。, this= 0x1c82e8e3e10
[2025-04-13 20:10:52.001] [PSS] [debug] [32616|17288]streaming_driver_interface_impl.cpp:19 StreamingDriverInterfaceImpl: callback= 0x1c82e928b30, this= 0x1c82caec8a0
[2025-04-13 20:10:52.002] [PSS] [error] [32616|17288]streaming_driver_interface_impl.cpp:115 SetTrackingOrigin: streaming not started, this= 0x1c82caec8a0
[2025-04-13 20:10:52.002] [PSS] [info] [32616|17288]streaming_driver_interface_impl.cpp:24 ConnectToService: connect to service, client_id= tfTQNaecxPX8fZkh, this= 0x1c82caec8a0
[2025-04-13 20:10:52.002] [PSS] [info] [32616|17288]streaming_client_impl.cpp:25 ConnectToService: client_id= tfTQNaecxPX8fZkh, name= 3D Engine, desp= StreamingSceneRender, this= 0x1c823581b40
[2025-04-13 20:10:52.002] [PSS] [debug] [32616|36328]streaming_client_impl.cpp:137 InvokeConnectToService: connect to service through the network, port= 54000, this= 0x1c823581b40
[2025-04-13 20:10:52.002] [PSS] [debug] [32616|36328]transport_client_tcp3.cpp:34 Start: buffer size(send\recv): 2097152\2097152, this= 0x1ca4d2b1610
[2025-04-13 20:10:52.003] [PSS] [info] [32616|36328]transport_client_tcp3.cpp:59 Start: server= 127.0.0.1:54000, local=0.0.0.0:0, this= 0x1ca4d2b1610
[2025-04-13 20:10:54.057] [PSS] [info] [32616|15392]streaming_client_impl.cpp:62 NotifyConnectResult: network connect to service result= 10061, this= 0x1c823581b40
[2025-04-13 20:10:54.057] [PSS] [error] [32616|15392]streaming_client_impl.cpp:64 NotifyConnectResult: connect to service network error= 10061, this= 0x1c823581b40
[2025-04-13 20:10:54.057] [PSS] [error] [32616|36328]streaming_driver_interface_impl.cpp:332 NotifyClientConnectResult: connect to service failed, Network Error, this= 0x1c82caec8a0
[2025-04-13 20:10:54.057] [PSS] [error] [32616|15392]transport_client_tcp3.cpp:129 HandleConnect: connected error= 由于目标计算机积极拒绝，无法连接。, this= 0x1ca4d2b1610
[2025-04-13 21:38:52.334] [PSS] [info] ***********  Log Begin **********
[2025-04-13 21:38:52.334] [PSS] [info] process id= 14620
[2025-04-13 21:38:52.334] [PSS] [debug] [14620|34532]streaming_driver_interface_impl.cpp:19 StreamingDriverInterfaceImpl: callback= 0x1fd7c4c45e0, this= 0x1fe2b99e2c0
[2025-04-13 21:38:52.334] [PSS] [error] [14620|34532]streaming_driver_interface_impl.cpp:115 SetTrackingOrigin: streaming not started, this= 0x1fe2b99e2c0
[2025-04-13 21:38:52.334] [PSS] [info] [14620|34532]streaming_driver_interface_impl.cpp:24 ConnectToService: connect to service, client_id= DwegtshIov2R7R58, this= 0x1fe2b99e2c0
[2025-04-13 21:38:52.334] [PSS] [info] [14620|34532]streaming_client_impl.cpp:25 ConnectToService: client_id= DwegtshIov2R7R58, name= 3D Engine, desp= StreamingSceneRender, this= 0x1fe4d217780
[2025-04-13 21:38:52.335] [PSS] [debug] [14620|25820]streaming_client_impl.cpp:137 InvokeConnectToService: connect to service through the network, port= 54000, this= 0x1fe4d217780
[2025-04-13 21:38:52.335] [PSS] [debug] [14620|25820]transport_client_tcp3.cpp:34 Start: buffer size(send\recv): 2097152\2097152, this= 0x1fd71fa8260
[2025-04-13 21:38:52.335] [PSS] [info] [14620|25820]transport_client_tcp3.cpp:59 Start: server= 127.0.0.1:54000, local=0.0.0.0:0, this= 0x1fd71fa8260
[2025-04-13 21:38:54.365] [PSS] [info] [14620|33524]streaming_client_impl.cpp:62 NotifyConnectResult: network connect to service result= 10061, this= 0x1fe4d217780
[2025-04-13 21:38:54.365] [PSS] [error] [14620|33524]streaming_client_impl.cpp:64 NotifyConnectResult: connect to service network error= 10061, this= 0x1fe4d217780
[2025-04-13 21:38:54.365] [PSS] [error] [14620|25820]streaming_driver_interface_impl.cpp:332 NotifyClientConnectResult: connect to service failed, Network Error, this= 0x1fe2b99e2c0
[2025-04-13 21:38:54.365] [PSS] [error] [14620|33524]transport_client_tcp3.cpp:129 HandleConnect: connected error= 由于目标计算机积极拒绝，无法连接。, this= 0x1fd71fa8260
[2025-04-14 20:53:43.019] [PSS] [info] ***********  Log Begin **********
[2025-04-14 20:53:43.019] [PSS] [info] process id= 2436
[2025-04-14 20:53:43.019] [PSS] [debug] [2436|13228]streaming_driver_interface_impl.cpp:19 StreamingDriverInterfaceImpl: callback= 0x1fa40aedd70, this= 0x1fa8f8e74b0
[2025-04-14 20:53:43.019] [PSS] [error] [2436|13228]streaming_driver_interface_impl.cpp:115 SetTrackingOrigin: streaming not started, this= 0x1fa8f8e74b0
[2025-04-14 20:53:43.019] [PSS] [info] [2436|13228]streaming_driver_interface_impl.cpp:24 ConnectToService: connect to service, client_id= HwiAtdxI3O1951x6, this= 0x1fa8f8e74b0
[2025-04-14 20:53:43.019] [PSS] [info] [2436|13228]streaming_client_impl.cpp:25 ConnectToService: client_id= HwiAtdxI3O1951x6, name= 3D Engine, desp= StreamingSceneRender, this= 0x1fa415d28e0
[2025-04-14 20:53:43.019] [PSS] [debug] [2436|24100]streaming_client_impl.cpp:137 InvokeConnectToService: connect to service through the network, port= 54000, this= 0x1fa415d28e0
[2025-04-14 20:53:43.019] [PSS] [debug] [2436|24100]transport_client_tcp3.cpp:34 Start: buffer size(send\recv): 2097152\2097152, this= 0x1fa1b09cef0
[2025-04-14 20:53:43.019] [PSS] [info] [2436|24100]transport_client_tcp3.cpp:59 Start: server= 127.0.0.1:54000, local=0.0.0.0:0, this= 0x1fa1b09cef0
[2025-04-14 20:53:45.035] [PSS] [info] [2436|3688]streaming_client_impl.cpp:62 NotifyConnectResult: network connect to service result= 10061, this= 0x1fa415d28e0
[2025-04-14 20:53:45.035] [PSS] [error] [2436|3688]streaming_client_impl.cpp:64 NotifyConnectResult: connect to service network error= 10061, this= 0x1fa415d28e0
[2025-04-14 20:53:45.035] [PSS] [error] [2436|24100]streaming_driver_interface_impl.cpp:332 NotifyClientConnectResult: connect to service failed, Network Error, this= 0x1fa8f8e74b0
[2025-04-14 20:53:45.035] [PSS] [error] [2436|3688]transport_client_tcp3.cpp:129 HandleConnect: connected error= 由于目标计算机积极拒绝，无法连接。, this= 0x1fa1b09cef0
[2025-04-14 23:13:10.575] [PSS] [info] ***********  Log Begin **********
[2025-04-14 23:13:10.575] [PSS] [info] process id= 8908
[2025-04-14 23:13:10.575] [PSS] [debug] [8908|16768]streaming_driver_interface_impl.cpp:19 StreamingDriverInterfaceImpl: callback= 0x2386034f950, this= 0x23524cd23e0
[2025-04-14 23:13:10.576] [PSS] [error] [8908|16768]streaming_driver_interface_impl.cpp:115 SetTrackingOrigin: streaming not started, this= 0x23524cd23e0
[2025-04-14 23:13:10.576] [PSS] [info] [8908|16768]streaming_driver_interface_impl.cpp:24 ConnectToService: connect to service, client_id= JgJfizDQPeVEvS6g, this= 0x23524cd23e0
[2025-04-14 23:13:10.576] [PSS] [info] [8908|16768]streaming_client_impl.cpp:25 ConnectToService: client_id= JgJfizDQPeVEvS6g, name= 3D Engine, desp= StreamingSceneRender, this= 0x2352b90bff0
[2025-04-14 23:13:10.576] [PSS] [debug] [8908|28732]streaming_client_impl.cpp:137 InvokeConnectToService: connect to service through the network, port= 54000, this= 0x2352b90bff0
[2025-04-14 23:13:10.576] [PSS] [debug] [8908|28732]transport_client_tcp3.cpp:34 Start: buffer size(send\recv): 2097152\2097152, this= 0x2386007c260
[2025-04-14 23:13:10.576] [PSS] [info] [8908|28732]transport_client_tcp3.cpp:59 Start: server= 127.0.0.1:54000, local=0.0.0.0:0, this= 0x2386007c260
[2025-04-14 23:13:12.607] [PSS] [info] [8908|16460]streaming_client_impl.cpp:62 NotifyConnectResult: network connect to service result= 10061, this= 0x2352b90bff0
[2025-04-14 23:13:12.607] [PSS] [error] [8908|16460]streaming_client_impl.cpp:64 NotifyConnectResult: connect to service network error= 10061, this= 0x2352b90bff0
[2025-04-14 23:13:12.607] [PSS] [error] [8908|28732]streaming_driver_interface_impl.cpp:332 NotifyClientConnectResult: connect to service failed, Network Error, this= 0x23524cd23e0
[2025-04-14 23:13:12.607] [PSS] [error] [8908|16460]transport_client_tcp3.cpp:129 HandleConnect: connected error= 由于目标计算机积极拒绝，无法连接。, this= 0x2386007c260
[2025-04-15 01:08:12.677] [PSS] [debug] [8908|16768]streaming_driver_interface_impl.cpp:19 StreamingDriverInterfaceImpl: callback= 0x23736f209d0, this= 0x2353ae32d90
[2025-04-15 01:08:12.679] [PSS] [error] [8908|16768]streaming_driver_interface_impl.cpp:115 SetTrackingOrigin: streaming not started, this= 0x2353ae32d90
[2025-04-15 01:08:12.679] [PSS] [info] [8908|16768]streaming_driver_interface_impl.cpp:24 ConnectToService: connect to service, client_id= rbW9SRgonasnNBPd, this= 0x2353ae32d90
[2025-04-15 01:08:12.679] [PSS] [info] [8908|16768]streaming_client_impl.cpp:25 ConnectToService: client_id= rbW9SRgonasnNBPd, name= 3D Engine, desp= StreamingSceneRender, this= 0x23862cbc0e0
[2025-04-15 01:08:12.679] [PSS] [debug] [8908|24540]streaming_client_impl.cpp:137 InvokeConnectToService: connect to service through the network, port= 54000, this= 0x23862cbc0e0
[2025-04-15 01:08:12.679] [PSS] [debug] [8908|24540]transport_client_tcp3.cpp:34 Start: buffer size(send\recv): 2097152\2097152, this= 0x23860079080
[2025-04-15 01:08:12.679] [PSS] [info] [8908|24540]transport_client_tcp3.cpp:59 Start: server= 127.0.0.1:54000, local=0.0.0.0:0, this= 0x23860079080
[2025-04-15 01:08:14.718] [PSS] [info] [8908|35480]streaming_client_impl.cpp:62 NotifyConnectResult: network connect to service result= 10061, this= 0x23862cbc0e0
[2025-04-15 01:08:14.718] [PSS] [error] [8908|35480]streaming_client_impl.cpp:64 NotifyConnectResult: connect to service network error= 10061, this= 0x23862cbc0e0
[2025-04-15 01:08:14.718] [PSS] [error] [8908|24540]streaming_driver_interface_impl.cpp:332 NotifyClientConnectResult: connect to service failed, Network Error, this= 0x2353ae32d90
[2025-04-15 01:08:14.718] [PSS] [error] [8908|35480]transport_client_tcp3.cpp:129 HandleConnect: connected error= 由于目标计算机积极拒绝，无法连接。, this= 0x23860079080
[2025-04-15 16:51:31.002] [PSS] [info] ***********  Log Begin **********
[2025-04-15 16:51:31.002] [PSS] [info] process id= 17748
[2025-04-15 16:51:31.002] [PSS] [debug] [17748|15564]streaming_driver_interface_impl.cpp:19 StreamingDriverInterfaceImpl: callback= 0x2ed47baad70, this= 0x2ecf30b0510
[2025-04-15 16:51:31.002] [PSS] [error] [17748|15564]streaming_driver_interface_impl.cpp:115 SetTrackingOrigin: streaming not started, this= 0x2ecf30b0510
[2025-04-15 16:51:31.002] [PSS] [info] [17748|15564]streaming_driver_interface_impl.cpp:24 ConnectToService: connect to service, client_id= jTgQI3v4VH45bCMT, this= 0x2ecf30b0510
[2025-04-15 16:51:31.002] [PSS] [info] [17748|15564]streaming_client_impl.cpp:25 ConnectToService: client_id= jTgQI3v4VH45bCMT, name= 3D Engine, desp= StreamingSceneRender, this= 0x2ec6afb75e0
[2025-04-15 16:51:31.003] [PSS] [debug] [17748|20928]streaming_client_impl.cpp:137 InvokeConnectToService: connect to service through the network, port= 54000, this= 0x2ec6afb75e0
[2025-04-15 16:51:31.003] [PSS] [debug] [17748|20928]transport_client_tcp3.cpp:34 Start: buffer size(send\recv): 2097152\2097152, this= 0x2ec6b0927e0
[2025-04-15 16:51:31.003] [PSS] [info] [17748|20928]transport_client_tcp3.cpp:59 Start: server= 127.0.0.1:54000, local=0.0.0.0:0, this= 0x2ec6b0927e0
[2025-04-15 16:51:33.037] [PSS] [info] [17748|37828]streaming_client_impl.cpp:62 NotifyConnectResult: network connect to service result= 10061, this= 0x2ec6afb75e0
[2025-04-15 16:51:33.037] [PSS] [error] [17748|37828]streaming_client_impl.cpp:64 NotifyConnectResult: connect to service network error= 10061, this= 0x2ec6afb75e0
[2025-04-15 16:51:33.037] [PSS] [error] [17748|20928]streaming_driver_interface_impl.cpp:332 NotifyClientConnectResult: connect to service failed, Network Error, this= 0x2ecf30b0510
[2025-04-15 16:51:33.037] [PSS] [error] [17748|37828]transport_client_tcp3.cpp:129 HandleConnect: connected error= 由于目标计算机积极拒绝，无法连接。, this= 0x2ec6b0927e0
[2025-04-15 16:55:51.547] [PSS] [debug] [17748|15564]streaming_driver_interface_impl.cpp:19 StreamingDriverInterfaceImpl: callback= 0x2ed46923b20, this= 0x2ecf2c4e7d0
[2025-04-15 16:55:51.548] [PSS] [error] [17748|15564]streaming_driver_interface_impl.cpp:115 SetTrackingOrigin: streaming not started, this= 0x2ecf2c4e7d0
[2025-04-15 16:55:51.548] [PSS] [info] [17748|15564]streaming_driver_interface_impl.cpp:24 ConnectToService: connect to service, client_id= zQ764eunwcplpOQ4, this= 0x2ecf2c4e7d0
[2025-04-15 16:55:51.548] [PSS] [info] [17748|15564]streaming_client_impl.cpp:25 ConnectToService: client_id= zQ764eunwcplpOQ4, name= 3D Engine, desp= StreamingSceneRender, this= 0x2ed469b9130
[2025-04-15 16:55:51.548] [PSS] [debug] [17748|19448]streaming_client_impl.cpp:137 InvokeConnectToService: connect to service through the network, port= 54000, this= 0x2ed469b9130
[2025-04-15 16:55:51.548] [PSS] [debug] [17748|19448]transport_client_tcp3.cpp:34 Start: buffer size(send\recv): 2097152\2097152, this= 0x2ec6b08f600
[2025-04-15 16:55:51.548] [PSS] [info] [17748|19448]transport_client_tcp3.cpp:59 Start: server= 127.0.0.1:54000, local=0.0.0.0:0, this= 0x2ec6b08f600
[2025-04-15 16:55:53.576] [PSS] [info] [17748|27888]streaming_client_impl.cpp:62 NotifyConnectResult: network connect to service result= 10061, this= 0x2ed469b9130
[2025-04-15 16:55:53.576] [PSS] [error] [17748|27888]streaming_client_impl.cpp:64 NotifyConnectResult: connect to service network error= 10061, this= 0x2ed469b9130
[2025-04-15 16:55:53.576] [PSS] [error] [17748|19448]streaming_driver_interface_impl.cpp:332 NotifyClientConnectResult: connect to service failed, Network Error, this= 0x2ecf2c4e7d0
[2025-04-15 16:55:53.576] [PSS] [error] [17748|27888]transport_client_tcp3.cpp:129 HandleConnect: connected error= 由于目标计算机积极拒绝，无法连接。, this= 0x2ec6b08f600
[2025-04-15 17:05:25.649] [PSS] [debug] [17748|15564]streaming_driver_interface_impl.cpp:19 StreamingDriverInterfaceImpl: callback= 0x2ed46765760, this= 0x2ecf30b0510
[2025-04-15 17:05:25.650] [PSS] [error] [17748|15564]streaming_driver_interface_impl.cpp:115 SetTrackingOrigin: streaming not started, this= 0x2ecf30b0510
[2025-04-15 17:05:25.650] [PSS] [info] [17748|15564]streaming_driver_interface_impl.cpp:24 ConnectToService: connect to service, client_id= 89fst25sAlVBrJ3L, this= 0x2ecf30b0510
[2025-04-15 17:05:25.650] [PSS] [info] [17748|15564]streaming_client_impl.cpp:25 ConnectToService: client_id= 89fst25sAlVBrJ3L, name= 3D Engine, desp= StreamingSceneRender, this= 0x2ec8c5c1cc0
[2025-04-15 17:05:25.650] [PSS] [debug] [17748|2752]streaming_client_impl.cpp:137 InvokeConnectToService: connect to service through the network, port= 54000, this= 0x2ec8c5c1cc0
[2025-04-15 17:05:25.650] [PSS] [debug] [17748|2752]transport_client_tcp3.cpp:34 Start: buffer size(send\recv): 2097152\2097152, this= 0x2ec6b091580
[2025-04-15 17:05:25.650] [PSS] [info] [17748|2752]transport_client_tcp3.cpp:59 Start: server= 127.0.0.1:54000, local=0.0.0.0:0, this= 0x2ec6b091580
[2025-04-15 17:05:27.674] [PSS] [info] [17748|9344]streaming_client_impl.cpp:62 NotifyConnectResult: network connect to service result= 10061, this= 0x2ec8c5c1cc0
[2025-04-15 17:05:27.675] [PSS] [error] [17748|9344]streaming_client_impl.cpp:64 NotifyConnectResult: connect to service network error= 10061, this= 0x2ec8c5c1cc0
[2025-04-15 17:05:27.675] [PSS] [error] [17748|2752]streaming_driver_interface_impl.cpp:332 NotifyClientConnectResult: connect to service failed, Network Error, this= 0x2ecf30b0510
[2025-04-15 17:05:27.675] [PSS] [error] [17748|9344]transport_client_tcp3.cpp:129 HandleConnect: connected error= 由于目标计算机积极拒绝，无法连接。, this= 0x2ec6b091580
[2025-04-15 17:06:30.694] [PSS] [debug] [17748|15564]streaming_driver_interface_impl.cpp:19 StreamingDriverInterfaceImpl: callback= 0x2ec8c55eaa0, this= 0x2ecf378c290
[2025-04-15 17:06:30.695] [PSS] [error] [17748|15564]streaming_driver_interface_impl.cpp:115 SetTrackingOrigin: streaming not started, this= 0x2ecf378c290
[2025-04-15 17:06:30.695] [PSS] [info] [17748|15564]streaming_driver_interface_impl.cpp:24 ConnectToService: connect to service, client_id= TIjgAyv4FhrYim5I, this= 0x2ecf378c290
[2025-04-15 17:06:30.695] [PSS] [info] [17748|15564]streaming_client_impl.cpp:25 ConnectToService: client_id= TIjgAyv4FhrYim5I, name= 3D Engine, desp= StreamingSceneRender, this= 0x2ec69673a10
[2025-04-15 17:06:30.695] [PSS] [debug] [17748|3948]streaming_client_impl.cpp:137 InvokeConnectToService: connect to service through the network, port= 54000, this= 0x2ec69673a10
[2025-04-15 17:06:30.695] [PSS] [debug] [17748|3948]transport_client_tcp3.cpp:34 Start: buffer size(send\recv): 2097152\2097152, this= 0x2ec6b08fde0
[2025-04-15 17:06:30.695] [PSS] [info] [17748|3948]transport_client_tcp3.cpp:59 Start: server= 127.0.0.1:54000, local=0.0.0.0:0, this= 0x2ec6b08fde0
[2025-04-15 17:06:32.743] [PSS] [info] [17748|15752]streaming_client_impl.cpp:62 NotifyConnectResult: network connect to service result= 10061, this= 0x2ec69673a10
[2025-04-15 17:06:32.743] [PSS] [error] [17748|15752]streaming_client_impl.cpp:64 NotifyConnectResult: connect to service network error= 10061, this= 0x2ec69673a10
[2025-04-15 17:06:32.744] [PSS] [error] [17748|15752]transport_client_tcp3.cpp:129 HandleConnect: connected error= 由于目标计算机积极拒绝，无法连接。, this= 0x2ec6b08fde0
[2025-04-15 17:06:32.744] [PSS] [error] [17748|3948]streaming_driver_interface_impl.cpp:332 NotifyClientConnectResult: connect to service failed, Network Error, this= 0x2ecf378c290
[2025-04-15 17:07:39.375] [PSS] [debug] [17748|15564]streaming_driver_interface_impl.cpp:19 StreamingDriverInterfaceImpl: callback= 0x2ed46cfa3c0, this= 0x2ecf30b0510
[2025-04-15 17:07:39.376] [PSS] [error] [17748|15564]streaming_driver_interface_impl.cpp:115 SetTrackingOrigin: streaming not started, this= 0x2ecf30b0510
[2025-04-15 17:07:39.376] [PSS] [info] [17748|15564]streaming_driver_interface_impl.cpp:24 ConnectToService: connect to service, client_id= MBLC51beI5e2YLZz, this= 0x2ecf30b0510
[2025-04-15 17:07:39.376] [PSS] [info] [17748|15564]streaming_client_impl.cpp:25 ConnectToService: client_id= MBLC51beI5e2YLZz, name= 3D Engine, desp= StreamingSceneRender, this= 0x2ec69606b10
[2025-04-15 17:07:39.376] [PSS] [debug] [17748|13852]streaming_client_impl.cpp:137 InvokeConnectToService: connect to service through the network, port= 54000, this= 0x2ec69606b10
[2025-04-15 17:07:39.376] [PSS] [debug] [17748|13852]transport_client_tcp3.cpp:34 Start: buffer size(send\recv): 2097152\2097152, this= 0x2ec6b090860
[2025-04-15 17:07:39.376] [PSS] [info] [17748|13852]transport_client_tcp3.cpp:59 Start: server= 127.0.0.1:54000, local=0.0.0.0:0, this= 0x2ec6b090860
[2025-04-15 17:07:41.394] [PSS] [info] [17748|34356]streaming_client_impl.cpp:62 NotifyConnectResult: network connect to service result= 10061, this= 0x2ec69606b10
[2025-04-15 17:07:41.394] [PSS] [error] [17748|34356]streaming_client_impl.cpp:64 NotifyConnectResult: connect to service network error= 10061, this= 0x2ec69606b10
[2025-04-15 17:07:41.394] [PSS] [error] [17748|34356]transport_client_tcp3.cpp:129 HandleConnect: connected error= 由于目标计算机积极拒绝，无法连接。, this= 0x2ec6b090860
[2025-04-15 17:07:41.394] [PSS] [error] [17748|13852]streaming_driver_interface_impl.cpp:332 NotifyClientConnectResult: connect to service failed, Network Error, this= 0x2ecf30b0510
[2025-04-15 17:13:44.275] [PSS] [debug] [17748|15564]streaming_driver_interface_impl.cpp:19 StreamingDriverInterfaceImpl: callback= 0x2ed45681460, this= 0x2ecf378c290
[2025-04-15 17:13:44.275] [PSS] [error] [17748|15564]streaming_driver_interface_impl.cpp:115 SetTrackingOrigin: streaming not started, this= 0x2ecf378c290
[2025-04-15 17:13:44.275] [PSS] [info] [17748|15564]streaming_driver_interface_impl.cpp:24 ConnectToService: connect to service, client_id= LMonMlQsWDrBVhDS, this= 0x2ecf378c290
[2025-04-15 17:13:44.275] [PSS] [info] [17748|15564]streaming_client_impl.cpp:25 ConnectToService: client_id= LMonMlQsWDrBVhDS, name= 3D Engine, desp= StreamingSceneRender, this= 0x2ed46eca220
[2025-04-15 17:13:44.275] [PSS] [debug] [17748|19336]streaming_client_impl.cpp:137 InvokeConnectToService: connect to service through the network, port= 54000, this= 0x2ed46eca220
[2025-04-15 17:13:44.276] [PSS] [debug] [17748|19336]transport_client_tcp3.cpp:34 Start: buffer size(send\recv): 2097152\2097152, this= 0x2ec6b091d60
[2025-04-15 17:13:44.276] [PSS] [info] [17748|19336]transport_client_tcp3.cpp:59 Start: server= 127.0.0.1:54000, local=0.0.0.0:0, this= 0x2ec6b091d60
[2025-04-15 17:13:46.312] [PSS] [info] [17748|18696]streaming_client_impl.cpp:62 NotifyConnectResult: network connect to service result= 10061, this= 0x2ed46eca220
[2025-04-15 17:13:46.312] [PSS] [error] [17748|18696]streaming_client_impl.cpp:64 NotifyConnectResult: connect to service network error= 10061, this= 0x2ed46eca220
[2025-04-15 17:13:46.312] [PSS] [error] [17748|18696]transport_client_tcp3.cpp:129 HandleConnect: connected error= 由于目标计算机积极拒绝，无法连接。, this= 0x2ec6b091d60
[2025-04-15 17:13:46.312] [PSS] [error] [17748|19336]streaming_driver_interface_impl.cpp:332 NotifyClientConnectResult: connect to service failed, Network Error, this= 0x2ecf378c290
[2025-04-15 18:01:42.391] [PSS] [debug] [17748|15564]streaming_driver_interface_impl.cpp:19 StreamingDriverInterfaceImpl: callback= 0x2ed467629c0, this= 0x2ee100aab60
[2025-04-15 18:01:42.393] [PSS] [error] [17748|15564]streaming_driver_interface_impl.cpp:115 SetTrackingOrigin: streaming not started, this= 0x2ee100aab60
[2025-04-15 18:01:42.393] [PSS] [info] [17748|15564]streaming_driver_interface_impl.cpp:24 ConnectToService: connect to service, client_id= z4YxmG2U6mA5ltpn, this= 0x2ee100aab60
[2025-04-15 18:01:42.393] [PSS] [info] [17748|15564]streaming_client_impl.cpp:25 ConnectToService: client_id= z4YxmG2U6mA5ltpn, name= 3D Engine, desp= StreamingSceneRender, this= 0x2ee08c5ed00
[2025-04-15 18:01:42.393] [PSS] [debug] [17748|35988]streaming_client_impl.cpp:137 InvokeConnectToService: connect to service through the network, port= 54000, this= 0x2ee08c5ed00
[2025-04-15 18:01:42.393] [PSS] [debug] [17748|35988]transport_client_tcp3.cpp:34 Start: buffer size(send\recv): 2097152\2097152, this= 0x2ec6b092000
[2025-04-15 18:01:42.393] [PSS] [info] [17748|35988]transport_client_tcp3.cpp:59 Start: server= 127.0.0.1:54000, local=0.0.0.0:0, this= 0x2ec6b092000
[2025-04-15 18:01:44.438] [PSS] [info] [17748|17148]streaming_client_impl.cpp:62 NotifyConnectResult: network connect to service result= 10061, this= 0x2ee08c5ed00
[2025-04-15 18:01:44.438] [PSS] [error] [17748|17148]streaming_client_impl.cpp:64 NotifyConnectResult: connect to service network error= 10061, this= 0x2ee08c5ed00
[2025-04-15 18:01:44.438] [PSS] [error] [17748|35988]streaming_driver_interface_impl.cpp:332 NotifyClientConnectResult: connect to service failed, Network Error, this= 0x2ee100aab60
[2025-04-15 18:01:44.439] [PSS] [error] [17748|17148]transport_client_tcp3.cpp:129 HandleConnect: connected error= 由于目标计算机积极拒绝，无法连接。, this= 0x2ec6b092000
[2025-04-15 22:39:20.875] [PSS] [info] ***********  Log Begin **********
[2025-04-15 22:39:20.875] [PSS] [info] process id= 28120
[2025-04-15 22:39:20.875] [PSS] [debug] [28120|24184]streaming_driver_interface_impl.cpp:19 StreamingDriverInterfaceImpl: callback= 0x228f9cca290, this= 0x229cb32ac70
[2025-04-15 22:39:20.876] [PSS] [error] [28120|24184]streaming_driver_interface_impl.cpp:115 SetTrackingOrigin: streaming not started, this= 0x229cb32ac70
[2025-04-15 22:39:20.876] [PSS] [info] [28120|24184]streaming_driver_interface_impl.cpp:24 ConnectToService: connect to service, client_id= C7MVGNZOHHODvtVO, this= 0x229cb32ac70
[2025-04-15 22:39:20.876] [PSS] [info] [28120|24184]streaming_client_impl.cpp:25 ConnectToService: client_id= C7MVGNZOHHODvtVO, name= 3D Engine, desp= StreamingSceneRender, this= 0x226afd2b470
[2025-04-15 22:39:20.876] [PSS] [debug] [28120|15048]streaming_client_impl.cpp:137 InvokeConnectToService: connect to service through the network, port= 54000, this= 0x226afd2b470
[2025-04-15 22:39:20.876] [PSS] [debug] [28120|15048]transport_client_tcp3.cpp:34 Start: buffer size(send\recv): 2097152\2097152, this= 0x228f9c19b30
[2025-04-15 22:39:20.876] [PSS] [info] [28120|15048]transport_client_tcp3.cpp:59 Start: server= 127.0.0.1:54000, local=0.0.0.0:0, this= 0x228f9c19b30
[2025-04-15 22:39:22.919] [PSS] [info] [28120|27888]streaming_client_impl.cpp:62 NotifyConnectResult: network connect to service result= 10061, this= 0x226afd2b470
[2025-04-15 22:39:22.919] [PSS] [error] [28120|27888]streaming_client_impl.cpp:64 NotifyConnectResult: connect to service network error= 10061, this= 0x226afd2b470
[2025-04-15 22:39:22.919] [PSS] [error] [28120|15048]streaming_driver_interface_impl.cpp:332 NotifyClientConnectResult: connect to service failed, Network Error, this= 0x229cb32ac70
[2025-04-15 22:39:22.919] [PSS] [error] [28120|27888]transport_client_tcp3.cpp:129 HandleConnect: connected error= 由于目标计算机积极拒绝，无法连接。, this= 0x228f9c19b30
[2025-04-16 00:04:46.741] [PSS] [debug] [28120|24184]streaming_driver_interface_impl.cpp:19 StreamingDriverInterfaceImpl: callback= 0x226a756a7d0, this= 0x228b54d2060
[2025-04-16 00:04:46.743] [PSS] [error] [28120|24184]streaming_driver_interface_impl.cpp:115 SetTrackingOrigin: streaming not started, this= 0x228b54d2060
[2025-04-16 00:04:46.743] [PSS] [info] [28120|24184]streaming_driver_interface_impl.cpp:24 ConnectToService: connect to service, client_id= hdJiZwrWVwCdD3kU, this= 0x228b54d2060
[2025-04-16 00:04:46.743] [PSS] [info] [28120|24184]streaming_client_impl.cpp:25 ConnectToService: client_id= hdJiZwrWVwCdD3kU, name= 3D Engine, desp= StreamingSceneRender, this= 0x229a27824d0
[2025-04-16 00:04:46.743] [PSS] [debug] [28120|17208]streaming_client_impl.cpp:137 InvokeConnectToService: connect to service through the network, port= 54000, this= 0x229a27824d0
[2025-04-16 00:04:46.744] [PSS] [debug] [28120|17208]transport_client_tcp3.cpp:34 Start: buffer size(send\recv): 2097152\2097152, this= 0x229af546250
[2025-04-16 00:04:46.744] [PSS] [info] [28120|17208]transport_client_tcp3.cpp:59 Start: server= 127.0.0.1:54000, local=0.0.0.0:0, this= 0x229af546250
[2025-04-16 00:04:48.783] [PSS] [info] [28120|18220]streaming_client_impl.cpp:62 NotifyConnectResult: network connect to service result= 10061, this= 0x229a27824d0
[2025-04-16 00:04:48.783] [PSS] [error] [28120|18220]streaming_client_impl.cpp:64 NotifyConnectResult: connect to service network error= 10061, this= 0x229a27824d0
[2025-04-16 00:04:48.783] [PSS] [error] [28120|17208]streaming_driver_interface_impl.cpp:332 NotifyClientConnectResult: connect to service failed, Network Error, this= 0x228b54d2060
[2025-04-16 00:04:48.783] [PSS] [error] [28120|18220]transport_client_tcp3.cpp:129 HandleConnect: connected error= 由于目标计算机积极拒绝，无法连接。, this= 0x229af546250
[2025-04-16 00:29:42.825] [PSS] [debug] [28120|24184]streaming_driver_interface_impl.cpp:19 StreamingDriverInterfaceImpl: callback= 0x228d88d82b0, this= 0x229a365cb80
[2025-04-16 00:29:42.826] [PSS] [error] [28120|24184]streaming_driver_interface_impl.cpp:115 SetTrackingOrigin: streaming not started, this= 0x229a365cb80
[2025-04-16 00:29:42.826] [PSS] [info] [28120|24184]streaming_driver_interface_impl.cpp:24 ConnectToService: connect to service, client_id= HZUEFCRdmLTahotf, this= 0x229a365cb80
[2025-04-16 00:29:42.826] [PSS] [info] [28120|24184]streaming_client_impl.cpp:25 ConnectToService: client_id= HZUEFCRdmLTahotf, name= 3D Engine, desp= StreamingSceneRender, this= 0x229af796420
[2025-04-16 00:29:42.826] [PSS] [debug] [28120|4468]streaming_client_impl.cpp:137 InvokeConnectToService: connect to service through the network, port= 54000, this= 0x229af796420
[2025-04-16 00:29:42.826] [PSS] [debug] [28120|4468]transport_client_tcp3.cpp:34 Start: buffer size(send\recv): 2097152\2097152, this= 0x229af5442d0
[2025-04-16 00:29:42.826] [PSS] [info] [28120|4468]transport_client_tcp3.cpp:59 Start: server= 127.0.0.1:54000, local=0.0.0.0:0, this= 0x229af5442d0
[2025-04-16 00:29:44.856] [PSS] [info] [28120|23232]streaming_client_impl.cpp:62 NotifyConnectResult: network connect to service result= 10061, this= 0x229af796420
[2025-04-16 00:29:44.856] [PSS] [error] [28120|23232]streaming_client_impl.cpp:64 NotifyConnectResult: connect to service network error= 10061, this= 0x229af796420
[2025-04-16 00:29:44.856] [PSS] [error] [28120|23232]transport_client_tcp3.cpp:129 HandleConnect: connected error= 由于目标计算机积极拒绝，无法连接。, this= 0x229af5442d0
[2025-04-16 00:29:44.856] [PSS] [error] [28120|4468]streaming_driver_interface_impl.cpp:332 NotifyClientConnectResult: connect to service failed, Network Error, this= 0x229a365cb80
[2025-04-17 12:07:21.192] [PSS] [info] ***********  Log Begin **********
[2025-04-17 12:07:21.192] [PSS] [info] process id= 6428
[2025-04-17 12:07:21.192] [PSS] [debug] [6428|34304]streaming_driver_interface_impl.cpp:19 StreamingDriverInterfaceImpl: callback= 0x28cecfd10f0, this= 0x28f85285df0
[2025-04-17 12:07:21.192] [PSS] [error] [6428|34304]streaming_driver_interface_impl.cpp:115 SetTrackingOrigin: streaming not started, this= 0x28f85285df0
[2025-04-17 12:07:21.192] [PSS] [info] [6428|34304]streaming_driver_interface_impl.cpp:24 ConnectToService: connect to service, client_id= MAGFrKR9KIC7CBl8, this= 0x28f85285df0
[2025-04-17 12:07:21.192] [PSS] [info] [6428|34304]streaming_client_impl.cpp:25 ConnectToService: client_id= MAGFrKR9KIC7CBl8, name= 3D Engine, desp= StreamingSceneRender, this= 0x28ce10b0e30
[2025-04-17 12:07:21.192] [PSS] [debug] [6428|15940]streaming_client_impl.cpp:137 InvokeConnectToService: connect to service through the network, port= 54000, this= 0x28ce10b0e30
[2025-04-17 12:07:21.193] [PSS] [debug] [6428|15940]transport_client_tcp3.cpp:34 Start: buffer size(send\recv): 2097152\2097152, this= 0x28ce08b1080
[2025-04-17 12:07:21.193] [PSS] [info] [6428|15940]transport_client_tcp3.cpp:59 Start: server= 127.0.0.1:54000, local=0.0.0.0:0, this= 0x28ce08b1080
[2025-04-17 12:07:23.244] [PSS] [info] [6428|16916]streaming_client_impl.cpp:62 NotifyConnectResult: network connect to service result= 10061, this= 0x28ce10b0e30
[2025-04-17 12:07:23.244] [PSS] [error] [6428|16916]streaming_client_impl.cpp:64 NotifyConnectResult: connect to service network error= 10061, this= 0x28ce10b0e30
[2025-04-17 12:07:23.244] [PSS] [error] [6428|15940]streaming_driver_interface_impl.cpp:332 NotifyClientConnectResult: connect to service failed, Network Error, this= 0x28f85285df0
[2025-04-17 12:07:23.244] [PSS] [error] [6428|16916]transport_client_tcp3.cpp:129 HandleConnect: connected error= 由于目标计算机积极拒绝，无法连接。, this= 0x28ce08b1080
[2025-04-17 12:08:39.217] [PSS] [debug] [6428|34304]streaming_driver_interface_impl.cpp:19 StreamingDriverInterfaceImpl: callback= 0x28fb1235020, this= 0x28fb54640a0
[2025-04-17 12:08:39.218] [PSS] [error] [6428|34304]streaming_driver_interface_impl.cpp:115 SetTrackingOrigin: streaming not started, this= 0x28fb54640a0
[2025-04-17 12:08:39.218] [PSS] [info] [6428|34304]streaming_driver_interface_impl.cpp:24 ConnectToService: connect to service, client_id= kimX5Kga9k2ClD13, this= 0x28fb54640a0
[2025-04-17 12:08:39.218] [PSS] [info] [6428|34304]streaming_client_impl.cpp:25 ConnectToService: client_id= kimX5Kga9k2ClD13, name= 3D Engine, desp= StreamingSceneRender, this= 0x28fb5371b10
[2025-04-17 12:08:39.218] [PSS] [debug] [6428|37316]streaming_client_impl.cpp:137 InvokeConnectToService: connect to service through the network, port= 54000, this= 0x28fb5371b10
[2025-04-17 12:08:39.218] [PSS] [debug] [6428|37316]transport_client_tcp3.cpp:34 Start: buffer size(send\recv): 2097152\2097152, this= 0x28ce08b1da0
[2025-04-17 12:08:39.219] [PSS] [info] [6428|37316]transport_client_tcp3.cpp:59 Start: server= 127.0.0.1:54000, local=0.0.0.0:0, this= 0x28ce08b1da0
[2025-04-17 12:08:41.267] [PSS] [info] [6428|20908]streaming_client_impl.cpp:62 NotifyConnectResult: network connect to service result= 10061, this= 0x28fb5371b10
[2025-04-17 12:08:41.267] [PSS] [error] [6428|20908]streaming_client_impl.cpp:64 NotifyConnectResult: connect to service network error= 10061, this= 0x28fb5371b10
[2025-04-17 12:08:41.267] [PSS] [error] [6428|37316]streaming_driver_interface_impl.cpp:332 NotifyClientConnectResult: connect to service failed, Network Error, this= 0x28fb54640a0
[2025-04-17 12:08:41.267] [PSS] [error] [6428|20908]transport_client_tcp3.cpp:129 HandleConnect: connected error= 由于目标计算机积极拒绝，无法连接。, this= 0x28ce08b1da0
[2025-04-17 12:09:10.344] [PSS] [debug] [6428|34304]streaming_driver_interface_impl.cpp:19 StreamingDriverInterfaceImpl: callback= 0x28fb551d770, this= 0x28f85285df0
[2025-04-17 12:09:10.345] [PSS] [error] [6428|34304]streaming_driver_interface_impl.cpp:115 SetTrackingOrigin: streaming not started, this= 0x28f85285df0
[2025-04-17 12:09:10.345] [PSS] [info] [6428|34304]streaming_driver_interface_impl.cpp:24 ConnectToService: connect to service, client_id= ZP16jaUuqjHIcFn7, this= 0x28f85285df0
[2025-04-17 12:09:10.345] [PSS] [info] [6428|34304]streaming_client_impl.cpp:25 ConnectToService: client_id= ZP16jaUuqjHIcFn7, name= 3D Engine, desp= StreamingSceneRender, this= 0x28ed1321480
[2025-04-17 12:09:10.345] [PSS] [debug] [6428|10096]streaming_client_impl.cpp:137 InvokeConnectToService: connect to service through the network, port= 54000, this= 0x28ed1321480
[2025-04-17 12:09:10.345] [PSS] [debug] [6428|10096]transport_client_tcp3.cpp:34 Start: buffer size(send\recv): 2097152\2097152, this= 0x28ce08b2580
[2025-04-17 12:09:10.345] [PSS] [info] [6428|10096]transport_client_tcp3.cpp:59 Start: server= 127.0.0.1:54000, local=0.0.0.0:0, this= 0x28ce08b2580
[2025-04-17 12:09:12.379] [PSS] [info] [6428|31504]streaming_client_impl.cpp:62 NotifyConnectResult: network connect to service result= 10061, this= 0x28ed1321480
[2025-04-17 12:09:12.379] [PSS] [error] [6428|31504]streaming_client_impl.cpp:64 NotifyConnectResult: connect to service network error= 10061, this= 0x28ed1321480
[2025-04-17 12:09:12.379] [PSS] [error] [6428|10096]streaming_driver_interface_impl.cpp:332 NotifyClientConnectResult: connect to service failed, Network Error, this= 0x28f85285df0
[2025-04-17 12:09:12.379] [PSS] [error] [6428|31504]transport_client_tcp3.cpp:129 HandleConnect: connected error= 由于目标计算机积极拒绝，无法连接。, this= 0x28ce08b2580
[2025-04-17 12:09:54.415] [PSS] [debug] [6428|34304]streaming_driver_interface_impl.cpp:19 StreamingDriverInterfaceImpl: callback= 0x28eaa18e8f0, this= 0x28fb54640a0
[2025-04-17 12:09:54.416] [PSS] [error] [6428|34304]streaming_driver_interface_impl.cpp:115 SetTrackingOrigin: streaming not started, this= 0x28fb54640a0
[2025-04-17 12:09:54.416] [PSS] [info] [6428|34304]streaming_driver_interface_impl.cpp:24 ConnectToService: connect to service, client_id= mObJmlLgYNzcC6FR, this= 0x28fb54640a0
[2025-04-17 12:09:54.416] [PSS] [info] [6428|34304]streaming_client_impl.cpp:25 ConnectToService: client_id= mObJmlLgYNzcC6FR, name= 3D Engine, desp= StreamingSceneRender, this= 0x28f860a3b00
[2025-04-17 12:09:54.416] [PSS] [debug] [6428|21104]streaming_client_impl.cpp:137 InvokeConnectToService: connect to service through the network, port= 54000, this= 0x28f860a3b00
[2025-04-17 12:09:54.416] [PSS] [debug] [6428|21104]transport_client_tcp3.cpp:34 Start: buffer size(send\recv): 2097152\2097152, this= 0x28ce08b2d60
[2025-04-17 12:09:54.416] [PSS] [info] [6428|21104]transport_client_tcp3.cpp:59 Start: server= 127.0.0.1:54000, local=0.0.0.0:0, this= 0x28ce08b2d60
[2025-04-17 12:09:56.467] [PSS] [info] [6428|11688]streaming_client_impl.cpp:62 NotifyConnectResult: network connect to service result= 10061, this= 0x28f860a3b00
[2025-04-17 12:09:56.467] [PSS] [error] [6428|11688]streaming_client_impl.cpp:64 NotifyConnectResult: connect to service network error= 10061, this= 0x28f860a3b00
[2025-04-17 12:09:56.467] [PSS] [error] [6428|21104]streaming_driver_interface_impl.cpp:332 NotifyClientConnectResult: connect to service failed, Network Error, this= 0x28fb54640a0
[2025-04-17 12:09:56.467] [PSS] [error] [6428|11688]transport_client_tcp3.cpp:129 HandleConnect: connected error= 由于目标计算机积极拒绝，无法连接。, this= 0x28ce08b2d60
[2025-04-17 16:12:27.101] [PSS] [info] ***********  Log Begin **********
[2025-04-17 16:12:27.101] [PSS] [info] process id= 33900
[2025-04-17 16:12:27.101] [PSS] [debug] [33900|21456]streaming_driver_interface_impl.cpp:19 StreamingDriverInterfaceImpl: callback= 0x21b214416a0, this= 0x21b224d3ca0
[2025-04-17 16:12:27.101] [PSS] [error] [33900|21456]streaming_driver_interface_impl.cpp:115 SetTrackingOrigin: streaming not started, this= 0x21b224d3ca0
[2025-04-17 16:12:27.101] [PSS] [info] [33900|21456]streaming_driver_interface_impl.cpp:24 ConnectToService: connect to service, client_id= sUOHxhb3r4rVMBbj, this= 0x21b224d3ca0
[2025-04-17 16:12:27.101] [PSS] [info] [33900|21456]streaming_client_impl.cpp:25 ConnectToService: client_id= sUOHxhb3r4rVMBbj, name= 3D Engine, desp= StreamingSceneRender, this= 0x21b211649f0
[2025-04-17 16:12:27.101] [PSS] [debug] [33900|20304]streaming_client_impl.cpp:137 InvokeConnectToService: connect to service through the network, port= 54000, this= 0x21b211649f0
[2025-04-17 16:12:27.102] [PSS] [debug] [33900|20304]transport_client_tcp3.cpp:34 Start: buffer size(send\recv): 2097152\2097152, this= 0x21c06bce050
[2025-04-17 16:12:27.102] [PSS] [info] [33900|20304]transport_client_tcp3.cpp:59 Start: server= 127.0.0.1:54000, local=0.0.0.0:0, this= 0x21c06bce050
[2025-04-17 16:12:29.132] [PSS] [info] [33900|3568]streaming_client_impl.cpp:62 NotifyConnectResult: network connect to service result= 10061, this= 0x21b211649f0
[2025-04-17 16:12:29.132] [PSS] [error] [33900|3568]streaming_client_impl.cpp:64 NotifyConnectResult: connect to service network error= 10061, this= 0x21b211649f0
[2025-04-17 16:12:29.132] [PSS] [error] [33900|20304]streaming_driver_interface_impl.cpp:332 NotifyClientConnectResult: connect to service failed, Network Error, this= 0x21b224d3ca0
[2025-04-17 16:12:29.132] [PSS] [error] [33900|3568]transport_client_tcp3.cpp:129 HandleConnect: connected error= 由于目标计算机积极拒绝，无法连接。, this= 0x21c06bce050
[2025-04-17 16:18:48.284] [PSS] [debug] [33900|21456]streaming_driver_interface_impl.cpp:19 StreamingDriverInterfaceImpl: callback= 0x21bdb904970, this= 0x21b224cd070
[2025-04-17 16:18:48.286] [PSS] [error] [33900|21456]streaming_driver_interface_impl.cpp:115 SetTrackingOrigin: streaming not started, this= 0x21b224cd070
[2025-04-17 16:18:48.286] [PSS] [info] [33900|21456]streaming_driver_interface_impl.cpp:24 ConnectToService: connect to service, client_id= TUw5SwhYPEEu93Wp, this= 0x21b224cd070
[2025-04-17 16:18:48.286] [PSS] [info] [33900|21456]streaming_client_impl.cpp:25 ConnectToService: client_id= TUw5SwhYPEEu93Wp, name= 3D Engine, desp= StreamingSceneRender, this= 0x21c06b85be0
[2025-04-17 16:18:48.286] [PSS] [debug] [33900|30512]streaming_client_impl.cpp:137 InvokeConnectToService: connect to service through the network, port= 54000, this= 0x21c06b85be0
[2025-04-17 16:18:48.286] [PSS] [debug] [33900|30512]transport_client_tcp3.cpp:34 Start: buffer size(send\recv): 2097152\2097152, this= 0x21c06bced70
[2025-04-17 16:18:48.286] [PSS] [info] [33900|30512]transport_client_tcp3.cpp:59 Start: server= 127.0.0.1:54000, local=0.0.0.0:0, this= 0x21c06bced70
[2025-04-17 16:18:50.322] [PSS] [info] [33900|17720]streaming_client_impl.cpp:62 NotifyConnectResult: network connect to service result= 10061, this= 0x21c06b85be0
[2025-04-17 16:18:50.322] [PSS] [error] [33900|17720]streaming_client_impl.cpp:64 NotifyConnectResult: connect to service network error= 10061, this= 0x21c06b85be0
[2025-04-17 16:18:50.322] [PSS] [error] [33900|17720]transport_client_tcp3.cpp:129 HandleConnect: connected error= 由于目标计算机积极拒绝，无法连接。, this= 0x21c06bced70
[2025-04-17 16:18:50.322] [PSS] [error] [33900|30512]streaming_driver_interface_impl.cpp:332 NotifyClientConnectResult: connect to service failed, Network Error, this= 0x21b224cd070
[2025-04-17 16:19:35.777] [PSS] [debug] [33900|21456]streaming_driver_interface_impl.cpp:19 StreamingDriverInterfaceImpl: callback= 0x21c079a1590, this= 0x21b224cf480
[2025-04-17 16:19:35.778] [PSS] [error] [33900|21456]streaming_driver_interface_impl.cpp:115 SetTrackingOrigin: streaming not started, this= 0x21b224cf480
[2025-04-17 16:19:35.778] [PSS] [info] [33900|21456]streaming_driver_interface_impl.cpp:24 ConnectToService: connect to service, client_id= HomcoxZlqva4pKtN, this= 0x21b224cf480
[2025-04-17 16:19:35.778] [PSS] [info] [33900|21456]streaming_client_impl.cpp:25 ConnectToService: client_id= HomcoxZlqva4pKtN, name= 3D Engine, desp= StreamingSceneRender, this= 0x21af4b7fe20
[2025-04-17 16:19:35.778] [PSS] [debug] [33900|39184]streaming_client_impl.cpp:137 InvokeConnectToService: connect to service through the network, port= 54000, this= 0x21af4b7fe20
[2025-04-17 16:19:35.778] [PSS] [debug] [33900|39184]transport_client_tcp3.cpp:34 Start: buffer size(send\recv): 2097152\2097152, this= 0x21c06bd0510
[2025-04-17 16:19:35.778] [PSS] [info] [33900|39184]transport_client_tcp3.cpp:59 Start: server= 127.0.0.1:54000, local=0.0.0.0:0, this= 0x21c06bd0510
[2025-04-17 16:19:37.812] [PSS] [info] [33900|34364]streaming_client_impl.cpp:62 NotifyConnectResult: network connect to service result= 10061, this= 0x21af4b7fe20
[2025-04-17 16:19:37.812] [PSS] [error] [33900|34364]streaming_client_impl.cpp:64 NotifyConnectResult: connect to service network error= 10061, this= 0x21af4b7fe20
[2025-04-17 16:19:37.812] [PSS] [error] [33900|39184]streaming_driver_interface_impl.cpp:332 NotifyClientConnectResult: connect to service failed, Network Error, this= 0x21b224cf480
[2025-04-17 16:19:37.812] [PSS] [error] [33900|34364]transport_client_tcp3.cpp:129 HandleConnect: connected error= 由于目标计算机积极拒绝，无法连接。, this= 0x21c06bd0510
[2025-04-17 16:33:30.100] [PSS] [debug] [33900|21456]streaming_driver_interface_impl.cpp:19 StreamingDriverInterfaceImpl: callback= 0x21b20e210d0, this= 0x21b224cd070
[2025-04-17 16:33:30.101] [PSS] [error] [33900|21456]streaming_driver_interface_impl.cpp:115 SetTrackingOrigin: streaming not started, this= 0x21b224cd070
[2025-04-17 16:33:30.101] [PSS] [info] [33900|21456]streaming_driver_interface_impl.cpp:24 ConnectToService: connect to service, client_id= 6xfmEoeaOi5wX5FI, this= 0x21b224cd070
[2025-04-17 16:33:30.101] [PSS] [info] [33900|21456]streaming_client_impl.cpp:25 ConnectToService: client_id= 6xfmEoeaOi5wX5FI, name= 3D Engine, desp= StreamingSceneRender, this= 0x21be3b9dc50
[2025-04-17 16:33:30.101] [PSS] [debug] [33900|17324]streaming_client_impl.cpp:137 InvokeConnectToService: connect to service through the network, port= 54000, this= 0x21be3b9dc50
[2025-04-17 16:33:30.101] [PSS] [debug] [33900|17324]transport_client_tcp3.cpp:34 Start: buffer size(send\recv): 2097152\2097152, this= 0x21c06bcffd0
[2025-04-17 16:33:30.101] [PSS] [info] [33900|17324]transport_client_tcp3.cpp:59 Start: server= 127.0.0.1:54000, local=0.0.0.0:0, this= 0x21c06bcffd0
[2025-04-17 16:33:32.139] [PSS] [info] [33900|26356]streaming_client_impl.cpp:62 NotifyConnectResult: network connect to service result= 10061, this= 0x21be3b9dc50
[2025-04-17 16:33:32.139] [PSS] [error] [33900|26356]streaming_client_impl.cpp:64 NotifyConnectResult: connect to service network error= 10061, this= 0x21be3b9dc50
[2025-04-17 16:33:32.139] [PSS] [error] [33900|17324]streaming_driver_interface_impl.cpp:332 NotifyClientConnectResult: connect to service failed, Network Error, this= 0x21b224cd070
[2025-04-17 16:33:32.139] [PSS] [error] [33900|26356]transport_client_tcp3.cpp:129 HandleConnect: connected error= 由于目标计算机积极拒绝，无法连接。, this= 0x21c06bcffd0
[2025-04-17 16:35:57.194] [PSS] [debug] [33900|21456]streaming_driver_interface_impl.cpp:19 StreamingDriverInterfaceImpl: callback= 0x21b2257ebe0, this= 0x21b224d3ca0
[2025-04-17 16:35:57.194] [PSS] [error] [33900|21456]streaming_driver_interface_impl.cpp:115 SetTrackingOrigin: streaming not started, this= 0x21b224d3ca0
[2025-04-17 16:35:57.194] [PSS] [info] [33900|21456]streaming_driver_interface_impl.cpp:24 ConnectToService: connect to service, client_id= b7dK8HONcSPCqyBn, this= 0x21b224d3ca0
[2025-04-17 16:35:57.194] [PSS] [info] [33900|21456]streaming_client_impl.cpp:25 ConnectToService: client_id= b7dK8HONcSPCqyBn, name= 3D Engine, desp= StreamingSceneRender, this= 0x21b20b2e060
[2025-04-17 16:35:57.194] [PSS] [debug] [33900|39312]streaming_client_impl.cpp:137 InvokeConnectToService: connect to service through the network, port= 54000, this= 0x21b20b2e060
[2025-04-17 16:35:57.194] [PSS] [debug] [33900|39312]transport_client_tcp3.cpp:34 Start: buffer size(send\recv): 2097152\2097152, this= 0x21c06bcfa90
[2025-04-17 16:35:57.195] [PSS] [info] [33900|39312]transport_client_tcp3.cpp:59 Start: server= 127.0.0.1:54000, local=0.0.0.0:0, this= 0x21c06bcfa90
[2025-04-17 16:35:59.231] [PSS] [info] [33900|31696]streaming_client_impl.cpp:62 NotifyConnectResult: network connect to service result= 10061, this= 0x21b20b2e060
[2025-04-17 16:35:59.231] [PSS] [error] [33900|31696]streaming_client_impl.cpp:64 NotifyConnectResult: connect to service network error= 10061, this= 0x21b20b2e060
[2025-04-17 16:35:59.231] [PSS] [error] [33900|31696]transport_client_tcp3.cpp:129 HandleConnect: connected error= 由于目标计算机积极拒绝，无法连接。, this= 0x21c06bcfa90
[2025-04-17 16:35:59.231] [PSS] [error] [33900|39312]streaming_driver_interface_impl.cpp:332 NotifyClientConnectResult: connect to service failed, Network Error, this= 0x21b224d3ca0
[2025-04-17 16:38:37.629] [PSS] [debug] [33900|21456]streaming_driver_interface_impl.cpp:19 StreamingDriverInterfaceImpl: callback= 0x21b28d2e6e0, this= 0x21b224cf480
[2025-04-17 16:38:37.630] [PSS] [error] [33900|21456]streaming_driver_interface_impl.cpp:115 SetTrackingOrigin: streaming not started, this= 0x21b224cf480
[2025-04-17 16:38:37.630] [PSS] [info] [33900|21456]streaming_driver_interface_impl.cpp:24 ConnectToService: connect to service, client_id= dolWapxvT9JanBXQ, this= 0x21b224cf480
[2025-04-17 16:38:37.630] [PSS] [info] [33900|21456]streaming_client_impl.cpp:25 ConnectToService: client_id= dolWapxvT9JanBXQ, name= 3D Engine, desp= StreamingSceneRender, this= 0x21ad32834f0
[2025-04-17 16:38:37.630] [PSS] [debug] [33900|34224]streaming_client_impl.cpp:137 InvokeConnectToService: connect to service through the network, port= 54000, this= 0x21ad32834f0
[2025-04-17 16:38:37.630] [PSS] [debug] [33900|34224]transport_client_tcp3.cpp:34 Start: buffer size(send\recv): 2097152\2097152, this= 0x21c06bcead0
[2025-04-17 16:38:37.630] [PSS] [info] [33900|34224]transport_client_tcp3.cpp:59 Start: server= 127.0.0.1:54000, local=0.0.0.0:0, this= 0x21c06bcead0
[2025-04-17 16:38:39.653] [PSS] [info] [33900|20172]streaming_client_impl.cpp:62 NotifyConnectResult: network connect to service result= 10061, this= 0x21ad32834f0
[2025-04-17 16:38:39.653] [PSS] [error] [33900|20172]streaming_client_impl.cpp:64 NotifyConnectResult: connect to service network error= 10061, this= 0x21ad32834f0
[2025-04-17 16:38:39.653] [PSS] [error] [33900|34224]streaming_driver_interface_impl.cpp:332 NotifyClientConnectResult: connect to service failed, Network Error, this= 0x21b224cf480
[2025-04-17 16:38:39.653] [PSS] [error] [33900|20172]transport_client_tcp3.cpp:129 HandleConnect: connected error= 由于目标计算机积极拒绝，无法连接。, this= 0x21c06bcead0
[2025-04-17 16:48:57.980] [PSS] [debug] [33900|21456]streaming_driver_interface_impl.cpp:19 StreamingDriverInterfaceImpl: callback= 0x21b22622fd0, this= 0x21b224d3ca0
[2025-04-17 16:48:57.980] [PSS] [error] [33900|21456]streaming_driver_interface_impl.cpp:115 SetTrackingOrigin: streaming not started, this= 0x21b224d3ca0
[2025-04-17 16:48:57.980] [PSS] [info] [33900|21456]streaming_driver_interface_impl.cpp:24 ConnectToService: connect to service, client_id= 7sy7qJfTQoMVBYlJ, this= 0x21b224d3ca0
[2025-04-17 16:48:57.981] [PSS] [info] [33900|21456]streaming_client_impl.cpp:25 ConnectToService: client_id= 7sy7qJfTQoMVBYlJ, name= 3D Engine, desp= StreamingSceneRender, this= 0x21b18437550
[2025-04-17 16:48:57.981] [PSS] [debug] [33900|26004]streaming_client_impl.cpp:137 InvokeConnectToService: connect to service through the network, port= 54000, this= 0x21b18437550
[2025-04-17 16:48:57.981] [PSS] [debug] [33900|26004]transport_client_tcp3.cpp:34 Start: buffer size(send\recv): 2097152\2097152, this= 0x21c06bd1a10
[2025-04-17 16:48:57.981] [PSS] [info] [33900|26004]transport_client_tcp3.cpp:59 Start: server= 127.0.0.1:54000, local=0.0.0.0:0, this= 0x21c06bd1a10
[2025-04-17 16:49:00.014] [PSS] [info] [33900|23848]streaming_client_impl.cpp:62 NotifyConnectResult: network connect to service result= 10061, this= 0x21b18437550
[2025-04-17 16:49:00.014] [PSS] [error] [33900|23848]streaming_client_impl.cpp:64 NotifyConnectResult: connect to service network error= 10061, this= 0x21b18437550
[2025-04-17 16:49:00.015] [PSS] [error] [33900|26004]streaming_driver_interface_impl.cpp:332 NotifyClientConnectResult: connect to service failed, Network Error, this= 0x21b224d3ca0
[2025-04-17 16:49:00.015] [PSS] [error] [33900|23848]transport_client_tcp3.cpp:129 HandleConnect: connected error= 由于目标计算机积极拒绝，无法连接。, this= 0x21c06bd1a10
[2025-04-17 16:53:22.869] [PSS] [debug] [33900|21456]streaming_driver_interface_impl.cpp:19 StreamingDriverInterfaceImpl: callback= 0x21ab031a930, this= 0x21b224cd070
[2025-04-17 16:53:22.870] [PSS] [error] [33900|21456]streaming_driver_interface_impl.cpp:115 SetTrackingOrigin: streaming not started, this= 0x21b224cd070
[2025-04-17 16:53:22.870] [PSS] [info] [33900|21456]streaming_driver_interface_impl.cpp:24 ConnectToService: connect to service, client_id= OYrYcbHbPSrfSE65, this= 0x21b224cd070
[2025-04-17 16:53:22.870] [PSS] [info] [33900|21456]streaming_client_impl.cpp:25 ConnectToService: client_id= OYrYcbHbPSrfSE65, name= 3D Engine, desp= StreamingSceneRender, this= 0x21b25a67c50
[2025-04-17 16:53:22.870] [PSS] [debug] [33900|28420]streaming_client_impl.cpp:137 InvokeConnectToService: connect to service through the network, port= 54000, this= 0x21b25a67c50
[2025-04-17 16:53:22.870] [PSS] [debug] [33900|28420]transport_client_tcp3.cpp:34 Start: buffer size(send\recv): 2097152\2097152, this= 0x21c06bd07b0
[2025-04-17 16:53:22.870] [PSS] [info] [33900|28420]transport_client_tcp3.cpp:59 Start: server= 127.0.0.1:54000, local=0.0.0.0:0, this= 0x21c06bd07b0
[2025-04-17 16:53:24.909] [PSS] [info] [33900|23404]streaming_client_impl.cpp:62 NotifyConnectResult: network connect to service result= 10061, this= 0x21b25a67c50
[2025-04-17 16:53:24.909] [PSS] [error] [33900|23404]streaming_client_impl.cpp:64 NotifyConnectResult: connect to service network error= 10061, this= 0x21b25a67c50
[2025-04-17 16:53:24.909] [PSS] [error] [33900|28420]streaming_driver_interface_impl.cpp:332 NotifyClientConnectResult: connect to service failed, Network Error, this= 0x21b224cd070
[2025-04-17 16:53:24.909] [PSS] [error] [33900|23404]transport_client_tcp3.cpp:129 HandleConnect: connected error= 由于目标计算机积极拒绝，无法连接。, this= 0x21c06bd07b0
[2025-04-17 18:02:22.771] [PSS] [debug] [33900|21456]streaming_driver_interface_impl.cpp:19 StreamingDriverInterfaceImpl: callback= 0x21b217e21b0, this= 0x21b224cf480
[2025-04-17 18:02:22.772] [PSS] [error] [33900|21456]streaming_driver_interface_impl.cpp:115 SetTrackingOrigin: streaming not started, this= 0x21b224cf480
[2025-04-17 18:02:22.772] [PSS] [info] [33900|21456]streaming_driver_interface_impl.cpp:24 ConnectToService: connect to service, client_id= ApzEZ2po9Z7YrDyN, this= 0x21b224cf480
[2025-04-17 18:02:22.772] [PSS] [info] [33900|21456]streaming_client_impl.cpp:25 ConnectToService: client_id= ApzEZ2po9Z7YrDyN, name= 3D Engine, desp= StreamingSceneRender, this= 0x21b3d8c26f0
[2025-04-17 18:02:22.772] [PSS] [debug] [33900|3032]streaming_client_impl.cpp:137 InvokeConnectToService: connect to service through the network, port= 54000, this= 0x21b3d8c26f0
[2025-04-17 18:02:22.773] [PSS] [debug] [33900|3032]transport_client_tcp3.cpp:34 Start: buffer size(send\recv): 2097152\2097152, this= 0x21c06bd0510
[2025-04-17 18:02:22.773] [PSS] [info] [33900|3032]transport_client_tcp3.cpp:59 Start: server= 127.0.0.1:54000, local=0.0.0.0:0, this= 0x21c06bd0510
[2025-04-17 18:02:24.814] [PSS] [info] [33900|22536]streaming_client_impl.cpp:62 NotifyConnectResult: network connect to service result= 10061, this= 0x21b3d8c26f0
[2025-04-17 18:02:24.814] [PSS] [error] [33900|22536]streaming_client_impl.cpp:64 NotifyConnectResult: connect to service network error= 10061, this= 0x21b3d8c26f0
[2025-04-17 18:02:24.814] [PSS] [error] [33900|3032]streaming_driver_interface_impl.cpp:332 NotifyClientConnectResult: connect to service failed, Network Error, this= 0x21b224cf480
[2025-04-17 18:02:24.814] [PSS] [error] [33900|22536]transport_client_tcp3.cpp:129 HandleConnect: connected error= 由于目标计算机积极拒绝，无法连接。, this= 0x21c06bd0510
[2025-04-17 21:54:00.100] [PSS] [info] ***********  Log Begin **********
[2025-04-17 21:54:00.100] [PSS] [info] process id= 6728
[2025-04-17 21:54:00.100] [PSS] [debug] [6728|4568]streaming_driver_interface_impl.cpp:19 StreamingDriverInterfaceImpl: callback= 0x226fd8908e0, this= 0x226b9a3dc70
[2025-04-17 21:54:00.100] [PSS] [error] [6728|4568]streaming_driver_interface_impl.cpp:115 SetTrackingOrigin: streaming not started, this= 0x226b9a3dc70
[2025-04-17 21:54:00.100] [PSS] [info] [6728|4568]streaming_driver_interface_impl.cpp:24 ConnectToService: connect to service, client_id= fsPaVmpllW1QSFnQ, this= 0x226b9a3dc70
[2025-04-17 21:54:00.100] [PSS] [info] [6728|4568]streaming_client_impl.cpp:25 ConnectToService: client_id= fsPaVmpllW1QSFnQ, name= 3D Engine, desp= StreamingSceneRender, this= 0x226dd1ccd10
[2025-04-17 21:54:00.101] [PSS] [debug] [6728|17576]streaming_client_impl.cpp:137 InvokeConnectToService: connect to service through the network, port= 54000, this= 0x226dd1ccd10
[2025-04-17 21:54:00.101] [PSS] [debug] [6728|17576]transport_client_tcp3.cpp:34 Start: buffer size(send\recv): 2097152\2097152, this= 0x226fdb77400
[2025-04-17 21:54:00.101] [PSS] [info] [6728|17576]transport_client_tcp3.cpp:59 Start: server= 127.0.0.1:54000, local=0.0.0.0:0, this= 0x226fdb77400
[2025-04-17 21:54:02.139] [PSS] [info] [6728|27972]streaming_client_impl.cpp:62 NotifyConnectResult: network connect to service result= 10061, this= 0x226dd1ccd10
[2025-04-17 21:54:02.139] [PSS] [error] [6728|27972]streaming_client_impl.cpp:64 NotifyConnectResult: connect to service network error= 10061, this= 0x226dd1ccd10
[2025-04-17 21:54:02.139] [PSS] [error] [6728|17576]streaming_driver_interface_impl.cpp:332 NotifyClientConnectResult: connect to service failed, Network Error, this= 0x226b9a3dc70
[2025-04-17 21:54:02.139] [PSS] [error] [6728|27972]transport_client_tcp3.cpp:129 HandleConnect: connected error= 由于目标计算机积极拒绝，无法连接。, this= 0x226fdb77400
[2025-04-17 21:55:33.993] [PSS] [debug] [6728|4568]streaming_driver_interface_impl.cpp:19 StreamingDriverInterfaceImpl: callback= 0x226b9085210, this= 0x224bb7173c0
[2025-04-17 21:55:33.994] [PSS] [error] [6728|4568]streaming_driver_interface_impl.cpp:115 SetTrackingOrigin: streaming not started, this= 0x224bb7173c0
[2025-04-17 21:55:33.994] [PSS] [info] [6728|4568]streaming_driver_interface_impl.cpp:24 ConnectToService: connect to service, client_id= MYBWwyGOX3SY5Ocf, this= 0x224bb7173c0
[2025-04-17 21:55:33.994] [PSS] [info] [6728|4568]streaming_client_impl.cpp:25 ConnectToService: client_id= MYBWwyGOX3SY5Ocf, name= 3D Engine, desp= StreamingSceneRender, this= 0x224bbdd83b0
[2025-04-17 21:55:33.994] [PSS] [debug] [6728|7364]streaming_client_impl.cpp:137 InvokeConnectToService: connect to service through the network, port= 54000, this= 0x224bbdd83b0
[2025-04-17 21:55:33.994] [PSS] [debug] [6728|7364]transport_client_tcp3.cpp:34 Start: buffer size(send\recv): 2097152\2097152, this= 0x224a6bcf8b0
[2025-04-17 21:55:33.994] [PSS] [info] [6728|7364]transport_client_tcp3.cpp:59 Start: server= 127.0.0.1:54000, local=0.0.0.0:0, this= 0x224a6bcf8b0
[2025-04-17 21:55:36.019] [PSS] [info] [6728|19888]streaming_client_impl.cpp:62 NotifyConnectResult: network connect to service result= 10061, this= 0x224bbdd83b0
[2025-04-17 21:55:36.019] [PSS] [error] [6728|19888]streaming_client_impl.cpp:64 NotifyConnectResult: connect to service network error= 10061, this= 0x224bbdd83b0
[2025-04-17 21:55:36.019] [PSS] [error] [6728|19888]transport_client_tcp3.cpp:129 HandleConnect: connected error= 由于目标计算机积极拒绝，无法连接。, this= 0x224a6bcf8b0
[2025-04-17 21:55:36.019] [PSS] [error] [6728|7364]streaming_driver_interface_impl.cpp:332 NotifyClientConnectResult: connect to service failed, Network Error, this= 0x224bb7173c0
[2025-04-17 21:56:52.158] [PSS] [debug] [6728|4568]streaming_driver_interface_impl.cpp:19 StreamingDriverInterfaceImpl: callback= 0x224bae06880, this= 0x224ae20cef0
[2025-04-17 21:56:52.159] [PSS] [error] [6728|4568]streaming_driver_interface_impl.cpp:115 SetTrackingOrigin: streaming not started, this= 0x224ae20cef0
[2025-04-17 21:56:52.159] [PSS] [info] [6728|4568]streaming_driver_interface_impl.cpp:24 ConnectToService: connect to service, client_id= ZWtvlVgZwTukPtTK, this= 0x224ae20cef0
[2025-04-17 21:56:52.159] [PSS] [info] [6728|4568]streaming_client_impl.cpp:25 ConnectToService: client_id= ZWtvlVgZwTukPtTK, name= 3D Engine, desp= StreamingSceneRender, this= 0x224aa0d6b30
[2025-04-17 21:56:52.159] [PSS] [debug] [6728|16160]streaming_client_impl.cpp:137 InvokeConnectToService: connect to service through the network, port= 54000, this= 0x224aa0d6b30
[2025-04-17 21:56:52.159] [PSS] [debug] [6728|16160]transport_client_tcp3.cpp:34 Start: buffer size(send\recv): 2097152\2097152, this= 0x224a6bd12f0
[2025-04-17 21:56:52.159] [PSS] [info] [6728|16160]transport_client_tcp3.cpp:59 Start: server= 127.0.0.1:54000, local=0.0.0.0:0, this= 0x224a6bd12f0
[2025-04-17 21:56:54.186] [PSS] [info] [6728|20240]streaming_client_impl.cpp:62 NotifyConnectResult: network connect to service result= 10061, this= 0x224aa0d6b30
[2025-04-17 21:56:54.186] [PSS] [error] [6728|20240]streaming_client_impl.cpp:64 NotifyConnectResult: connect to service network error= 10061, this= 0x224aa0d6b30
[2025-04-17 21:56:54.186] [PSS] [error] [6728|16160]streaming_driver_interface_impl.cpp:332 NotifyClientConnectResult: connect to service failed, Network Error, this= 0x224ae20cef0
[2025-04-17 21:56:54.186] [PSS] [error] [6728|20240]transport_client_tcp3.cpp:129 HandleConnect: connected error= 由于目标计算机积极拒绝，无法连接。, this= 0x224a6bd12f0
[2025-04-17 23:07:30.299] [PSS] [debug] [6728|4568]streaming_driver_interface_impl.cpp:19 StreamingDriverInterfaceImpl: callback= 0x224a71f3770, this= 0x224bba4dca0
[2025-04-17 23:07:30.300] [PSS] [error] [6728|4568]streaming_driver_interface_impl.cpp:115 SetTrackingOrigin: streaming not started, this= 0x224bba4dca0
[2025-04-17 23:07:30.300] [PSS] [info] [6728|4568]streaming_driver_interface_impl.cpp:24 ConnectToService: connect to service, client_id= q4GFF2FtUTf5Kj6L, this= 0x224bba4dca0
[2025-04-17 23:07:30.300] [PSS] [info] [6728|4568]streaming_client_impl.cpp:25 ConnectToService: client_id= q4GFF2FtUTf5Kj6L, name= 3D Engine, desp= StreamingSceneRender, this= 0x227cc8dc840
[2025-04-17 23:07:30.300] [PSS] [debug] [6728|19092]streaming_client_impl.cpp:137 InvokeConnectToService: connect to service through the network, port= 54000, this= 0x227cc8dc840
[2025-04-17 23:07:30.300] [PSS] [debug] [6728|19092]transport_client_tcp3.cpp:34 Start: buffer size(send\recv): 2097152\2097152, this= 0x227cedc25a0
[2025-04-17 23:07:30.300] [PSS] [info] [6728|19092]transport_client_tcp3.cpp:59 Start: server= 127.0.0.1:54000, local=0.0.0.0:0, this= 0x227cedc25a0
[2025-04-17 23:07:32.339] [PSS] [info] [6728|8236]streaming_client_impl.cpp:62 NotifyConnectResult: network connect to service result= 10061, this= 0x227cc8dc840
[2025-04-17 23:07:32.339] [PSS] [error] [6728|8236]streaming_client_impl.cpp:64 NotifyConnectResult: connect to service network error= 10061, this= 0x227cc8dc840
[2025-04-17 23:07:32.339] [PSS] [error] [6728|8236]transport_client_tcp3.cpp:129 HandleConnect: connected error= 由于目标计算机积极拒绝，无法连接。, this= 0x227cedc25a0
[2025-04-17 23:07:32.339] [PSS] [error] [6728|19092]streaming_driver_interface_impl.cpp:332 NotifyClientConnectResult: connect to service failed, Network Error, this= 0x224bba4dca0
[2025-04-17 23:22:17.683] [PSS] [debug] [6728|4568]streaming_driver_interface_impl.cpp:19 StreamingDriverInterfaceImpl: callback= 0x227a21fe680, this= 0x228084d9bc0
[2025-04-17 23:22:17.684] [PSS] [error] [6728|4568]streaming_driver_interface_impl.cpp:115 SetTrackingOrigin: streaming not started, this= 0x228084d9bc0
[2025-04-17 23:22:17.684] [PSS] [info] [6728|4568]streaming_driver_interface_impl.cpp:24 ConnectToService: connect to service, client_id= NKlrpApQ2MArqjoZ, this= 0x228084d9bc0
[2025-04-17 23:22:17.684] [PSS] [info] [6728|4568]streaming_client_impl.cpp:25 ConnectToService: client_id= NKlrpApQ2MArqjoZ, name= 3D Engine, desp= StreamingSceneRender, this= 0x226db7f0450
[2025-04-17 23:22:17.684] [PSS] [debug] [6728|19420]streaming_client_impl.cpp:137 InvokeConnectToService: connect to service through the network, port= 54000, this= 0x226db7f0450
[2025-04-17 23:22:17.684] [PSS] [debug] [6728|19420]transport_client_tcp3.cpp:34 Start: buffer size(send\recv): 2097152\2097152, this= 0x227cedbfe40
[2025-04-17 23:22:17.684] [PSS] [info] [6728|19420]transport_client_tcp3.cpp:59 Start: server= 127.0.0.1:54000, local=0.0.0.0:0, this= 0x227cedbfe40
[2025-04-17 23:22:19.728] [PSS] [info] [6728|22792]streaming_client_impl.cpp:62 NotifyConnectResult: network connect to service result= 10061, this= 0x226db7f0450
[2025-04-17 23:22:19.728] [PSS] [error] [6728|22792]streaming_client_impl.cpp:64 NotifyConnectResult: connect to service network error= 10061, this= 0x226db7f0450
[2025-04-17 23:22:19.728] [PSS] [error] [6728|22792]transport_client_tcp3.cpp:129 HandleConnect: connected error= 由于目标计算机积极拒绝，无法连接。, this= 0x227cedbfe40
[2025-04-17 23:22:19.728] [PSS] [error] [6728|19420]streaming_driver_interface_impl.cpp:332 NotifyClientConnectResult: connect to service failed, Network Error, this= 0x228084d9bc0
[2025-04-17 23:23:34.457] [PSS] [debug] [6728|4568]streaming_driver_interface_impl.cpp:19 StreamingDriverInterfaceImpl: callback= 0x224a68deec0, this= 0x227ad272b40
[2025-04-17 23:23:34.458] [PSS] [error] [6728|4568]streaming_driver_interface_impl.cpp:115 SetTrackingOrigin: streaming not started, this= 0x227ad272b40
[2025-04-17 23:23:34.458] [PSS] [info] [6728|4568]streaming_driver_interface_impl.cpp:24 ConnectToService: connect to service, client_id= 8KbTeQSNmFZ2rUPM, this= 0x227ad272b40
[2025-04-17 23:23:34.458] [PSS] [info] [6728|4568]streaming_client_impl.cpp:25 ConnectToService: client_id= 8KbTeQSNmFZ2rUPM, name= 3D Engine, desp= StreamingSceneRender, this= 0x227cc7aa920
[2025-04-17 23:23:34.458] [PSS] [debug] [6728|1664]streaming_client_impl.cpp:137 InvokeConnectToService: connect to service through the network, port= 54000, this= 0x227cc7aa920
[2025-04-17 23:23:34.458] [PSS] [debug] [6728|1664]transport_client_tcp3.cpp:34 Start: buffer size(send\recv): 2097152\2097152, this= 0x227cedc1dc0
[2025-04-17 23:23:34.458] [PSS] [info] [6728|1664]transport_client_tcp3.cpp:59 Start: server= 127.0.0.1:54000, local=0.0.0.0:0, this= 0x227cedc1dc0
[2025-04-17 23:23:36.505] [PSS] [info] [6728|22444]streaming_client_impl.cpp:62 NotifyConnectResult: network connect to service result= 10061, this= 0x227cc7aa920
[2025-04-17 23:23:36.505] [PSS] [error] [6728|22444]streaming_client_impl.cpp:64 NotifyConnectResult: connect to service network error= 10061, this= 0x227cc7aa920
[2025-04-17 23:23:36.505] [PSS] [error] [6728|22444]transport_client_tcp3.cpp:129 HandleConnect: connected error= 由于目标计算机积极拒绝，无法连接。, this= 0x227cedc1dc0
[2025-04-17 23:23:36.505] [PSS] [error] [6728|1664]streaming_driver_interface_impl.cpp:332 NotifyClientConnectResult: connect to service failed, Network Error, this= 0x227ad272b40
[2025-04-17 23:23:53.738] [PSS] [debug] [6728|4568]streaming_driver_interface_impl.cpp:19 StreamingDriverInterfaceImpl: callback= 0x22807a22570, this= 0x224ba611040
[2025-04-17 23:23:53.739] [PSS] [error] [6728|4568]streaming_driver_interface_impl.cpp:115 SetTrackingOrigin: streaming not started, this= 0x224ba611040
[2025-04-17 23:23:53.739] [PSS] [info] [6728|4568]streaming_driver_interface_impl.cpp:24 ConnectToService: connect to service, client_id= l6BeGbRYlZ92JMmK, this= 0x224ba611040
[2025-04-17 23:23:53.739] [PSS] [info] [6728|4568]streaming_client_impl.cpp:25 ConnectToService: client_id= l6BeGbRYlZ92JMmK, name= 3D Engine, desp= StreamingSceneRender, this= 0x227ccab9b80
[2025-04-17 23:23:53.739] [PSS] [debug] [6728|30124]streaming_client_impl.cpp:137 InvokeConnectToService: connect to service through the network, port= 54000, this= 0x227ccab9b80
[2025-04-17 23:23:53.739] [PSS] [debug] [6728|30124]transport_client_tcp3.cpp:34 Start: buffer size(send\recv): 2097152\2097152, this= 0x227cedbebe0
[2025-04-17 23:23:53.739] [PSS] [info] [6728|30124]transport_client_tcp3.cpp:59 Start: server= 127.0.0.1:54000, local=0.0.0.0:0, this= 0x227cedbebe0
[2025-04-17 23:23:55.782] [PSS] [info] [6728|13608]streaming_client_impl.cpp:62 NotifyConnectResult: network connect to service result= 10061, this= 0x227ccab9b80
[2025-04-17 23:23:55.782] [PSS] [error] [6728|13608]streaming_client_impl.cpp:64 NotifyConnectResult: connect to service network error= 10061, this= 0x227ccab9b80
[2025-04-17 23:23:55.783] [PSS] [error] [6728|30124]streaming_driver_interface_impl.cpp:332 NotifyClientConnectResult: connect to service failed, Network Error, this= 0x224ba611040
[2025-04-17 23:23:55.783] [PSS] [error] [6728|13608]transport_client_tcp3.cpp:129 HandleConnect: connected error= 由于目标计算机积极拒绝，无法连接。, this= 0x227cedbebe0
[2025-04-17 23:26:09.230] [PSS] [debug] [6728|4568]streaming_driver_interface_impl.cpp:19 StreamingDriverInterfaceImpl: callback= 0x227ce775070, this= 0x228084f1be0
[2025-04-17 23:26:09.231] [PSS] [error] [6728|4568]streaming_driver_interface_impl.cpp:115 SetTrackingOrigin: streaming not started, this= 0x228084f1be0
[2025-04-17 23:26:09.231] [PSS] [info] [6728|4568]streaming_driver_interface_impl.cpp:24 ConnectToService: connect to service, client_id= T6RzXrTDQ3pmVopO, this= 0x228084f1be0
[2025-04-17 23:26:09.231] [PSS] [info] [6728|4568]streaming_client_impl.cpp:25 ConnectToService: client_id= T6RzXrTDQ3pmVopO, name= 3D Engine, desp= StreamingSceneRender, this= 0x226dd5887c0
[2025-04-17 23:26:09.231] [PSS] [debug] [6728|11512]streaming_client_impl.cpp:137 InvokeConnectToService: connect to service through the network, port= 54000, this= 0x226dd5887c0
[2025-04-17 23:26:09.231] [PSS] [debug] [6728|11512]transport_client_tcp3.cpp:34 Start: buffer size(send\recv): 2097152\2097152, this= 0x227cedc0b60
[2025-04-17 23:26:09.231] [PSS] [info] [6728|11512]transport_client_tcp3.cpp:59 Start: server= 127.0.0.1:54000, local=0.0.0.0:0, this= 0x227cedc0b60
[2025-04-17 23:26:11.273] [PSS] [info] [6728|11364]streaming_client_impl.cpp:62 NotifyConnectResult: network connect to service result= 10061, this= 0x226dd5887c0
[2025-04-17 23:26:11.273] [PSS] [error] [6728|11364]streaming_client_impl.cpp:64 NotifyConnectResult: connect to service network error= 10061, this= 0x226dd5887c0
[2025-04-17 23:26:11.273] [PSS] [error] [6728|11512]streaming_driver_interface_impl.cpp:332 NotifyClientConnectResult: connect to service failed, Network Error, this= 0x228084f1be0
[2025-04-17 23:26:11.273] [PSS] [error] [6728|11364]transport_client_tcp3.cpp:129 HandleConnect: connected error= 由于目标计算机积极拒绝，无法连接。, this= 0x227cedc0b60
[2025-04-17 23:26:47.592] [PSS] [debug] [6728|4568]streaming_driver_interface_impl.cpp:19 StreamingDriverInterfaceImpl: callback= 0x227ce26de60, this= 0x224ba611040
[2025-04-17 23:26:47.593] [PSS] [error] [6728|4568]streaming_driver_interface_impl.cpp:115 SetTrackingOrigin: streaming not started, this= 0x224ba611040
[2025-04-17 23:26:47.593] [PSS] [info] [6728|4568]streaming_driver_interface_impl.cpp:24 ConnectToService: connect to service, client_id= YDoDFQVjh3Y2IjcV, this= 0x224ba611040
[2025-04-17 23:26:47.593] [PSS] [info] [6728|4568]streaming_client_impl.cpp:25 ConnectToService: client_id= YDoDFQVjh3Y2IjcV, name= 3D Engine, desp= StreamingSceneRender, this= 0x226dd588490
[2025-04-17 23:26:47.593] [PSS] [debug] [6728|26548]streaming_client_impl.cpp:137 InvokeConnectToService: connect to service through the network, port= 54000, this= 0x226dd588490
[2025-04-17 23:26:47.593] [PSS] [debug] [6728|26548]transport_client_tcp3.cpp:34 Start: buffer size(send\recv): 2097152\2097152, this= 0x227cedc2060
[2025-04-17 23:26:47.593] [PSS] [info] [6728|26548]transport_client_tcp3.cpp:59 Start: server= 127.0.0.1:54000, local=0.0.0.0:0, this= 0x227cedc2060
[2025-04-17 23:26:49.626] [PSS] [info] [6728|23148]streaming_client_impl.cpp:62 NotifyConnectResult: network connect to service result= 10061, this= 0x226dd588490
[2025-04-17 23:26:49.626] [PSS] [error] [6728|23148]streaming_client_impl.cpp:64 NotifyConnectResult: connect to service network error= 10061, this= 0x226dd588490
[2025-04-17 23:26:49.626] [PSS] [error] [6728|26548]streaming_driver_interface_impl.cpp:332 NotifyClientConnectResult: connect to service failed, Network Error, this= 0x224ba611040
[2025-04-17 23:26:49.626] [PSS] [error] [6728|23148]transport_client_tcp3.cpp:129 HandleConnect: connected error= 由于目标计算机积极拒绝，无法连接。, this= 0x227cedc2060
[2025-04-18 16:39:20.448] [PSS] [info] ***********  Log Begin **********
[2025-04-18 16:39:20.448] [PSS] [info] process id= 8012
[2025-04-18 16:39:20.448] [PSS] [debug] [8012|37720]streaming_driver_interface_impl.cpp:19 StreamingDriverInterfaceImpl: callback= 0x243add97630, this= 0x2408c18c040
[2025-04-18 16:39:20.449] [PSS] [error] [8012|37720]streaming_driver_interface_impl.cpp:115 SetTrackingOrigin: streaming not started, this= 0x2408c18c040
[2025-04-18 16:39:20.449] [PSS] [info] [8012|37720]streaming_driver_interface_impl.cpp:24 ConnectToService: connect to service, client_id= V4Qluj9fsDW1snrL, this= 0x2408c18c040
[2025-04-18 16:39:20.449] [PSS] [info] [8012|37720]streaming_client_impl.cpp:25 ConnectToService: client_id= V4Qluj9fsDW1snrL, name= 3D Engine, desp= StreamingSceneRender, this= 0x24082c755c0
[2025-04-18 16:39:20.449] [PSS] [debug] [8012|14332]streaming_client_impl.cpp:137 InvokeConnectToService: connect to service through the network, port= 54000, this= 0x24082c755c0
[2025-04-18 16:39:20.450] [PSS] [debug] [8012|14332]transport_client_tcp3.cpp:34 Start: buffer size(send\recv): 2097152\2097152, this= 0x243a2dc8180
[2025-04-18 16:39:20.450] [PSS] [info] [8012|14332]transport_client_tcp3.cpp:59 Start: server= 127.0.0.1:54000, local=0.0.0.0:0, this= 0x243a2dc8180
[2025-04-18 16:39:22.503] [PSS] [info] [8012|15288]streaming_client_impl.cpp:62 NotifyConnectResult: network connect to service result= 10061, this= 0x24082c755c0
[2025-04-18 16:39:22.503] [PSS] [error] [8012|15288]streaming_client_impl.cpp:64 NotifyConnectResult: connect to service network error= 10061, this= 0x24082c755c0
[2025-04-18 16:39:22.503] [PSS] [error] [8012|14332]streaming_driver_interface_impl.cpp:332 NotifyClientConnectResult: connect to service failed, Network Error, this= 0x2408c18c040
[2025-04-18 16:39:22.503] [PSS] [error] [8012|15288]transport_client_tcp3.cpp:129 HandleConnect: connected error= 由于目标计算机积极拒绝，无法连接。, this= 0x243a2dc8180
[2025-04-18 16:39:48.303] [PSS] [debug] [8012|37720]streaming_driver_interface_impl.cpp:19 StreamingDriverInterfaceImpl: callback= 0x240864774b0, this= 0x24085280b60
[2025-04-18 16:39:48.304] [PSS] [error] [8012|37720]streaming_driver_interface_impl.cpp:115 SetTrackingOrigin: streaming not started, this= 0x24085280b60
[2025-04-18 16:39:48.304] [PSS] [info] [8012|37720]streaming_driver_interface_impl.cpp:24 ConnectToService: connect to service, client_id= apv8O3U4sYQSVjeh, this= 0x24085280b60
[2025-04-18 16:39:48.304] [PSS] [info] [8012|37720]streaming_client_impl.cpp:25 ConnectToService: client_id= apv8O3U4sYQSVjeh, name= 3D Engine, desp= StreamingSceneRender, this= 0x242d8e77d30
[2025-04-18 16:39:48.304] [PSS] [debug] [8012|15548]streaming_client_impl.cpp:137 InvokeConnectToService: connect to service through the network, port= 54000, this= 0x242d8e77d30
[2025-04-18 16:39:48.304] [PSS] [debug] [8012|15548]transport_client_tcp3.cpp:34 Start: buffer size(send\recv): 2097152\2097152, this= 0x243a2dc6200
[2025-04-18 16:39:48.304] [PSS] [info] [8012|15548]transport_client_tcp3.cpp:59 Start: server= 127.0.0.1:54000, local=0.0.0.0:0, this= 0x243a2dc6200
[2025-04-18 16:39:50.363] [PSS] [info] [8012|6324]streaming_client_impl.cpp:62 NotifyConnectResult: network connect to service result= 10061, this= 0x242d8e77d30
[2025-04-18 16:39:50.363] [PSS] [error] [8012|6324]streaming_client_impl.cpp:64 NotifyConnectResult: connect to service network error= 10061, this= 0x242d8e77d30
[2025-04-18 16:39:50.363] [PSS] [error] [8012|15548]streaming_driver_interface_impl.cpp:332 NotifyClientConnectResult: connect to service failed, Network Error, this= 0x24085280b60
[2025-04-18 16:39:50.363] [PSS] [error] [8012|6324]transport_client_tcp3.cpp:129 HandleConnect: connected error= 由于目标计算机积极拒绝，无法连接。, this= 0x243a2dc6200
[2025-04-18 16:41:56.400] [PSS] [debug] [8012|37720]streaming_driver_interface_impl.cpp:19 StreamingDriverInterfaceImpl: callback= 0x243a2dd13c0, this= 0x2408fbd8690
[2025-04-18 16:41:56.401] [PSS] [error] [8012|37720]streaming_driver_interface_impl.cpp:115 SetTrackingOrigin: streaming not started, this= 0x2408fbd8690
[2025-04-18 16:41:56.401] [PSS] [info] [8012|37720]streaming_driver_interface_impl.cpp:24 ConnectToService: connect to service, client_id= KKpUwBtzYNodQ6Gw, this= 0x2408fbd8690
[2025-04-18 16:41:56.401] [PSS] [info] [8012|37720]streaming_client_impl.cpp:25 ConnectToService: client_id= KKpUwBtzYNodQ6Gw, name= 3D Engine, desp= StreamingSceneRender, this= 0x243a2c4d3b0
[2025-04-18 16:41:56.401] [PSS] [debug] [8012|34248]streaming_client_impl.cpp:137 InvokeConnectToService: connect to service through the network, port= 54000, this= 0x243a2c4d3b0
[2025-04-18 16:41:56.401] [PSS] [debug] [8012|34248]transport_client_tcp3.cpp:34 Start: buffer size(send\recv): 2097152\2097152, this= 0x243a2dc8180
[2025-04-18 16:41:56.401] [PSS] [info] [8012|34248]transport_client_tcp3.cpp:59 Start: server= 127.0.0.1:54000, local=0.0.0.0:0, this= 0x243a2dc8180
[2025-04-18 16:41:58.437] [PSS] [info] [8012|1596]streaming_client_impl.cpp:62 NotifyConnectResult: network connect to service result= 10061, this= 0x243a2c4d3b0
[2025-04-18 16:41:58.437] [PSS] [error] [8012|1596]streaming_client_impl.cpp:64 NotifyConnectResult: connect to service network error= 10061, this= 0x243a2c4d3b0
[2025-04-18 16:41:58.437] [PSS] [error] [8012|34248]streaming_driver_interface_impl.cpp:332 NotifyClientConnectResult: connect to service failed, Network Error, this= 0x2408fbd8690
[2025-04-18 16:41:58.437] [PSS] [error] [8012|1596]transport_client_tcp3.cpp:129 HandleConnect: connected error= 由于目标计算机积极拒绝，无法连接。, this= 0x243a2dc8180
[2025-04-18 19:54:03.801] [PSS] [info] ***********  Log Begin **********
[2025-04-18 19:54:03.801] [PSS] [info] process id= 35888
[2025-04-18 19:54:03.801] [PSS] [debug] [35888|1360]streaming_driver_interface_impl.cpp:19 StreamingDriverInterfaceImpl: callback= 0x2b6a2078c30, this= 0x2b5dccd2640
[2025-04-18 19:54:03.801] [PSS] [error] [35888|1360]streaming_driver_interface_impl.cpp:115 SetTrackingOrigin: streaming not started, this= 0x2b5dccd2640
[2025-04-18 19:54:03.801] [PSS] [info] [35888|1360]streaming_driver_interface_impl.cpp:24 ConnectToService: connect to service, client_id= hZwMNgRAFijkJLlB, this= 0x2b5dccd2640
[2025-04-18 19:54:03.801] [PSS] [info] [35888|1360]streaming_client_impl.cpp:25 ConnectToService: client_id= hZwMNgRAFijkJLlB, name= 3D Engine, desp= StreamingSceneRender, this= 0x2b6b0e4e570
[2025-04-18 19:54:03.802] [PSS] [debug] [35888|20904]streaming_client_impl.cpp:137 InvokeConnectToService: connect to service through the network, port= 54000, this= 0x2b6b0e4e570
[2025-04-18 19:54:03.802] [PSS] [debug] [35888|20904]transport_client_tcp3.cpp:34 Start: buffer size(send\recv): 2097152\2097152, this= 0x2b6a2d528e0
[2025-04-18 19:54:03.802] [PSS] [info] [35888|20904]transport_client_tcp3.cpp:59 Start: server= 127.0.0.1:54000, local=0.0.0.0:0, this= 0x2b6a2d528e0
[2025-04-18 19:54:05.841] [PSS] [info] [35888|25464]streaming_client_impl.cpp:62 NotifyConnectResult: network connect to service result= 10061, this= 0x2b6b0e4e570
[2025-04-18 19:54:05.841] [PSS] [error] [35888|25464]streaming_client_impl.cpp:64 NotifyConnectResult: connect to service network error= 10061, this= 0x2b6b0e4e570
[2025-04-18 19:54:05.841] [PSS] [error] [35888|25464]transport_client_tcp3.cpp:129 HandleConnect: connected error= 由于目标计算机积极拒绝，无法连接。, this= 0x2b6a2d528e0
[2025-04-18 19:54:05.841] [PSS] [error] [35888|20904]streaming_driver_interface_impl.cpp:332 NotifyClientConnectResult: connect to service failed, Network Error, this= 0x2b5dccd2640
[2025-04-18 20:08:36.651] [PSS] [debug] [35888|1360]streaming_driver_interface_impl.cpp:19 StreamingDriverInterfaceImpl: callback= 0x2b6b721b760, this= 0x2b3dc1c3020
[2025-04-18 20:08:36.652] [PSS] [error] [35888|1360]streaming_driver_interface_impl.cpp:115 SetTrackingOrigin: streaming not started, this= 0x2b3dc1c3020
[2025-04-18 20:08:36.652] [PSS] [info] [35888|1360]streaming_driver_interface_impl.cpp:24 ConnectToService: connect to service, client_id= iAM4fzZKYtFPuRML, this= 0x2b3dc1c3020
[2025-04-18 20:08:36.652] [PSS] [info] [35888|1360]streaming_client_impl.cpp:25 ConnectToService: client_id= iAM4fzZKYtFPuRML, name= 3D Engine, desp= StreamingSceneRender, this= 0x2b6ba1211a0
[2025-04-18 20:08:36.652] [PSS] [debug] [35888|15968]streaming_client_impl.cpp:137 InvokeConnectToService: connect to service through the network, port= 54000, this= 0x2b6ba1211a0
[2025-04-18 20:08:36.653] [PSS] [debug] [35888|15968]transport_client_tcp3.cpp:34 Start: buffer size(send\recv): 2097152\2097152, this= 0x2b6a2d4fc40
[2025-04-18 20:08:36.653] [PSS] [info] [35888|15968]transport_client_tcp3.cpp:59 Start: server= 127.0.0.1:54000, local=0.0.0.0:0, this= 0x2b6a2d4fc40
[2025-04-18 20:08:38.686] [PSS] [info] [35888|36584]streaming_client_impl.cpp:62 NotifyConnectResult: network connect to service result= 10061, this= 0x2b6ba1211a0
[2025-04-18 20:08:38.686] [PSS] [error] [35888|36584]streaming_client_impl.cpp:64 NotifyConnectResult: connect to service network error= 10061, this= 0x2b6ba1211a0
[2025-04-18 20:08:38.686] [PSS] [error] [35888|15968]streaming_driver_interface_impl.cpp:332 NotifyClientConnectResult: connect to service failed, Network Error, this= 0x2b3dc1c3020
[2025-04-18 20:08:38.686] [PSS] [error] [35888|36584]transport_client_tcp3.cpp:129 HandleConnect: connected error= 由于目标计算机积极拒绝，无法连接。, this= 0x2b6a2d4fc40
[2025-04-18 20:32:37.673] [PSS] [debug] [35888|1360]streaming_driver_interface_impl.cpp:19 StreamingDriverInterfaceImpl: callback= 0x2b6d8c0b7a0, this= 0x2b3df3b4b40
[2025-04-18 20:32:37.674] [PSS] [error] [35888|1360]streaming_driver_interface_impl.cpp:115 SetTrackingOrigin: streaming not started, this= 0x2b3df3b4b40
[2025-04-18 20:32:37.674] [PSS] [info] [35888|1360]streaming_driver_interface_impl.cpp:24 ConnectToService: connect to service, client_id= a5BkWw6NrO92haQ1, this= 0x2b3df3b4b40
[2025-04-18 20:32:37.674] [PSS] [info] [35888|1360]streaming_client_impl.cpp:25 ConnectToService: client_id= a5BkWw6NrO92haQ1, name= 3D Engine, desp= StreamingSceneRender, this= 0x2b3c802a7c0
[2025-04-18 20:32:37.674] [PSS] [debug] [35888|24024]streaming_client_impl.cpp:137 InvokeConnectToService: connect to service through the network, port= 54000, this= 0x2b3c802a7c0
[2025-04-18 20:32:37.674] [PSS] [debug] [35888|24024]transport_client_tcp3.cpp:34 Start: buffer size(send\recv): 2097152\2097152, this= 0x2b5db7bd330
[2025-04-18 20:32:37.674] [PSS] [info] [35888|24024]transport_client_tcp3.cpp:59 Start: server= 127.0.0.1:54000, local=0.0.0.0:0, this= 0x2b5db7bd330
[2025-04-18 20:32:39.717] [PSS] [info] [35888|15200]streaming_client_impl.cpp:62 NotifyConnectResult: network connect to service result= 10061, this= 0x2b3c802a7c0
[2025-04-18 20:32:39.717] [PSS] [error] [35888|15200]streaming_client_impl.cpp:64 NotifyConnectResult: connect to service network error= 10061, this= 0x2b3c802a7c0
[2025-04-18 20:32:39.717] [PSS] [error] [35888|24024]streaming_driver_interface_impl.cpp:332 NotifyClientConnectResult: connect to service failed, Network Error, this= 0x2b3df3b4b40
[2025-04-18 20:32:39.717] [PSS] [error] [35888|15200]transport_client_tcp3.cpp:129 HandleConnect: connected error= 由于目标计算机积极拒绝，无法连接。, this= 0x2b5db7bd330
[2025-04-18 23:48:00.568] [PSS] [info] ***********  Log Begin **********
[2025-04-18 23:48:00.568] [PSS] [info] process id= 21336
[2025-04-18 23:48:00.568] [PSS] [debug] [21336|20804]streaming_driver_interface_impl.cpp:19 StreamingDriverInterfaceImpl: callback= 0x1bb90292790, this= 0x1baf4110760
[2025-04-18 23:48:00.568] [PSS] [error] [21336|20804]streaming_driver_interface_impl.cpp:115 SetTrackingOrigin: streaming not started, this= 0x1baf4110760
[2025-04-18 23:48:00.568] [PSS] [info] [21336|20804]streaming_driver_interface_impl.cpp:24 ConnectToService: connect to service, client_id= Tq7fkUUSyZ9zmune, this= 0x1baf4110760
[2025-04-18 23:48:00.568] [PSS] [info] [21336|20804]streaming_client_impl.cpp:25 ConnectToService: client_id= Tq7fkUUSyZ9zmune, name= 3D Engine, desp= StreamingSceneRender, this= 0x1bbd71942b0
[2025-04-18 23:48:00.569] [PSS] [debug] [21336|20624]streaming_client_impl.cpp:137 InvokeConnectToService: connect to service through the network, port= 54000, this= 0x1bbd71942b0
[2025-04-18 23:48:00.569] [PSS] [debug] [21336|20624]transport_client_tcp3.cpp:34 Start: buffer size(send\recv): 2097152\2097152, this= 0x1bad2fb47e0
[2025-04-18 23:48:00.569] [PSS] [info] [21336|20624]transport_client_tcp3.cpp:59 Start: server= 127.0.0.1:54000, local=0.0.0.0:0, this= 0x1bad2fb47e0
[2025-04-18 23:48:02.611] [PSS] [info] [21336|37108]streaming_client_impl.cpp:62 NotifyConnectResult: network connect to service result= 10061, this= 0x1bbd71942b0
[2025-04-18 23:48:02.611] [PSS] [error] [21336|37108]streaming_client_impl.cpp:64 NotifyConnectResult: connect to service network error= 10061, this= 0x1bbd71942b0
[2025-04-18 23:48:02.611] [PSS] [error] [21336|20624]streaming_driver_interface_impl.cpp:332 NotifyClientConnectResult: connect to service failed, Network Error, this= 0x1baf4110760
[2025-04-18 23:48:02.611] [PSS] [error] [21336|37108]transport_client_tcp3.cpp:129 HandleConnect: connected error= 由于目标计算机积极拒绝，无法连接。, this= 0x1bad2fb47e0
[2025-04-19 09:41:01.055] [PSS] [info] ***********  Log Begin **********
[2025-04-19 09:41:01.055] [PSS] [info] process id= 20412
[2025-04-19 09:41:01.055] [PSS] [debug] [20412|32796]streaming_driver_interface_impl.cpp:19 StreamingDriverInterfaceImpl: callback= 0x199f897d650, this= 0x197a72b8c50
[2025-04-19 09:41:01.055] [PSS] [error] [20412|32796]streaming_driver_interface_impl.cpp:115 SetTrackingOrigin: streaming not started, this= 0x197a72b8c50
[2025-04-19 09:41:01.055] [PSS] [info] [20412|32796]streaming_driver_interface_impl.cpp:24 ConnectToService: connect to service, client_id= uE715cNCkfWOB4A8, this= 0x197a72b8c50
[2025-04-19 09:41:01.055] [PSS] [info] [20412|32796]streaming_client_impl.cpp:25 ConnectToService: client_id= uE715cNCkfWOB4A8, name= 3D Engine, desp= StreamingSceneRender, this= 0x197b9467130
[2025-04-19 09:41:01.055] [PSS] [debug] [20412|21964]streaming_client_impl.cpp:137 InvokeConnectToService: connect to service through the network, port= 54000, this= 0x197b9467130
[2025-04-19 09:41:01.056] [PSS] [debug] [20412|21964]transport_client_tcp3.cpp:34 Start: buffer size(send\recv): 2097152\2097152, this= 0x197a4984210
[2025-04-19 09:41:01.056] [PSS] [info] [20412|21964]transport_client_tcp3.cpp:59 Start: server= 127.0.0.1:54000, local=0.0.0.0:0, this= 0x197a4984210
[2025-04-19 09:41:03.107] [PSS] [info] [20412|27180]streaming_client_impl.cpp:62 NotifyConnectResult: network connect to service result= 10061, this= 0x197b9467130
[2025-04-19 09:41:03.107] [PSS] [error] [20412|27180]streaming_client_impl.cpp:64 NotifyConnectResult: connect to service network error= 10061, this= 0x197b9467130
[2025-04-19 09:41:03.107] [PSS] [error] [20412|21964]streaming_driver_interface_impl.cpp:332 NotifyClientConnectResult: connect to service failed, Network Error, this= 0x197a72b8c50
[2025-04-19 09:41:03.107] [PSS] [error] [20412|27180]transport_client_tcp3.cpp:129 HandleConnect: connected error= 由于目标计算机积极拒绝，无法连接。, this= 0x197a4984210
[2025-04-19 09:41:12.793] [PSS] [debug] [20412|32796]streaming_driver_interface_impl.cpp:19 StreamingDriverInterfaceImpl: callback= 0x197a6f56200, this= 0x197b5285860
[2025-04-19 09:41:12.794] [PSS] [error] [20412|32796]streaming_driver_interface_impl.cpp:115 SetTrackingOrigin: streaming not started, this= 0x197b5285860
[2025-04-19 09:41:12.794] [PSS] [info] [20412|32796]streaming_driver_interface_impl.cpp:24 ConnectToService: connect to service, client_id= tI9k189YPmernNuT, this= 0x197b5285860
[2025-04-19 09:41:12.794] [PSS] [info] [20412|32796]streaming_client_impl.cpp:25 ConnectToService: client_id= tI9k189YPmernNuT, name= 3D Engine, desp= StreamingSceneRender, this= 0x197b4ada310
[2025-04-19 09:41:12.794] [PSS] [debug] [20412|32336]streaming_client_impl.cpp:137 InvokeConnectToService: connect to service through the network, port= 54000, this= 0x197b4ada310
[2025-04-19 09:41:12.794] [PSS] [debug] [20412|32336]transport_client_tcp3.cpp:34 Start: buffer size(send\recv): 2097152\2097152, this= 0x197b4a1a5e0
[2025-04-19 09:41:12.794] [PSS] [info] [20412|32336]transport_client_tcp3.cpp:59 Start: server= 127.0.0.1:54000, local=0.0.0.0:0, this= 0x197b4a1a5e0
[2025-04-19 09:41:14.836] [PSS] [info] [20412|9756]streaming_client_impl.cpp:62 NotifyConnectResult: network connect to service result= 10061, this= 0x197b4ada310
[2025-04-19 09:41:14.836] [PSS] [error] [20412|9756]streaming_client_impl.cpp:64 NotifyConnectResult: connect to service network error= 10061, this= 0x197b4ada310
[2025-04-19 09:41:14.836] [PSS] [error] [20412|32336]streaming_driver_interface_impl.cpp:332 NotifyClientConnectResult: connect to service failed, Network Error, this= 0x197b5285860
[2025-04-19 09:41:14.836] [PSS] [error] [20412|9756]transport_client_tcp3.cpp:129 HandleConnect: connected error= 由于目标计算机积极拒绝，无法连接。, this= 0x197b4a1a5e0
[2025-04-19 09:41:57.988] [PSS] [debug] [20412|32796]streaming_driver_interface_impl.cpp:19 StreamingDriverInterfaceImpl: callback= 0x197b538e9c0, this= 0x197b3b2af80
[2025-04-19 09:41:57.989] [PSS] [error] [20412|32796]streaming_driver_interface_impl.cpp:115 SetTrackingOrigin: streaming not started, this= 0x197b3b2af80
[2025-04-19 09:41:57.989] [PSS] [info] [20412|32796]streaming_driver_interface_impl.cpp:24 ConnectToService: connect to service, client_id= AwhsX8zQQTJwnwHh, this= 0x197b3b2af80
[2025-04-19 09:41:57.989] [PSS] [info] [20412|32796]streaming_client_impl.cpp:25 ConnectToService: client_id= AwhsX8zQQTJwnwHh, name= 3D Engine, desp= StreamingSceneRender, this= 0x197b9467ac0
[2025-04-19 09:41:57.989] [PSS] [debug] [20412|1188]streaming_client_impl.cpp:137 InvokeConnectToService: connect to service through the network, port= 54000, this= 0x197b9467ac0
[2025-04-19 09:41:57.989] [PSS] [debug] [20412|1188]transport_client_tcp3.cpp:34 Start: buffer size(send\recv): 2097152\2097152, this= 0x197b54c3280
[2025-04-19 09:41:57.990] [PSS] [info] [20412|1188]transport_client_tcp3.cpp:59 Start: server= 127.0.0.1:54000, local=0.0.0.0:0, this= 0x197b54c3280
[2025-04-19 09:42:00.024] [PSS] [info] [20412|19084]streaming_client_impl.cpp:62 NotifyConnectResult: network connect to service result= 10061, this= 0x197b9467ac0
[2025-04-19 09:42:00.024] [PSS] [error] [20412|19084]streaming_client_impl.cpp:64 NotifyConnectResult: connect to service network error= 10061, this= 0x197b9467ac0
[2025-04-19 09:42:00.024] [PSS] [error] [20412|1188]streaming_driver_interface_impl.cpp:332 NotifyClientConnectResult: connect to service failed, Network Error, this= 0x197b3b2af80
[2025-04-19 09:42:00.024] [PSS] [error] [20412|19084]transport_client_tcp3.cpp:129 HandleConnect: connected error= 由于目标计算机积极拒绝，无法连接。, this= 0x197b54c3280
[2025-04-19 10:57:21.552] [PSS] [debug] [20412|32796]streaming_driver_interface_impl.cpp:19 StreamingDriverInterfaceImpl: callback= 0x199d58b47f0, this= 0x19ac39fe030
[2025-04-19 10:57:21.553] [PSS] [error] [20412|32796]streaming_driver_interface_impl.cpp:115 SetTrackingOrigin: streaming not started, this= 0x19ac39fe030
[2025-04-19 10:57:21.553] [PSS] [info] [20412|32796]streaming_driver_interface_impl.cpp:24 ConnectToService: connect to service, client_id= wJdrgV2GBdy6kkMU, this= 0x19ac39fe030
[2025-04-19 10:57:21.553] [PSS] [info] [20412|32796]streaming_client_impl.cpp:25 ConnectToService: client_id= wJdrgV2GBdy6kkMU, name= 3D Engine, desp= StreamingSceneRender, this= 0x197b3ba53e0
[2025-04-19 10:57:21.553] [PSS] [debug] [20412|33128]streaming_client_impl.cpp:137 InvokeConnectToService: connect to service through the network, port= 54000, this= 0x197b3ba53e0
[2025-04-19 10:57:21.553] [PSS] [debug] [20412|33128]transport_client_tcp3.cpp:34 Start: buffer size(send\recv): 2097152\2097152, this= 0x19ac31c8410
[2025-04-19 10:57:21.553] [PSS] [info] [20412|33128]transport_client_tcp3.cpp:59 Start: server= 127.0.0.1:54000, local=0.0.0.0:0, this= 0x19ac31c8410
[2025-04-19 10:57:23.601] [PSS] [info] [20412|26916]streaming_client_impl.cpp:62 NotifyConnectResult: network connect to service result= 10061, this= 0x197b3ba53e0
[2025-04-19 10:57:23.601] [PSS] [error] [20412|26916]streaming_client_impl.cpp:64 NotifyConnectResult: connect to service network error= 10061, this= 0x197b3ba53e0
[2025-04-19 10:57:23.601] [PSS] [error] [20412|26916]transport_client_tcp3.cpp:129 HandleConnect: connected error= 由于目标计算机积极拒绝，无法连接。, this= 0x19ac31c8410
[2025-04-19 10:57:23.601] [PSS] [error] [20412|33128]streaming_driver_interface_impl.cpp:332 NotifyClientConnectResult: connect to service failed, Network Error, this= 0x19ac39fe030
[2025-04-19 10:58:03.331] [PSS] [debug] [20412|32796]streaming_driver_interface_impl.cpp:19 StreamingDriverInterfaceImpl: callback= 0x197b94b72e0, this= 0x19ac3bacb50
[2025-04-19 10:58:03.331] [PSS] [error] [20412|32796]streaming_driver_interface_impl.cpp:115 SetTrackingOrigin: streaming not started, this= 0x19ac3bacb50
[2025-04-19 10:58:03.331] [PSS] [info] [20412|32796]streaming_driver_interface_impl.cpp:24 ConnectToService: connect to service, client_id= kFmnt9AnvxQ4Uypq, this= 0x19ac3bacb50
[2025-04-19 10:58:03.331] [PSS] [info] [20412|32796]streaming_client_impl.cpp:25 ConnectToService: client_id= kFmnt9AnvxQ4Uypq, name= 3D Engine, desp= StreamingSceneRender, this= 0x197b4fb6e40
[2025-04-19 10:58:03.331] [PSS] [debug] [20412|33464]streaming_client_impl.cpp:137 InvokeConnectToService: connect to service through the network, port= 54000, this= 0x197b4fb6e40
[2025-04-19 10:58:03.332] [PSS] [debug] [20412|33464]transport_client_tcp3.cpp:34 Start: buffer size(send\recv): 2097152\2097152, this= 0x197b6241350
[2025-04-19 10:58:03.332] [PSS] [info] [20412|33464]transport_client_tcp3.cpp:59 Start: server= 127.0.0.1:54000, local=0.0.0.0:0, this= 0x197b6241350
[2025-04-19 10:58:05.380] [PSS] [info] [20412|16452]streaming_client_impl.cpp:62 NotifyConnectResult: network connect to service result= 10061, this= 0x197b4fb6e40
[2025-04-19 10:58:05.380] [PSS] [error] [20412|16452]streaming_client_impl.cpp:64 NotifyConnectResult: connect to service network error= 10061, this= 0x197b4fb6e40
[2025-04-19 10:58:05.380] [PSS] [error] [20412|16452]transport_client_tcp3.cpp:129 HandleConnect: connected error= 由于目标计算机积极拒绝，无法连接。, this= 0x197b6241350
[2025-04-19 10:58:05.380] [PSS] [error] [20412|33464]streaming_driver_interface_impl.cpp:332 NotifyClientConnectResult: connect to service failed, Network Error, this= 0x19ac3bacb50
[2025-04-19 11:01:17.797] [PSS] [debug] [20412|32796]streaming_driver_interface_impl.cpp:19 StreamingDriverInterfaceImpl: callback= 0x199b2b9a7f0, this= 0x19ac33e2020
[2025-04-19 11:01:17.797] [PSS] [error] [20412|32796]streaming_driver_interface_impl.cpp:115 SetTrackingOrigin: streaming not started, this= 0x19ac33e2020
[2025-04-19 11:01:17.797] [PSS] [info] [20412|32796]streaming_driver_interface_impl.cpp:24 ConnectToService: connect to service, client_id= 6NyALtAxL9qpqoQg, this= 0x19ac33e2020
[2025-04-19 11:01:17.797] [PSS] [info] [20412|32796]streaming_client_impl.cpp:25 ConnectToService: client_id= 6NyALtAxL9qpqoQg, name= 3D Engine, desp= StreamingSceneRender, this= 0x197b9467ce0
[2025-04-19 11:01:17.797] [PSS] [debug] [20412|17900]streaming_client_impl.cpp:137 InvokeConnectToService: connect to service through the network, port= 54000, this= 0x197b9467ce0
[2025-04-19 11:01:17.798] [PSS] [debug] [20412|17900]transport_client_tcp3.cpp:34 Start: buffer size(send\recv): 2097152\2097152, this= 0x199d53780e0
[2025-04-19 11:01:17.798] [PSS] [info] [20412|17900]transport_client_tcp3.cpp:59 Start: server= 127.0.0.1:54000, local=0.0.0.0:0, this= 0x199d53780e0
[2025-04-19 11:01:19.848] [PSS] [info] [20412|18368]streaming_client_impl.cpp:62 NotifyConnectResult: network connect to service result= 10061, this= 0x197b9467ce0
[2025-04-19 11:01:19.848] [PSS] [error] [20412|18368]streaming_client_impl.cpp:64 NotifyConnectResult: connect to service network error= 10061, this= 0x197b9467ce0
[2025-04-19 11:01:19.848] [PSS] [error] [20412|17900]streaming_driver_interface_impl.cpp:332 NotifyClientConnectResult: connect to service failed, Network Error, this= 0x19ac33e2020
[2025-04-19 11:01:19.848] [PSS] [error] [20412|18368]transport_client_tcp3.cpp:129 HandleConnect: connected error= 由于目标计算机积极拒绝，无法连接。, this= 0x199d53780e0
[2025-04-19 11:01:57.304] [PSS] [debug] [20412|32796]streaming_driver_interface_impl.cpp:19 StreamingDriverInterfaceImpl: callback= 0x199b2f00ac0, this= 0x197b6669040
[2025-04-19 11:01:57.304] [PSS] [error] [20412|32796]streaming_driver_interface_impl.cpp:115 SetTrackingOrigin: streaming not started, this= 0x197b6669040
[2025-04-19 11:01:57.304] [PSS] [info] [20412|32796]streaming_driver_interface_impl.cpp:24 ConnectToService: connect to service, client_id= qs4EWYPlBiXeWHdB, this= 0x197b6669040
[2025-04-19 11:01:57.304] [PSS] [info] [20412|32796]streaming_client_impl.cpp:25 ConnectToService: client_id= qs4EWYPlBiXeWHdB, name= 3D Engine, desp= StreamingSceneRender, this= 0x197b65324f0
[2025-04-19 11:01:57.304] [PSS] [debug] [20412|29160]streaming_client_impl.cpp:137 InvokeConnectToService: connect to service through the network, port= 54000, this= 0x197b65324f0
[2025-04-19 11:01:57.304] [PSS] [debug] [20412|29160]transport_client_tcp3.cpp:34 Start: buffer size(send\recv): 2097152\2097152, this= 0x197a140f260
[2025-04-19 11:01:57.305] [PSS] [info] [20412|29160]transport_client_tcp3.cpp:59 Start: server= 127.0.0.1:54000, local=0.0.0.0:0, this= 0x197a140f260
[2025-04-19 11:01:59.343] [PSS] [info] [20412|15452]streaming_client_impl.cpp:62 NotifyConnectResult: network connect to service result= 10061, this= 0x197b65324f0
[2025-04-19 11:01:59.343] [PSS] [error] [20412|15452]streaming_client_impl.cpp:64 NotifyConnectResult: connect to service network error= 10061, this= 0x197b65324f0
[2025-04-19 11:01:59.343] [PSS] [error] [20412|15452]transport_client_tcp3.cpp:129 HandleConnect: connected error= 由于目标计算机积极拒绝，无法连接。, this= 0x197a140f260
[2025-04-19 11:01:59.343] [PSS] [error] [20412|29160]streaming_driver_interface_impl.cpp:332 NotifyClientConnectResult: connect to service failed, Network Error, this= 0x197b6669040
[2025-04-19 11:05:12.794] [PSS] [debug] [20412|32796]streaming_driver_interface_impl.cpp:19 StreamingDriverInterfaceImpl: callback= 0x199b2f0af20, this= 0x19a87694030
[2025-04-19 11:05:12.794] [PSS] [error] [20412|32796]streaming_driver_interface_impl.cpp:115 SetTrackingOrigin: streaming not started, this= 0x19a87694030
[2025-04-19 11:05:12.794] [PSS] [info] [20412|32796]streaming_driver_interface_impl.cpp:24 ConnectToService: connect to service, client_id= LfSgOhIcfxbvqcsU, this= 0x19a87694030
[2025-04-19 11:05:12.794] [PSS] [info] [20412|32796]streaming_client_impl.cpp:25 ConnectToService: client_id= LfSgOhIcfxbvqcsU, name= 3D Engine, desp= StreamingSceneRender, this= 0x197b6532f90
[2025-04-19 11:05:12.794] [PSS] [debug] [20412|14684]streaming_client_impl.cpp:137 InvokeConnectToService: connect to service through the network, port= 54000, this= 0x197b6532f90
[2025-04-19 11:05:12.794] [PSS] [debug] [20412|14684]transport_client_tcp3.cpp:34 Start: buffer size(send\recv): 2097152\2097152, this= 0x197a140f500
[2025-04-19 11:05:12.794] [PSS] [info] [20412|14684]transport_client_tcp3.cpp:59 Start: server= 127.0.0.1:54000, local=0.0.0.0:0, this= 0x197a140f500
[2025-04-19 11:05:14.848] [PSS] [info] [20412|32868]streaming_client_impl.cpp:62 NotifyConnectResult: network connect to service result= 10061, this= 0x197b6532f90
[2025-04-19 11:05:14.848] [PSS] [error] [20412|32868]streaming_client_impl.cpp:64 NotifyConnectResult: connect to service network error= 10061, this= 0x197b6532f90
[2025-04-19 11:05:14.848] [PSS] [error] [20412|32868]transport_client_tcp3.cpp:129 HandleConnect: connected error= 由于目标计算机积极拒绝，无法连接。, this= 0x197a140f500
[2025-04-19 11:05:14.848] [PSS] [error] [20412|14684]streaming_driver_interface_impl.cpp:332 NotifyClientConnectResult: connect to service failed, Network Error, this= 0x19a87694030
[2025-04-19 11:06:41.403] [PSS] [debug] [20412|32796]streaming_driver_interface_impl.cpp:19 StreamingDriverInterfaceImpl: callback= 0x197a0eb13d0, this= 0x197a2a69b60
[2025-04-19 11:06:41.404] [PSS] [error] [20412|32796]streaming_driver_interface_impl.cpp:115 SetTrackingOrigin: streaming not started, this= 0x197a2a69b60
[2025-04-19 11:06:41.404] [PSS] [info] [20412|32796]streaming_driver_interface_impl.cpp:24 ConnectToService: connect to service, client_id= Hhpwl9LceO74rjMe, this= 0x197a2a69b60
[2025-04-19 11:06:41.404] [PSS] [info] [20412|32796]streaming_client_impl.cpp:25 ConnectToService: client_id= Hhpwl9LceO74rjMe, name= 3D Engine, desp= StreamingSceneRender, this= 0x197aa88e610
[2025-04-19 11:06:41.404] [PSS] [debug] [20412|7584]streaming_client_impl.cpp:137 InvokeConnectToService: connect to service through the network, port= 54000, this= 0x197aa88e610
[2025-04-19 11:06:41.404] [PSS] [debug] [20412|7584]transport_client_tcp3.cpp:34 Start: buffer size(send\recv): 2097152\2097152, this= 0x19ac5108f50
[2025-04-19 11:06:41.404] [PSS] [info] [20412|7584]transport_client_tcp3.cpp:59 Start: server= 127.0.0.1:54000, local=0.0.0.0:0, this= 0x19ac5108f50
[2025-04-19 11:06:43.454] [PSS] [info] [20412|38164]streaming_client_impl.cpp:62 NotifyConnectResult: network connect to service result= 10061, this= 0x197aa88e610
[2025-04-19 11:06:43.454] [PSS] [error] [20412|38164]streaming_client_impl.cpp:64 NotifyConnectResult: connect to service network error= 10061, this= 0x197aa88e610
[2025-04-19 11:06:43.454] [PSS] [error] [20412|7584]streaming_driver_interface_impl.cpp:332 NotifyClientConnectResult: connect to service failed, Network Error, this= 0x197a2a69b60
[2025-04-19 11:06:43.454] [PSS] [error] [20412|38164]transport_client_tcp3.cpp:129 HandleConnect: connected error= 由于目标计算机积极拒绝，无法连接。, this= 0x19ac5108f50
[2025-04-19 11:07:28.552] [PSS] [debug] [20412|32796]streaming_driver_interface_impl.cpp:19 StreamingDriverInterfaceImpl: callback= 0x199b2effd00, this= 0x199b3679f80
[2025-04-19 11:07:28.552] [PSS] [error] [20412|32796]streaming_driver_interface_impl.cpp:115 SetTrackingOrigin: streaming not started, this= 0x199b3679f80
[2025-04-19 11:07:28.552] [PSS] [info] [20412|32796]streaming_driver_interface_impl.cpp:24 ConnectToService: connect to service, client_id= tZto8vfB5FFCdGWn, this= 0x199b3679f80
[2025-04-19 11:07:28.552] [PSS] [info] [20412|32796]streaming_client_impl.cpp:25 ConnectToService: client_id= tZto8vfB5FFCdGWn, name= 3D Engine, desp= StreamingSceneRender, this= 0x197b6533c50
[2025-04-19 11:07:28.552] [PSS] [debug] [20412|6904]streaming_client_impl.cpp:137 InvokeConnectToService: connect to service through the network, port= 54000, this= 0x197b6533c50
[2025-04-19 11:07:28.552] [PSS] [debug] [20412|6904]transport_client_tcp3.cpp:34 Start: buffer size(send\recv): 2097152\2097152, this= 0x197a0ec9310
[2025-04-19 11:07:28.552] [PSS] [info] [20412|6904]transport_client_tcp3.cpp:59 Start: server= 127.0.0.1:54000, local=0.0.0.0:0, this= 0x197a0ec9310
[2025-04-19 11:07:30.606] [PSS] [info] [20412|31704]streaming_client_impl.cpp:62 NotifyConnectResult: network connect to service result= 10061, this= 0x197b6533c50
[2025-04-19 11:07:30.606] [PSS] [error] [20412|31704]streaming_client_impl.cpp:64 NotifyConnectResult: connect to service network error= 10061, this= 0x197b6533c50
[2025-04-19 11:07:30.606] [PSS] [error] [20412|31704]transport_client_tcp3.cpp:129 HandleConnect: connected error= 由于目标计算机积极拒绝，无法连接。, this= 0x197a0ec9310
[2025-04-19 11:07:30.606] [PSS] [error] [20412|6904]streaming_driver_interface_impl.cpp:332 NotifyClientConnectResult: connect to service failed, Network Error, this= 0x199b3679f80
[2025-04-19 11:11:38.489] [PSS] [debug] [20412|32796]streaming_driver_interface_impl.cpp:19 StreamingDriverInterfaceImpl: callback= 0x197b38c8730, this= 0x197a20a95d0
[2025-04-19 11:11:38.490] [PSS] [error] [20412|32796]streaming_driver_interface_impl.cpp:115 SetTrackingOrigin: streaming not started, this= 0x197a20a95d0
[2025-04-19 11:11:38.490] [PSS] [info] [20412|32796]streaming_driver_interface_impl.cpp:24 ConnectToService: connect to service, client_id= WPi6my6WqjWgDLj8, this= 0x197a20a95d0
[2025-04-19 11:11:38.490] [PSS] [info] [20412|32796]streaming_client_impl.cpp:25 ConnectToService: client_id= WPi6my6WqjWgDLj8, name= 3D Engine, desp= StreamingSceneRender, this= 0x197b946e9e0
[2025-04-19 11:11:38.490] [PSS] [debug] [20412|31028]streaming_client_impl.cpp:137 InvokeConnectToService: connect to service through the network, port= 54000, this= 0x197b946e9e0
[2025-04-19 11:11:38.490] [PSS] [debug] [20412|31028]transport_client_tcp3.cpp:34 Start: buffer size(send\recv): 2097152\2097152, this= 0x19a892503e0
[2025-04-19 11:11:38.490] [PSS] [info] [20412|31028]transport_client_tcp3.cpp:59 Start: server= 127.0.0.1:54000, local=0.0.0.0:0, this= 0x19a892503e0
[2025-04-19 11:11:40.541] [PSS] [info] [20412|25448]streaming_client_impl.cpp:62 NotifyConnectResult: network connect to service result= 10061, this= 0x197b946e9e0
[2025-04-19 11:11:40.541] [PSS] [error] [20412|25448]streaming_client_impl.cpp:64 NotifyConnectResult: connect to service network error= 10061, this= 0x197b946e9e0
[2025-04-19 11:11:40.541] [PSS] [error] [20412|31028]streaming_driver_interface_impl.cpp:332 NotifyClientConnectResult: connect to service failed, Network Error, this= 0x197a20a95d0
[2025-04-19 11:11:40.541] [PSS] [error] [20412|25448]transport_client_tcp3.cpp:129 HandleConnect: connected error= 由于目标计算机积极拒绝，无法连接。, this= 0x19a892503e0
[2025-04-19 11:13:58.268] [PSS] [debug] [20412|32796]streaming_driver_interface_impl.cpp:19 StreamingDriverInterfaceImpl: callback= 0x197a0ebcc80, this= 0x197a49c8490
[2025-04-19 11:13:58.268] [PSS] [error] [20412|32796]streaming_driver_interface_impl.cpp:115 SetTrackingOrigin: streaming not started, this= 0x197a49c8490
[2025-04-19 11:13:58.268] [PSS] [info] [20412|32796]streaming_driver_interface_impl.cpp:24 ConnectToService: connect to service, client_id= LMYeniG17FqbUwqG, this= 0x197a49c8490
[2025-04-19 11:13:58.268] [PSS] [info] [20412|32796]streaming_client_impl.cpp:25 ConnectToService: client_id= LMYeniG17FqbUwqG, name= 3D Engine, desp= StreamingSceneRender, this= 0x197b6539f20
[2025-04-19 11:13:58.268] [PSS] [debug] [20412|20120]streaming_client_impl.cpp:137 InvokeConnectToService: connect to service through the network, port= 54000, this= 0x197b6539f20
[2025-04-19 11:13:58.269] [PSS] [debug] [20412|20120]transport_client_tcp3.cpp:34 Start: buffer size(send\recv): 2097152\2097152, this= 0x197ac8115a0
[2025-04-19 11:13:58.269] [PSS] [info] [20412|20120]transport_client_tcp3.cpp:59 Start: server= 127.0.0.1:54000, local=0.0.0.0:0, this= 0x197ac8115a0
[2025-04-19 11:14:00.300] [PSS] [info] [20412|20520]streaming_client_impl.cpp:62 NotifyConnectResult: network connect to service result= 10061, this= 0x197b6539f20
[2025-04-19 11:14:00.300] [PSS] [error] [20412|20520]streaming_client_impl.cpp:64 NotifyConnectResult: connect to service network error= 10061, this= 0x197b6539f20
[2025-04-19 11:14:00.300] [PSS] [error] [20412|20120]streaming_driver_interface_impl.cpp:332 NotifyClientConnectResult: connect to service failed, Network Error, this= 0x197a49c8490
[2025-04-19 11:14:00.300] [PSS] [error] [20412|20520]transport_client_tcp3.cpp:129 HandleConnect: connected error= 由于目标计算机积极拒绝，无法连接。, this= 0x197ac8115a0
[2025-04-19 11:14:06.109] [PSS] [debug] [20412|32796]streaming_driver_interface_impl.cpp:19 StreamingDriverInterfaceImpl: callback= 0x19a9869cbe0, this= 0x197a20a95d0
[2025-04-19 11:14:06.109] [PSS] [error] [20412|32796]streaming_driver_interface_impl.cpp:115 SetTrackingOrigin: streaming not started, this= 0x197a20a95d0
[2025-04-19 11:14:06.109] [PSS] [info] [20412|32796]streaming_driver_interface_impl.cpp:24 ConnectToService: connect to service, client_id= j3dwRp1fRcNIrPbp, this= 0x197a20a95d0
[2025-04-19 11:14:06.109] [PSS] [info] [20412|32796]streaming_client_impl.cpp:25 ConnectToService: client_id= j3dwRp1fRcNIrPbp, name= 3D Engine, desp= StreamingSceneRender, this= 0x19a88da46b0
[2025-04-19 11:14:06.109] [PSS] [debug] [20412|35132]streaming_client_impl.cpp:137 InvokeConnectToService: connect to service through the network, port= 54000, this= 0x19a88da46b0
[2025-04-19 11:14:06.109] [PSS] [debug] [20412|35132]transport_client_tcp3.cpp:34 Start: buffer size(send\recv): 2097152\2097152, this= 0x199d6333040
[2025-04-19 11:14:06.110] [PSS] [info] [20412|35132]transport_client_tcp3.cpp:59 Start: server= 127.0.0.1:54000, local=0.0.0.0:0, this= 0x199d6333040
[2025-04-19 11:14:08.144] [PSS] [info] [20412|31268]streaming_client_impl.cpp:62 NotifyConnectResult: network connect to service result= 10061, this= 0x19a88da46b0
[2025-04-19 11:14:08.145] [PSS] [error] [20412|31268]streaming_client_impl.cpp:64 NotifyConnectResult: connect to service network error= 10061, this= 0x19a88da46b0
[2025-04-19 11:14:08.145] [PSS] [error] [20412|35132]streaming_driver_interface_impl.cpp:332 NotifyClientConnectResult: connect to service failed, Network Error, this= 0x197a20a95d0
[2025-04-19 11:14:08.145] [PSS] [error] [20412|31268]transport_client_tcp3.cpp:129 HandleConnect: connected error= 由于目标计算机积极拒绝，无法连接。, this= 0x199d6333040
[2025-04-19 11:14:23.040] [PSS] [debug] [20412|32796]streaming_driver_interface_impl.cpp:19 StreamingDriverInterfaceImpl: callback= 0x197aa923020, this= 0x199b2ff0020
[2025-04-19 11:14:23.041] [PSS] [error] [20412|32796]streaming_driver_interface_impl.cpp:115 SetTrackingOrigin: streaming not started, this= 0x199b2ff0020
[2025-04-19 11:14:23.041] [PSS] [info] [20412|32796]streaming_driver_interface_impl.cpp:24 ConnectToService: connect to service, client_id= NcuxLMWlZbOHYfYh, this= 0x199b2ff0020
[2025-04-19 11:14:23.041] [PSS] [info] [20412|32796]streaming_client_impl.cpp:25 ConnectToService: client_id= NcuxLMWlZbOHYfYh, name= 3D Engine, desp= StreamingSceneRender, this= 0x197acb3ac10
[2025-04-19 11:14:23.041] [PSS] [debug] [20412|13444]streaming_client_impl.cpp:137 InvokeConnectToService: connect to service through the network, port= 54000, this= 0x197acb3ac10
[2025-04-19 11:14:23.041] [PSS] [debug] [20412|13444]transport_client_tcp3.cpp:34 Start: buffer size(send\recv): 2097152\2097152, this= 0x19ac44570f0
[2025-04-19 11:14:23.041] [PSS] [info] [20412|13444]transport_client_tcp3.cpp:59 Start: server= 127.0.0.1:54000, local=0.0.0.0:0, this= 0x19ac44570f0
[2025-04-19 11:14:25.091] [PSS] [info] [20412|39752]streaming_client_impl.cpp:62 NotifyConnectResult: network connect to service result= 10061, this= 0x197acb3ac10
[2025-04-19 11:14:25.091] [PSS] [error] [20412|39752]streaming_client_impl.cpp:64 NotifyConnectResult: connect to service network error= 10061, this= 0x197acb3ac10
[2025-04-19 11:14:25.091] [PSS] [error] [20412|13444]streaming_driver_interface_impl.cpp:332 NotifyClientConnectResult: connect to service failed, Network Error, this= 0x199b2ff0020
[2025-04-19 11:14:25.091] [PSS] [error] [20412|39752]transport_client_tcp3.cpp:129 HandleConnect: connected error= 由于目标计算机积极拒绝，无法连接。, this= 0x19ac44570f0
[2025-04-19 11:14:34.450] [PSS] [debug] [20412|32796]streaming_driver_interface_impl.cpp:19 StreamingDriverInterfaceImpl: callback= 0x19a98308270, this= 0x19a983fd380
[2025-04-19 11:14:34.451] [PSS] [error] [20412|32796]streaming_driver_interface_impl.cpp:115 SetTrackingOrigin: streaming not started, this= 0x19a983fd380
[2025-04-19 11:14:34.451] [PSS] [info] [20412|32796]streaming_driver_interface_impl.cpp:24 ConnectToService: connect to service, client_id= 9tZGZ2LmmBmzaAvQ, this= 0x19a983fd380
[2025-04-19 11:14:34.451] [PSS] [info] [20412|32796]streaming_client_impl.cpp:25 ConnectToService: client_id= 9tZGZ2LmmBmzaAvQ, name= 3D Engine, desp= StreamingSceneRender, this= 0x199d4d6e940
[2025-04-19 11:14:34.451] [PSS] [debug] [20412|29740]streaming_client_impl.cpp:137 InvokeConnectToService: connect to service through the network, port= 54000, this= 0x199d4d6e940
[2025-04-19 11:14:34.451] [PSS] [debug] [20412|29740]transport_client_tcp3.cpp:34 Start: buffer size(send\recv): 2097152\2097152, this= 0x19ac3bc7310
[2025-04-19 11:14:34.451] [PSS] [info] [20412|29740]transport_client_tcp3.cpp:59 Start: server= 127.0.0.1:54000, local=0.0.0.0:0, this= 0x19ac3bc7310
[2025-04-19 11:14:36.482] [PSS] [info] [20412|31928]streaming_client_impl.cpp:62 NotifyConnectResult: network connect to service result= 10061, this= 0x199d4d6e940
[2025-04-19 11:14:36.482] [PSS] [error] [20412|31928]streaming_client_impl.cpp:64 NotifyConnectResult: connect to service network error= 10061, this= 0x199d4d6e940
[2025-04-19 11:14:36.482] [PSS] [error] [20412|29740]streaming_driver_interface_impl.cpp:332 NotifyClientConnectResult: connect to service failed, Network Error, this= 0x19a983fd380
[2025-04-19 11:14:36.482] [PSS] [error] [20412|31928]transport_client_tcp3.cpp:129 HandleConnect: connected error= 由于目标计算机积极拒绝，无法连接。, this= 0x19ac3bc7310
[2025-04-19 11:14:58.963] [PSS] [debug] [20412|32796]streaming_driver_interface_impl.cpp:19 StreamingDriverInterfaceImpl: callback= 0x197b5373f80, this= 0x19ac4213b40
[2025-04-19 11:14:58.963] [PSS] [error] [20412|32796]streaming_driver_interface_impl.cpp:115 SetTrackingOrigin: streaming not started, this= 0x19ac4213b40
[2025-04-19 11:14:58.963] [PSS] [info] [20412|32796]streaming_driver_interface_impl.cpp:24 ConnectToService: connect to service, client_id= V2pfB7JMoHsUVCEi, this= 0x19ac4213b40
[2025-04-19 11:14:58.963] [PSS] [info] [20412|32796]streaming_client_impl.cpp:25 ConnectToService: client_id= V2pfB7JMoHsUVCEi, name= 3D Engine, desp= StreamingSceneRender, this= 0x197aca8ebd0
[2025-04-19 11:14:58.963] [PSS] [debug] [20412|34936]streaming_client_impl.cpp:137 InvokeConnectToService: connect to service through the network, port= 54000, this= 0x197aca8ebd0
[2025-04-19 11:14:58.963] [PSS] [debug] [20412|34936]transport_client_tcp3.cpp:34 Start: buffer size(send\recv): 2097152\2097152, this= 0x19ac31c7ed0
[2025-04-19 11:14:58.963] [PSS] [info] [20412|34936]transport_client_tcp3.cpp:59 Start: server= 127.0.0.1:54000, local=0.0.0.0:0, this= 0x19ac31c7ed0
[2025-04-19 11:15:01.004] [PSS] [info] [20412|9456]streaming_client_impl.cpp:62 NotifyConnectResult: network connect to service result= 10061, this= 0x197aca8ebd0
[2025-04-19 11:15:01.004] [PSS] [error] [20412|9456]streaming_client_impl.cpp:64 NotifyConnectResult: connect to service network error= 10061, this= 0x197aca8ebd0
[2025-04-19 11:15:01.005] [PSS] [error] [20412|9456]transport_client_tcp3.cpp:129 HandleConnect: connected error= 由于目标计算机积极拒绝，无法连接。, this= 0x19ac31c7ed0
[2025-04-19 11:15:01.005] [PSS] [error] [20412|34936]streaming_driver_interface_impl.cpp:332 NotifyClientConnectResult: connect to service failed, Network Error, this= 0x19ac4213b40
[2025-04-19 11:16:04.400] [PSS] [debug] [20412|32796]streaming_driver_interface_impl.cpp:19 StreamingDriverInterfaceImpl: callback= 0x199b2efdd20, this= 0x19aae463340
[2025-04-19 11:16:04.401] [PSS] [error] [20412|32796]streaming_driver_interface_impl.cpp:115 SetTrackingOrigin: streaming not started, this= 0x19aae463340
[2025-04-19 11:16:04.401] [PSS] [info] [20412|32796]streaming_driver_interface_impl.cpp:24 ConnectToService: connect to service, client_id= EKdMp8s6beBanVgE, this= 0x19aae463340
[2025-04-19 11:16:04.401] [PSS] [info] [20412|32796]streaming_client_impl.cpp:25 ConnectToService: client_id= EKdMp8s6beBanVgE, name= 3D Engine, desp= StreamingSceneRender, this= 0x197acb38f60
[2025-04-19 11:16:04.401] [PSS] [debug] [20412|24680]streaming_client_impl.cpp:137 InvokeConnectToService: connect to service through the network, port= 54000, this= 0x197acb38f60
[2025-04-19 11:16:04.401] [PSS] [debug] [20412|24680]transport_client_tcp3.cpp:34 Start: buffer size(send\recv): 2097152\2097152, this= 0x199f7fbc330
[2025-04-19 11:16:04.401] [PSS] [info] [20412|24680]transport_client_tcp3.cpp:59 Start: server= 127.0.0.1:54000, local=0.0.0.0:0, this= 0x199f7fbc330
[2025-04-19 11:16:06.447] [PSS] [info] [20412|33732]streaming_client_impl.cpp:62 NotifyConnectResult: network connect to service result= 10061, this= 0x197acb38f60
[2025-04-19 11:16:06.447] [PSS] [error] [20412|33732]streaming_client_impl.cpp:64 NotifyConnectResult: connect to service network error= 10061, this= 0x197acb38f60
[2025-04-19 11:16:06.447] [PSS] [error] [20412|24680]streaming_driver_interface_impl.cpp:332 NotifyClientConnectResult: connect to service failed, Network Error, this= 0x19aae463340
[2025-04-19 11:16:06.447] [PSS] [error] [20412|33732]transport_client_tcp3.cpp:129 HandleConnect: connected error= 由于目标计算机积极拒绝，无法连接。, this= 0x199f7fbc330
[2025-04-19 11:20:49.917] [PSS] [debug] [20412|32796]streaming_driver_interface_impl.cpp:19 StreamingDriverInterfaceImpl: callback= 0x197a72ab020, this= 0x197abf69790
[2025-04-19 11:20:49.917] [PSS] [error] [20412|32796]streaming_driver_interface_impl.cpp:115 SetTrackingOrigin: streaming not started, this= 0x197abf69790
[2025-04-19 11:20:49.917] [PSS] [info] [20412|32796]streaming_driver_interface_impl.cpp:24 ConnectToService: connect to service, client_id= DDoRQBMGOuJmOdZh, this= 0x197abf69790
[2025-04-19 11:20:49.917] [PSS] [info] [20412|32796]streaming_client_impl.cpp:25 ConnectToService: client_id= DDoRQBMGOuJmOdZh, name= 3D Engine, desp= StreamingSceneRender, this= 0x197b5aa7350
[2025-04-19 11:20:49.917] [PSS] [debug] [20412|5716]streaming_client_impl.cpp:137 InvokeConnectToService: connect to service through the network, port= 54000, this= 0x197b5aa7350
[2025-04-19 11:20:49.918] [PSS] [debug] [20412|5716]transport_client_tcp3.cpp:34 Start: buffer size(send\recv): 2097152\2097152, this= 0x19ac331dc20
[2025-04-19 11:20:49.918] [PSS] [info] [20412|5716]transport_client_tcp3.cpp:59 Start: server= 127.0.0.1:54000, local=0.0.0.0:0, this= 0x19ac331dc20
[2025-04-19 11:20:51.971] [PSS] [info] [20412|25364]streaming_client_impl.cpp:62 NotifyConnectResult: network connect to service result= 10061, this= 0x197b5aa7350
[2025-04-19 11:20:51.971] [PSS] [error] [20412|25364]streaming_client_impl.cpp:64 NotifyConnectResult: connect to service network error= 10061, this= 0x197b5aa7350
[2025-04-19 11:20:51.971] [PSS] [error] [20412|5716]streaming_driver_interface_impl.cpp:332 NotifyClientConnectResult: connect to service failed, Network Error, this= 0x197abf69790
[2025-04-19 11:20:51.971] [PSS] [error] [20412|25364]transport_client_tcp3.cpp:129 HandleConnect: connected error= 由于目标计算机积极拒绝，无法连接。, this= 0x19ac331dc20
[2025-04-19 11:23:20.209] [PSS] [debug] [20412|32796]streaming_driver_interface_impl.cpp:19 StreamingDriverInterfaceImpl: callback= 0x199f7ea01c0, this= 0x197a327e760
[2025-04-19 11:23:20.210] [PSS] [error] [20412|32796]streaming_driver_interface_impl.cpp:115 SetTrackingOrigin: streaming not started, this= 0x197a327e760
[2025-04-19 11:23:20.210] [PSS] [info] [20412|32796]streaming_driver_interface_impl.cpp:24 ConnectToService: connect to service, client_id= YXNjHn9BQvpce9Hd, this= 0x197a327e760
[2025-04-19 11:23:20.210] [PSS] [info] [20412|32796]streaming_client_impl.cpp:25 ConnectToService: client_id= YXNjHn9BQvpce9Hd, name= 3D Engine, desp= StreamingSceneRender, this= 0x197b420fe40
[2025-04-19 11:23:20.210] [PSS] [debug] [20412|36040]streaming_client_impl.cpp:137 InvokeConnectToService: connect to service through the network, port= 54000, this= 0x197b420fe40
[2025-04-19 11:23:20.210] [PSS] [debug] [20412|36040]transport_client_tcp3.cpp:34 Start: buffer size(send\recv): 2097152\2097152, this= 0x19ac331d440
[2025-04-19 11:23:20.210] [PSS] [info] [20412|36040]transport_client_tcp3.cpp:59 Start: server= 127.0.0.1:54000, local=0.0.0.0:0, this= 0x19ac331d440
[2025-04-19 11:23:22.240] [PSS] [info] [20412|3088]streaming_client_impl.cpp:62 NotifyConnectResult: network connect to service result= 10061, this= 0x197b420fe40
[2025-04-19 11:23:22.240] [PSS] [error] [20412|3088]streaming_client_impl.cpp:64 NotifyConnectResult: connect to service network error= 10061, this= 0x197b420fe40
[2025-04-19 11:23:22.240] [PSS] [error] [20412|36040]streaming_driver_interface_impl.cpp:332 NotifyClientConnectResult: connect to service failed, Network Error, this= 0x197a327e760
[2025-04-19 11:23:22.240] [PSS] [error] [20412|3088]transport_client_tcp3.cpp:129 HandleConnect: connected error= 由于目标计算机积极拒绝，无法连接。, this= 0x19ac331d440
[2025-04-19 11:47:02.702] [PSS] [debug] [20412|32796]streaming_driver_interface_impl.cpp:19 StreamingDriverInterfaceImpl: callback= 0x199f7bd8930, this= 0x19a86cc4da0
[2025-04-19 11:47:02.702] [PSS] [error] [20412|32796]streaming_driver_interface_impl.cpp:115 SetTrackingOrigin: streaming not started, this= 0x19a86cc4da0
[2025-04-19 11:47:02.702] [PSS] [info] [20412|32796]streaming_driver_interface_impl.cpp:24 ConnectToService: connect to service, client_id= QhPvwPPyQ5slmeWe, this= 0x19a86cc4da0
[2025-04-19 11:47:02.702] [PSS] [info] [20412|32796]streaming_client_impl.cpp:25 ConnectToService: client_id= QhPvwPPyQ5slmeWe, name= 3D Engine, desp= StreamingSceneRender, this= 0x197aca88080
[2025-04-19 11:47:02.702] [PSS] [debug] [20412|27460]streaming_client_impl.cpp:137 InvokeConnectToService: connect to service through the network, port= 54000, this= 0x197aca88080
[2025-04-19 11:47:02.702] [PSS] [debug] [20412|27460]transport_client_tcp3.cpp:34 Start: buffer size(send\recv): 2097152\2097152, this= 0x197a1407ce0
[2025-04-19 11:47:02.702] [PSS] [info] [20412|27460]transport_client_tcp3.cpp:59 Start: server= 127.0.0.1:54000, local=0.0.0.0:0, this= 0x197a1407ce0
[2025-04-19 11:47:04.746] [PSS] [info] [20412|31396]streaming_client_impl.cpp:62 NotifyConnectResult: network connect to service result= 10061, this= 0x197aca88080
[2025-04-19 11:47:04.746] [PSS] [error] [20412|31396]streaming_client_impl.cpp:64 NotifyConnectResult: connect to service network error= 10061, this= 0x197aca88080
[2025-04-19 11:47:04.746] [PSS] [error] [20412|27460]streaming_driver_interface_impl.cpp:332 NotifyClientConnectResult: connect to service failed, Network Error, this= 0x19a86cc4da0
[2025-04-19 11:47:04.746] [PSS] [error] [20412|31396]transport_client_tcp3.cpp:129 HandleConnect: connected error= 由于目标计算机积极拒绝，无法连接。, this= 0x197a1407ce0
[2025-04-19 17:34:25.159] [PSS] [info] ***********  Log Begin **********
[2025-04-19 17:34:25.159] [PSS] [info] process id= 27960
[2025-04-19 17:34:25.159] [PSS] [debug] [27960|23488]streaming_driver_interface_impl.cpp:19 StreamingDriverInterfaceImpl: callback= 0x1bc30223830, this= 0x1bc7f0bccb0
[2025-04-19 17:34:25.159] [PSS] [error] [27960|23488]streaming_driver_interface_impl.cpp:115 SetTrackingOrigin: streaming not started, this= 0x1bc7f0bccb0
[2025-04-19 17:34:25.159] [PSS] [info] [27960|23488]streaming_driver_interface_impl.cpp:24 ConnectToService: connect to service, client_id= kENVmj9BJEgFeDKk, this= 0x1bc7f0bccb0
[2025-04-19 17:34:25.159] [PSS] [info] [27960|23488]streaming_client_impl.cpp:25 ConnectToService: client_id= kENVmj9BJEgFeDKk, name= 3D Engine, desp= StreamingSceneRender, this= 0x1bd34f8cfd0
[2025-04-19 17:34:25.160] [PSS] [debug] [27960|32452]streaming_client_impl.cpp:137 InvokeConnectToService: connect to service through the network, port= 54000, this= 0x1bd34f8cfd0
[2025-04-19 17:34:25.160] [PSS] [debug] [27960|32452]transport_client_tcp3.cpp:34 Start: buffer size(send\recv): 2097152\2097152, this= 0x1bc52d4f320
[2025-04-19 17:34:25.160] [PSS] [info] [27960|32452]transport_client_tcp3.cpp:59 Start: server= 127.0.0.1:54000, local=0.0.0.0:0, this= 0x1bc52d4f320
[2025-04-19 17:34:27.198] [PSS] [info] [27960|33000]streaming_client_impl.cpp:62 NotifyConnectResult: network connect to service result= 10061, this= 0x1bd34f8cfd0
[2025-04-19 17:34:27.198] [PSS] [error] [27960|33000]streaming_client_impl.cpp:64 NotifyConnectResult: connect to service network error= 10061, this= 0x1bd34f8cfd0
[2025-04-19 17:34:27.198] [PSS] [error] [27960|32452]streaming_driver_interface_impl.cpp:332 NotifyClientConnectResult: connect to service failed, Network Error, this= 0x1bc7f0bccb0
[2025-04-19 17:34:27.198] [PSS] [error] [27960|33000]transport_client_tcp3.cpp:129 HandleConnect: connected error= 由于目标计算机积极拒绝，无法连接。, this= 0x1bc52d4f320
[2025-04-19 18:48:34.221] [PSS] [info] ***********  Log Begin **********
[2025-04-19 18:48:34.221] [PSS] [info] process id= 2280
[2025-04-19 18:48:34.221] [PSS] [debug] [2280|38836]streaming_driver_interface_impl.cpp:19 StreamingDriverInterfaceImpl: callback= 0x1d6a32b9ff0, this= 0x1d69fab4040
[2025-04-19 18:48:34.221] [PSS] [error] [2280|38836]streaming_driver_interface_impl.cpp:115 SetTrackingOrigin: streaming not started, this= 0x1d69fab4040
[2025-04-19 18:48:34.221] [PSS] [info] [2280|38836]streaming_driver_interface_impl.cpp:24 ConnectToService: connect to service, client_id= GJ5tdzdMH727FYqo, this= 0x1d69fab4040
[2025-04-19 18:48:34.221] [PSS] [info] [2280|38836]streaming_client_impl.cpp:25 ConnectToService: client_id= GJ5tdzdMH727FYqo, name= 3D Engine, desp= StreamingSceneRender, this= 0x1d6a03a32a0
[2025-04-19 18:48:34.221] [PSS] [debug] [2280|36136]streaming_client_impl.cpp:137 InvokeConnectToService: connect to service through the network, port= 54000, this= 0x1d6a03a32a0
[2025-04-19 18:48:34.222] [PSS] [debug] [2280|36136]transport_client_tcp3.cpp:34 Start: buffer size(send\recv): 2097152\2097152, this= 0x1d6e836c940
[2025-04-19 18:48:34.222] [PSS] [info] [2280|36136]transport_client_tcp3.cpp:59 Start: server= 127.0.0.1:54000, local=0.0.0.0:0, this= 0x1d6e836c940
[2025-04-19 18:48:36.256] [PSS] [info] [2280|30084]streaming_client_impl.cpp:62 NotifyConnectResult: network connect to service result= 10061, this= 0x1d6a03a32a0
[2025-04-19 18:48:36.256] [PSS] [error] [2280|30084]streaming_client_impl.cpp:64 NotifyConnectResult: connect to service network error= 10061, this= 0x1d6a03a32a0
[2025-04-19 18:48:36.256] [PSS] [error] [2280|36136]streaming_driver_interface_impl.cpp:332 NotifyClientConnectResult: connect to service failed, Network Error, this= 0x1d69fab4040
[2025-04-19 18:48:36.256] [PSS] [error] [2280|30084]transport_client_tcp3.cpp:129 HandleConnect: connected error= 由于目标计算机积极拒绝，无法连接。, this= 0x1d6e836c940
[2025-04-19 19:31:36.507] [PSS] [debug] [2280|38836]streaming_driver_interface_impl.cpp:19 StreamingDriverInterfaceImpl: callback= 0x1d7add650f0, this= 0x1d7ad6de190
[2025-04-19 19:31:36.511] [PSS] [error] [2280|38836]streaming_driver_interface_impl.cpp:115 SetTrackingOrigin: streaming not started, this= 0x1d7ad6de190
[2025-04-19 19:31:36.511] [PSS] [info] [2280|38836]streaming_driver_interface_impl.cpp:24 ConnectToService: connect to service, client_id= DIg2XD7EciKuUGQK, this= 0x1d7ad6de190
[2025-04-19 19:31:36.511] [PSS] [info] [2280|38836]streaming_client_impl.cpp:25 ConnectToService: client_id= DIg2XD7EciKuUGQK, name= 3D Engine, desp= StreamingSceneRender, this= 0x1d7ad5eabf0
[2025-04-19 19:31:36.511] [PSS] [debug] [2280|1948]streaming_client_impl.cpp:137 InvokeConnectToService: connect to service through the network, port= 54000, this= 0x1d7ad5eabf0
[2025-04-19 19:31:36.511] [PSS] [debug] [2280|1948]transport_client_tcp3.cpp:34 Start: buffer size(send\recv): 2097152\2097152, this= 0x1d7ad672e70
[2025-04-19 19:31:36.511] [PSS] [info] [2280|1948]transport_client_tcp3.cpp:59 Start: server= 127.0.0.1:54000, local=0.0.0.0:0, this= 0x1d7ad672e70
[2025-04-19 19:31:38.546] [PSS] [info] [2280|29820]streaming_client_impl.cpp:62 NotifyConnectResult: network connect to service result= 10061, this= 0x1d7ad5eabf0
[2025-04-19 19:31:38.546] [PSS] [error] [2280|29820]streaming_client_impl.cpp:64 NotifyConnectResult: connect to service network error= 10061, this= 0x1d7ad5eabf0
[2025-04-19 19:31:38.546] [PSS] [error] [2280|1948]streaming_driver_interface_impl.cpp:332 NotifyClientConnectResult: connect to service failed, Network Error, this= 0x1d7ad6de190
[2025-04-19 19:31:38.546] [PSS] [error] [2280|29820]transport_client_tcp3.cpp:129 HandleConnect: connected error= 由于目标计算机积极拒绝，无法连接。, this= 0x1d7ad672e70
[2025-04-19 19:32:49.149] [PSS] [debug] [2280|38836]streaming_driver_interface_impl.cpp:19 StreamingDriverInterfaceImpl: callback= 0x1d714b01d80, this= 0x1d7c73dd030
[2025-04-19 19:32:49.150] [PSS] [error] [2280|38836]streaming_driver_interface_impl.cpp:115 SetTrackingOrigin: streaming not started, this= 0x1d7c73dd030
[2025-04-19 19:32:49.150] [PSS] [info] [2280|38836]streaming_driver_interface_impl.cpp:24 ConnectToService: connect to service, client_id= l3s71ZM7nCHNsmzi, this= 0x1d7c73dd030
[2025-04-19 19:32:49.150] [PSS] [info] [2280|38836]streaming_client_impl.cpp:25 ConnectToService: client_id= l3s71ZM7nCHNsmzi, name= 3D Engine, desp= StreamingSceneRender, this= 0x1d7ad5ec460
[2025-04-19 19:32:49.150] [PSS] [debug] [2280|35632]streaming_client_impl.cpp:137 InvokeConnectToService: connect to service through the network, port= 54000, this= 0x1d7ad5ec460
[2025-04-19 19:32:49.150] [PSS] [debug] [2280|35632]transport_client_tcp3.cpp:34 Start: buffer size(send\recv): 2097152\2097152, this= 0x1d7ad674370
[2025-04-19 19:32:49.150] [PSS] [info] [2280|35632]transport_client_tcp3.cpp:59 Start: server= 127.0.0.1:54000, local=0.0.0.0:0, this= 0x1d7ad674370
[2025-04-19 19:32:51.184] [PSS] [info] [2280|3960]streaming_client_impl.cpp:62 NotifyConnectResult: network connect to service result= 10061, this= 0x1d7ad5ec460
[2025-04-19 19:32:51.184] [PSS] [error] [2280|3960]streaming_client_impl.cpp:64 NotifyConnectResult: connect to service network error= 10061, this= 0x1d7ad5ec460
[2025-04-19 19:32:51.184] [PSS] [error] [2280|3960]transport_client_tcp3.cpp:129 HandleConnect: connected error= 由于目标计算机积极拒绝，无法连接。, this= 0x1d7ad674370
[2025-04-19 19:32:51.184] [PSS] [error] [2280|35632]streaming_driver_interface_impl.cpp:332 NotifyClientConnectResult: connect to service failed, Network Error, this= 0x1d7c73dd030
[2025-04-19 19:37:12.215] [PSS] [debug] [2280|38836]streaming_driver_interface_impl.cpp:19 StreamingDriverInterfaceImpl: callback= 0x1d6e85d1d30, this= 0x1d7b2970020
[2025-04-19 19:37:12.216] [PSS] [error] [2280|38836]streaming_driver_interface_impl.cpp:115 SetTrackingOrigin: streaming not started, this= 0x1d7b2970020
[2025-04-19 19:37:12.216] [PSS] [info] [2280|38836]streaming_driver_interface_impl.cpp:24 ConnectToService: connect to service, client_id= dy2Gn6rKhvPVLzeW, this= 0x1d7b2970020
[2025-04-19 19:37:12.216] [PSS] [info] [2280|38836]streaming_client_impl.cpp:25 ConnectToService: client_id= dy2Gn6rKhvPVLzeW, name= 3D Engine, desp= StreamingSceneRender, this= 0x1d79adc3700
[2025-04-19 19:37:12.216] [PSS] [debug] [2280|34208]streaming_client_impl.cpp:137 InvokeConnectToService: connect to service through the network, port= 54000, this= 0x1d79adc3700
[2025-04-19 19:37:12.216] [PSS] [debug] [2280|34208]transport_client_tcp3.cpp:34 Start: buffer size(send\recv): 2097152\2097152, this= 0x1d7ad675330
[2025-04-19 19:37:12.216] [PSS] [info] [2280|34208]transport_client_tcp3.cpp:59 Start: server= 127.0.0.1:54000, local=0.0.0.0:0, this= 0x1d7ad675330
[2025-04-19 19:37:14.250] [PSS] [info] [2280|36124]streaming_client_impl.cpp:62 NotifyConnectResult: network connect to service result= 10061, this= 0x1d79adc3700
[2025-04-19 19:37:14.250] [PSS] [error] [2280|36124]streaming_client_impl.cpp:64 NotifyConnectResult: connect to service network error= 10061, this= 0x1d79adc3700
[2025-04-19 19:37:14.250] [PSS] [error] [2280|36124]transport_client_tcp3.cpp:129 HandleConnect: connected error= 由于目标计算机积极拒绝，无法连接。, this= 0x1d7ad675330
[2025-04-19 19:37:14.250] [PSS] [error] [2280|34208]streaming_driver_interface_impl.cpp:332 NotifyClientConnectResult: connect to service failed, Network Error, this= 0x1d7b2970020
[2025-04-19 19:47:09.226] [PSS] [debug] [2280|38836]streaming_driver_interface_impl.cpp:19 StreamingDriverInterfaceImpl: callback= 0x1d7ae5537d0, this= 0x1d6f2664870
[2025-04-19 19:47:09.227] [PSS] [error] [2280|38836]streaming_driver_interface_impl.cpp:115 SetTrackingOrigin: streaming not started, this= 0x1d6f2664870
[2025-04-19 19:47:09.227] [PSS] [info] [2280|38836]streaming_driver_interface_impl.cpp:24 ConnectToService: connect to service, client_id= tKNLIpnrYzU6gkDQ, this= 0x1d6f2664870
[2025-04-19 19:47:09.227] [PSS] [info] [2280|38836]streaming_client_impl.cpp:25 ConnectToService: client_id= tKNLIpnrYzU6gkDQ, name= 3D Engine, desp= StreamingSceneRender, this= 0x1d6c568f5e0
[2025-04-19 19:47:09.227] [PSS] [debug] [2280|29564]streaming_client_impl.cpp:137 InvokeConnectToService: connect to service through the network, port= 54000, this= 0x1d6c568f5e0
[2025-04-19 19:47:09.227] [PSS] [debug] [2280|29564]transport_client_tcp3.cpp:34 Start: buffer size(send\recv): 2097152\2097152, this= 0x1d7ad671970
[2025-04-19 19:47:09.227] [PSS] [info] [2280|29564]transport_client_tcp3.cpp:59 Start: server= 127.0.0.1:54000, local=0.0.0.0:0, this= 0x1d7ad671970
[2025-04-19 19:47:11.275] [PSS] [info] [2280|21108]streaming_client_impl.cpp:62 NotifyConnectResult: network connect to service result= 10061, this= 0x1d6c568f5e0
[2025-04-19 19:47:11.275] [PSS] [error] [2280|21108]streaming_client_impl.cpp:64 NotifyConnectResult: connect to service network error= 10061, this= 0x1d6c568f5e0
[2025-04-19 19:47:11.275] [PSS] [error] [2280|29564]streaming_driver_interface_impl.cpp:332 NotifyClientConnectResult: connect to service failed, Network Error, this= 0x1d6f2664870
[2025-04-19 19:47:11.275] [PSS] [error] [2280|21108]transport_client_tcp3.cpp:129 HandleConnect: connected error= 由于目标计算机积极拒绝，无法连接。, this= 0x1d7ad671970
[2025-04-19 19:47:29.794] [PSS] [debug] [2280|38836]streaming_driver_interface_impl.cpp:19 StreamingDriverInterfaceImpl: callback= 0x1d7cb435a90, this= 0x1d7abec3030
[2025-04-19 19:47:29.795] [PSS] [error] [2280|38836]streaming_driver_interface_impl.cpp:115 SetTrackingOrigin: streaming not started, this= 0x1d7abec3030
[2025-04-19 19:47:29.795] [PSS] [info] [2280|38836]streaming_driver_interface_impl.cpp:24 ConnectToService: connect to service, client_id= 6YFeVxlSepZhFZZG, this= 0x1d7abec3030
[2025-04-19 19:47:29.795] [PSS] [info] [2280|38836]streaming_client_impl.cpp:25 ConnectToService: client_id= 6YFeVxlSepZhFZZG, name= 3D Engine, desp= StreamingSceneRender, this= 0x1d6c5695ad0
[2025-04-19 19:47:29.795] [PSS] [debug] [2280|6288]streaming_client_impl.cpp:137 InvokeConnectToService: connect to service through the network, port= 54000, this= 0x1d6c5695ad0
[2025-04-19 19:47:29.795] [PSS] [debug] [2280|6288]transport_client_tcp3.cpp:34 Start: buffer size(send\recv): 2097152\2097152, this= 0x1d7ad673b90
[2025-04-19 19:47:29.795] [PSS] [info] [2280|6288]transport_client_tcp3.cpp:59 Start: server= 127.0.0.1:54000, local=0.0.0.0:0, this= 0x1d7ad673b90
[2025-04-19 19:47:31.838] [PSS] [info] [2280|3536]streaming_client_impl.cpp:62 NotifyConnectResult: network connect to service result= 10061, this= 0x1d6c5695ad0
[2025-04-19 19:47:31.838] [PSS] [error] [2280|3536]streaming_client_impl.cpp:64 NotifyConnectResult: connect to service network error= 10061, this= 0x1d6c5695ad0
[2025-04-19 19:47:31.838] [PSS] [error] [2280|6288]streaming_driver_interface_impl.cpp:332 NotifyClientConnectResult: connect to service failed, Network Error, this= 0x1d7abec3030
[2025-04-19 19:47:31.838] [PSS] [error] [2280|3536]transport_client_tcp3.cpp:129 HandleConnect: connected error= 由于目标计算机积极拒绝，无法连接。, this= 0x1d7ad673b90
[2025-04-19 19:47:54.775] [PSS] [debug] [2280|38836]streaming_driver_interface_impl.cpp:19 StreamingDriverInterfaceImpl: callback= 0x1d6e8c3ea70, this= 0x1d6f2664870
[2025-04-19 19:47:54.776] [PSS] [error] [2280|38836]streaming_driver_interface_impl.cpp:115 SetTrackingOrigin: streaming not started, this= 0x1d6f2664870
[2025-04-19 19:47:54.776] [PSS] [info] [2280|38836]streaming_driver_interface_impl.cpp:24 ConnectToService: connect to service, client_id= AZWDPk2THksWOMaQ, this= 0x1d6f2664870
[2025-04-19 19:47:54.776] [PSS] [info] [2280|38836]streaming_client_impl.cpp:25 ConnectToService: client_id= AZWDPk2THksWOMaQ, name= 3D Engine, desp= StreamingSceneRender, this= 0x1d6c569aec0
[2025-04-19 19:47:54.776] [PSS] [debug] [2280|23772]streaming_client_impl.cpp:137 InvokeConnectToService: connect to service through the network, port= 54000, this= 0x1d6c569aec0
[2025-04-19 19:47:54.776] [PSS] [debug] [2280|23772]transport_client_tcp3.cpp:34 Start: buffer size(send\recv): 2097152\2097152, this= 0x1d7ad672690
[2025-04-19 19:47:54.776] [PSS] [info] [2280|23772]transport_client_tcp3.cpp:59 Start: server= 127.0.0.1:54000, local=0.0.0.0:0, this= 0x1d7ad672690
[2025-04-19 19:47:56.818] [PSS] [info] [2280|18020]streaming_client_impl.cpp:62 NotifyConnectResult: network connect to service result= 10061, this= 0x1d6c569aec0
[2025-04-19 19:47:56.818] [PSS] [error] [2280|18020]streaming_client_impl.cpp:64 NotifyConnectResult: connect to service network error= 10061, this= 0x1d6c569aec0
[2025-04-19 19:47:56.818] [PSS] [error] [2280|18020]transport_client_tcp3.cpp:129 HandleConnect: connected error= 由于目标计算机积极拒绝，无法连接。, this= 0x1d7ad672690
[2025-04-19 19:47:56.818] [PSS] [error] [2280|23772]streaming_driver_interface_impl.cpp:332 NotifyClientConnectResult: connect to service failed, Network Error, this= 0x1d6f2664870
[2025-04-19 19:49:08.761] [PSS] [debug] [2280|38836]streaming_driver_interface_impl.cpp:19 StreamingDriverInterfaceImpl: callback= 0x1d6a3c42e20, this= 0x1d7a4927140
[2025-04-19 19:49:08.762] [PSS] [error] [2280|38836]streaming_driver_interface_impl.cpp:115 SetTrackingOrigin: streaming not started, this= 0x1d7a4927140
[2025-04-19 19:49:08.762] [PSS] [info] [2280|38836]streaming_driver_interface_impl.cpp:24 ConnectToService: connect to service, client_id= 8jGAePaA1t3sMUIl, this= 0x1d7a4927140
[2025-04-19 19:49:08.762] [PSS] [info] [2280|38836]streaming_client_impl.cpp:25 ConnectToService: client_id= 8jGAePaA1t3sMUIl, name= 3D Engine, desp= StreamingSceneRender, this= 0x1d7cba03260
[2025-04-19 19:49:08.762] [PSS] [debug] [2280|10608]streaming_client_impl.cpp:137 InvokeConnectToService: connect to service through the network, port= 54000, this= 0x1d7cba03260
[2025-04-19 19:49:08.762] [PSS] [debug] [2280|10608]transport_client_tcp3.cpp:34 Start: buffer size(send\recv): 2097152\2097152, this= 0x1d7ad672930
[2025-04-19 19:49:08.762] [PSS] [info] [2280|10608]transport_client_tcp3.cpp:59 Start: server= 127.0.0.1:54000, local=0.0.0.0:0, this= 0x1d7ad672930
[2025-04-19 19:49:10.809] [PSS] [info] [2280|37256]streaming_client_impl.cpp:62 NotifyConnectResult: network connect to service result= 10061, this= 0x1d7cba03260
[2025-04-19 19:49:10.809] [PSS] [error] [2280|37256]streaming_client_impl.cpp:64 NotifyConnectResult: connect to service network error= 10061, this= 0x1d7cba03260
[2025-04-19 19:49:10.809] [PSS] [error] [2280|10608]streaming_driver_interface_impl.cpp:332 NotifyClientConnectResult: connect to service failed, Network Error, this= 0x1d7a4927140
[2025-04-19 19:49:10.809] [PSS] [error] [2280|37256]transport_client_tcp3.cpp:129 HandleConnect: connected error= 由于目标计算机积极拒绝，无法连接。, this= 0x1d7ad672930
[2025-04-19 20:27:22.821] [PSS] [debug] [2280|38836]streaming_driver_interface_impl.cpp:19 StreamingDriverInterfaceImpl: callback= 0x1d6c5c5d460, this= 0x1d7ac138040
[2025-04-19 20:27:22.822] [PSS] [error] [2280|38836]streaming_driver_interface_impl.cpp:115 SetTrackingOrigin: streaming not started, this= 0x1d7ac138040
[2025-04-19 20:27:22.822] [PSS] [info] [2280|38836]streaming_driver_interface_impl.cpp:24 ConnectToService: connect to service, client_id= ATNsA7tarCwQphIT, this= 0x1d7ac138040
[2025-04-19 20:27:22.822] [PSS] [info] [2280|38836]streaming_client_impl.cpp:25 ConnectToService: client_id= ATNsA7tarCwQphIT, name= 3D Engine, desp= StreamingSceneRender, this= 0x1d6c58a3a60
[2025-04-19 20:27:22.822] [PSS] [debug] [2280|30520]streaming_client_impl.cpp:137 InvokeConnectToService: connect to service through the network, port= 54000, this= 0x1d6c58a3a60
[2025-04-19 20:27:22.822] [PSS] [debug] [2280|30520]transport_client_tcp3.cpp:34 Start: buffer size(send\recv): 2097152\2097152, this= 0x1d7ad672e70
[2025-04-19 20:27:22.823] [PSS] [info] [2280|30520]transport_client_tcp3.cpp:59 Start: server= 127.0.0.1:54000, local=0.0.0.0:0, this= 0x1d7ad672e70
[2025-04-19 20:27:24.847] [PSS] [info] [2280|2312]streaming_client_impl.cpp:62 NotifyConnectResult: network connect to service result= 10061, this= 0x1d6c58a3a60
[2025-04-19 20:27:24.847] [PSS] [error] [2280|2312]streaming_client_impl.cpp:64 NotifyConnectResult: connect to service network error= 10061, this= 0x1d6c58a3a60
[2025-04-19 20:27:24.847] [PSS] [error] [2280|2312]transport_client_tcp3.cpp:129 HandleConnect: connected error= 由于目标计算机积极拒绝，无法连接。, this= 0x1d7ad672e70
[2025-04-19 20:27:24.848] [PSS] [error] [2280|30520]streaming_driver_interface_impl.cpp:332 NotifyClientConnectResult: connect to service failed, Network Error, this= 0x1d7ac138040
[2025-04-19 21:34:38.101] [PSS] [info] ***********  Log Begin **********
[2025-04-19 21:34:38.101] [PSS] [info] process id= 28200
[2025-04-19 21:34:38.101] [PSS] [debug] [28200|11964]streaming_driver_interface_impl.cpp:19 StreamingDriverInterfaceImpl: callback= 0x227aa524d00, this= 0x224b4a9aff0
[2025-04-19 21:34:38.101] [PSS] [error] [28200|11964]streaming_driver_interface_impl.cpp:115 SetTrackingOrigin: streaming not started, this= 0x224b4a9aff0
[2025-04-19 21:34:38.101] [PSS] [info] [28200|11964]streaming_driver_interface_impl.cpp:24 ConnectToService: connect to service, client_id= NOuj2OEDBCSoJMmf, this= 0x224b4a9aff0
[2025-04-19 21:34:38.101] [PSS] [info] [28200|11964]streaming_client_impl.cpp:25 ConnectToService: client_id= NOuj2OEDBCSoJMmf, name= 3D Engine, desp= StreamingSceneRender, this= 0x224b794c5d0
[2025-04-19 21:34:38.102] [PSS] [debug] [28200|32004]streaming_client_impl.cpp:137 InvokeConnectToService: connect to service through the network, port= 54000, this= 0x224b794c5d0
[2025-04-19 21:34:38.102] [PSS] [debug] [28200|32004]transport_client_tcp3.cpp:34 Start: buffer size(send\recv): 2097152\2097152, this= 0x224b78dbdd0
[2025-04-19 21:34:38.102] [PSS] [info] [28200|32004]transport_client_tcp3.cpp:59 Start: server= 127.0.0.1:54000, local=0.0.0.0:0, this= 0x224b78dbdd0
[2025-04-19 21:34:40.142] [PSS] [info] [28200|13992]streaming_client_impl.cpp:62 NotifyConnectResult: network connect to service result= 10061, this= 0x224b794c5d0
[2025-04-19 21:34:40.142] [PSS] [error] [28200|13992]streaming_client_impl.cpp:64 NotifyConnectResult: connect to service network error= 10061, this= 0x224b794c5d0
[2025-04-19 21:34:40.142] [PSS] [error] [28200|32004]streaming_driver_interface_impl.cpp:332 NotifyClientConnectResult: connect to service failed, Network Error, this= 0x224b4a9aff0
[2025-04-19 21:34:40.142] [PSS] [error] [28200|13992]transport_client_tcp3.cpp:129 HandleConnect: connected error= 由于目标计算机积极拒绝，无法连接。, this= 0x224b78dbdd0
[2025-04-19 22:00:47.557] [PSS] [debug] [28200|11964]streaming_driver_interface_impl.cpp:19 StreamingDriverInterfaceImpl: callback= 0x224b485c540, this= 0x22853a3bf30
[2025-04-19 22:00:47.559] [PSS] [error] [28200|11964]streaming_driver_interface_impl.cpp:115 SetTrackingOrigin: streaming not started, this= 0x22853a3bf30
[2025-04-19 22:00:47.559] [PSS] [info] [28200|11964]streaming_driver_interface_impl.cpp:24 ConnectToService: connect to service, client_id= 5keNf6eFP7dHeUZz, this= 0x22853a3bf30
[2025-04-19 22:00:47.559] [PSS] [info] [28200|11964]streaming_client_impl.cpp:25 ConnectToService: client_id= 5keNf6eFP7dHeUZz, name= 3D Engine, desp= StreamingSceneRender, this= 0x224ad2f39f0
[2025-04-19 22:00:47.559] [PSS] [debug] [28200|30980]streaming_client_impl.cpp:137 InvokeConnectToService: connect to service through the network, port= 54000, this= 0x224ad2f39f0
[2025-04-19 22:00:47.559] [PSS] [debug] [28200|30980]transport_client_tcp3.cpp:34 Start: buffer size(send\recv): 2097152\2097152, this= 0x224b78df250
[2025-04-19 22:00:47.559] [PSS] [info] [28200|30980]transport_client_tcp3.cpp:59 Start: server= 127.0.0.1:54000, local=0.0.0.0:0, this= 0x224b78df250
[2025-04-19 22:00:49.607] [PSS] [info] [28200|32116]streaming_client_impl.cpp:62 NotifyConnectResult: network connect to service result= 10061, this= 0x224ad2f39f0
[2025-04-19 22:00:49.607] [PSS] [error] [28200|32116]streaming_client_impl.cpp:64 NotifyConnectResult: connect to service network error= 10061, this= 0x224ad2f39f0
[2025-04-19 22:00:49.607] [PSS] [error] [28200|30980]streaming_driver_interface_impl.cpp:332 NotifyClientConnectResult: connect to service failed, Network Error, this= 0x22853a3bf30
[2025-04-19 22:00:49.607] [PSS] [error] [28200|32116]transport_client_tcp3.cpp:129 HandleConnect: connected error= 由于目标计算机积极拒绝，无法连接。, this= 0x224b78df250
[2025-04-19 22:52:39.762] [PSS] [debug] [28200|11964]streaming_driver_interface_impl.cpp:19 StreamingDriverInterfaceImpl: callback= 0x224ad564b20, this= 0x22853b01b70
[2025-04-19 22:52:39.765] [PSS] [error] [28200|11964]streaming_driver_interface_impl.cpp:115 SetTrackingOrigin: streaming not started, this= 0x22853b01b70
[2025-04-19 22:52:39.765] [PSS] [info] [28200|11964]streaming_driver_interface_impl.cpp:24 ConnectToService: connect to service, client_id= HHRDjx5Z9zfkI3gC, this= 0x22853b01b70
[2025-04-19 22:52:39.765] [PSS] [info] [28200|11964]streaming_client_impl.cpp:25 ConnectToService: client_id= HHRDjx5Z9zfkI3gC, name= 3D Engine, desp= StreamingSceneRender, this= 0x224a24aee50
[2025-04-19 22:52:39.765] [PSS] [debug] [28200|38408]streaming_client_impl.cpp:137 InvokeConnectToService: connect to service through the network, port= 54000, this= 0x224a24aee50
[2025-04-19 22:52:39.765] [PSS] [debug] [28200|38408]transport_client_tcp3.cpp:34 Start: buffer size(send\recv): 2097152\2097152, this= 0x224b78d1540
[2025-04-19 22:52:39.765] [PSS] [info] [28200|38408]transport_client_tcp3.cpp:59 Start: server= 127.0.0.1:54000, local=0.0.0.0:0, this= 0x224b78d1540
[2025-04-19 22:52:41.784] [PSS] [info] [28200|11592]streaming_client_impl.cpp:62 NotifyConnectResult: network connect to service result= 10061, this= 0x224a24aee50
[2025-04-19 22:52:41.784] [PSS] [error] [28200|11592]streaming_client_impl.cpp:64 NotifyConnectResult: connect to service network error= 10061, this= 0x224a24aee50
[2025-04-19 22:52:41.784] [PSS] [error] [28200|38408]streaming_driver_interface_impl.cpp:332 NotifyClientConnectResult: connect to service failed, Network Error, this= 0x22853b01b70
[2025-04-19 22:52:41.784] [PSS] [error] [28200|11592]transport_client_tcp3.cpp:129 HandleConnect: connected error= 由于目标计算机积极拒绝，无法连接。, this= 0x224b78d1540
[2025-04-20 09:16:16.044] [PSS] [info] ***********  Log Begin **********
[2025-04-20 09:16:16.044] [PSS] [info] process id= 16040
[2025-04-20 09:16:16.044] [PSS] [debug] [16040|33444]streaming_driver_interface_impl.cpp:19 StreamingDriverInterfaceImpl: callback= 0x1d6a2d6b220, this= 0x1d6f2658fa0
[2025-04-20 09:16:16.044] [PSS] [error] [16040|33444]streaming_driver_interface_impl.cpp:115 SetTrackingOrigin: streaming not started, this= 0x1d6f2658fa0
[2025-04-20 09:16:16.044] [PSS] [info] [16040|33444]streaming_driver_interface_impl.cpp:24 ConnectToService: connect to service, client_id= 1xX5KdmgrGnmYEK9, this= 0x1d6f2658fa0
[2025-04-20 09:16:16.044] [PSS] [info] [16040|33444]streaming_client_impl.cpp:25 ConnectToService: client_id= 1xX5KdmgrGnmYEK9, name= 3D Engine, desp= StreamingSceneRender, this= 0x1d6c4e23140
[2025-04-20 09:16:16.045] [PSS] [debug] [16040|11140]streaming_client_impl.cpp:137 InvokeConnectToService: connect to service through the network, port= 54000, this= 0x1d6c4e23140
[2025-04-20 09:16:16.045] [PSS] [debug] [16040|11140]transport_client_tcp3.cpp:34 Start: buffer size(send\recv): 2097152\2097152, this= 0x1d6e751bf20
[2025-04-20 09:16:16.045] [PSS] [info] [16040|11140]transport_client_tcp3.cpp:59 Start: server= 127.0.0.1:54000, local=0.0.0.0:0, this= 0x1d6e751bf20
[2025-04-20 09:16:18.084] [PSS] [info] [16040|26132]streaming_client_impl.cpp:62 NotifyConnectResult: network connect to service result= 10061, this= 0x1d6c4e23140
[2025-04-20 09:16:18.084] [PSS] [error] [16040|26132]streaming_client_impl.cpp:64 NotifyConnectResult: connect to service network error= 10061, this= 0x1d6c4e23140
[2025-04-20 09:16:18.084] [PSS] [error] [16040|11140]streaming_driver_interface_impl.cpp:332 NotifyClientConnectResult: connect to service failed, Network Error, this= 0x1d6f2658fa0
[2025-04-20 09:16:18.084] [PSS] [error] [16040|26132]transport_client_tcp3.cpp:129 HandleConnect: connected error= 由于目标计算机积极拒绝，无法连接。, this= 0x1d6e751bf20
[2025-04-20 09:16:42.685] [PSS] [debug] [16040|33444]streaming_driver_interface_impl.cpp:19 StreamingDriverInterfaceImpl: callback= 0x1d7573e6010, this= 0x1d7a8cab530
[2025-04-20 09:16:42.686] [PSS] [error] [16040|33444]streaming_driver_interface_impl.cpp:115 SetTrackingOrigin: streaming not started, this= 0x1d7a8cab530
[2025-04-20 09:16:42.686] [PSS] [info] [16040|33444]streaming_driver_interface_impl.cpp:24 ConnectToService: connect to service, client_id= vCztNocWiL2372DO, this= 0x1d7a8cab530
[2025-04-20 09:16:42.686] [PSS] [info] [16040|33444]streaming_client_impl.cpp:25 ConnectToService: client_id= vCztNocWiL2372DO, name= 3D Engine, desp= StreamingSceneRender, this= 0x1d779dfb1e0
[2025-04-20 09:16:42.686] [PSS] [debug] [16040|28376]streaming_client_impl.cpp:137 InvokeConnectToService: connect to service through the network, port= 54000, this= 0x1d779dfb1e0
[2025-04-20 09:16:42.686] [PSS] [debug] [16040|28376]transport_client_tcp3.cpp:34 Start: buffer size(send\recv): 2097152\2097152, this= 0x1d6e751bc80
[2025-04-20 09:16:42.686] [PSS] [info] [16040|28376]transport_client_tcp3.cpp:59 Start: server= 127.0.0.1:54000, local=0.0.0.0:0, this= 0x1d6e751bc80
[2025-04-20 09:16:44.726] [PSS] [info] [16040|34588]streaming_client_impl.cpp:62 NotifyConnectResult: network connect to service result= 10061, this= 0x1d779dfb1e0
[2025-04-20 09:16:44.726] [PSS] [error] [16040|34588]streaming_client_impl.cpp:64 NotifyConnectResult: connect to service network error= 10061, this= 0x1d779dfb1e0
[2025-04-20 09:16:44.726] [PSS] [error] [16040|28376]streaming_driver_interface_impl.cpp:332 NotifyClientConnectResult: connect to service failed, Network Error, this= 0x1d7a8cab530
[2025-04-20 09:16:44.726] [PSS] [error] [16040|34588]transport_client_tcp3.cpp:129 HandleConnect: connected error= 由于目标计算机积极拒绝，无法连接。, this= 0x1d6e751bc80
[2025-04-20 09:20:42.581] [PSS] [debug] [16040|33444]streaming_driver_interface_impl.cpp:19 StreamingDriverInterfaceImpl: callback= 0x1d7d3e51170, this= 0x1d6e7846ae0
[2025-04-20 09:20:42.582] [PSS] [error] [16040|33444]streaming_driver_interface_impl.cpp:115 SetTrackingOrigin: streaming not started, this= 0x1d6e7846ae0
[2025-04-20 09:20:42.582] [PSS] [info] [16040|33444]streaming_driver_interface_impl.cpp:24 ConnectToService: connect to service, client_id= 4bew4tdch9a9RAJA, this= 0x1d6e7846ae0
[2025-04-20 09:20:42.582] [PSS] [info] [16040|33444]streaming_client_impl.cpp:25 ConnectToService: client_id= 4bew4tdch9a9RAJA, name= 3D Engine, desp= StreamingSceneRender, this= 0x1d6c4e23250
[2025-04-20 09:20:42.582] [PSS] [debug] [16040|39068]streaming_client_impl.cpp:137 InvokeConnectToService: connect to service through the network, port= 54000, this= 0x1d6c4e23250
[2025-04-20 09:20:42.582] [PSS] [debug] [16040|39068]transport_client_tcp3.cpp:34 Start: buffer size(send\recv): 2097152\2097152, this= 0x1d6e751d6c0
[2025-04-20 09:20:42.582] [PSS] [info] [16040|39068]transport_client_tcp3.cpp:59 Start: server= 127.0.0.1:54000, local=0.0.0.0:0, this= 0x1d6e751d6c0
[2025-04-20 09:20:44.625] [PSS] [info] [16040|39084]streaming_client_impl.cpp:62 NotifyConnectResult: network connect to service result= 10061, this= 0x1d6c4e23250
[2025-04-20 09:20:44.625] [PSS] [error] [16040|39084]streaming_client_impl.cpp:64 NotifyConnectResult: connect to service network error= 10061, this= 0x1d6c4e23250
[2025-04-20 09:20:44.625] [PSS] [error] [16040|39068]streaming_driver_interface_impl.cpp:332 NotifyClientConnectResult: connect to service failed, Network Error, this= 0x1d6e7846ae0
[2025-04-20 09:20:44.625] [PSS] [error] [16040|39084]transport_client_tcp3.cpp:129 HandleConnect: connected error= 由于目标计算机积极拒绝，无法连接。, this= 0x1d6e751d6c0
[2025-04-20 09:58:18.197] [PSS] [info] ***********  Log Begin **********
[2025-04-20 09:58:18.197] [PSS] [info] process id= 11704
[2025-04-20 09:58:18.197] [PSS] [debug] [11704|7964]streaming_driver_interface_impl.cpp:19 StreamingDriverInterfaceImpl: callback= 0x20df2d95de0, this= 0x20df2f652f0
[2025-04-20 09:58:18.197] [PSS] [error] [11704|7964]streaming_driver_interface_impl.cpp:115 SetTrackingOrigin: streaming not started, this= 0x20df2f652f0
[2025-04-20 09:58:18.197] [PSS] [info] [11704|7964]streaming_driver_interface_impl.cpp:24 ConnectToService: connect to service, client_id= PMgx8ws4bQXR6sZR, this= 0x20df2f652f0
[2025-04-20 09:58:18.197] [PSS] [info] [11704|7964]streaming_client_impl.cpp:25 ConnectToService: client_id= PMgx8ws4bQXR6sZR, name= 3D Engine, desp= StreamingSceneRender, this= 0x20e4f29d1a0
[2025-04-20 09:58:18.198] [PSS] [debug] [11704|10564]streaming_client_impl.cpp:137 InvokeConnectToService: connect to service through the network, port= 54000, this= 0x20e4f29d1a0
[2025-04-20 09:58:18.198] [PSS] [debug] [11704|10564]transport_client_tcp3.cpp:34 Start: buffer size(send\recv): 2097152\2097152, this= 0x20d6232c7f0
[2025-04-20 09:58:18.198] [PSS] [info] [11704|10564]transport_client_tcp3.cpp:59 Start: server= 127.0.0.1:54000, local=0.0.0.0:0, this= 0x20d6232c7f0
[2025-04-20 09:58:20.226] [PSS] [info] [11704|8220]streaming_client_impl.cpp:62 NotifyConnectResult: network connect to service result= 10061, this= 0x20e4f29d1a0
[2025-04-20 09:58:20.226] [PSS] [error] [11704|8220]streaming_client_impl.cpp:64 NotifyConnectResult: connect to service network error= 10061, this= 0x20e4f29d1a0
[2025-04-20 09:58:20.226] [PSS] [error] [11704|10564]streaming_driver_interface_impl.cpp:332 NotifyClientConnectResult: connect to service failed, Network Error, this= 0x20df2f652f0
[2025-04-20 09:58:20.226] [PSS] [error] [11704|8220]transport_client_tcp3.cpp:129 HandleConnect: connected error= 由于目标计算机积极拒绝，无法连接。, this= 0x20d6232c7f0
[2025-04-20 09:59:22.633] [PSS] [debug] [11704|7964]streaming_driver_interface_impl.cpp:19 StreamingDriverInterfaceImpl: callback= 0x20d6c239810, this= 0x20e2625c0c0
[2025-04-20 09:59:22.635] [PSS] [error] [11704|7964]streaming_driver_interface_impl.cpp:115 SetTrackingOrigin: streaming not started, this= 0x20e2625c0c0
[2025-04-20 09:59:22.635] [PSS] [info] [11704|7964]streaming_driver_interface_impl.cpp:24 ConnectToService: connect to service, client_id= hHCiu5Bd5LildXeT, this= 0x20e2625c0c0
[2025-04-20 09:59:22.635] [PSS] [info] [11704|7964]streaming_client_impl.cpp:25 ConnectToService: client_id= hHCiu5Bd5LildXeT, name= 3D Engine, desp= StreamingSceneRender, this= 0x20e4fbed8f0
[2025-04-20 09:59:22.635] [PSS] [debug] [11704|33840]streaming_client_impl.cpp:137 InvokeConnectToService: connect to service through the network, port= 54000, this= 0x20e4fbed8f0
[2025-04-20 09:59:22.635] [PSS] [debug] [11704|33840]transport_client_tcp3.cpp:34 Start: buffer size(send\recv): 2097152\2097152, this= 0x20d6232adb0
[2025-04-20 09:59:22.635] [PSS] [info] [11704|33840]transport_client_tcp3.cpp:59 Start: server= 127.0.0.1:54000, local=0.0.0.0:0, this= 0x20d6232adb0
[2025-04-20 09:59:24.678] [PSS] [info] [11704|32448]streaming_client_impl.cpp:62 NotifyConnectResult: network connect to service result= 10061, this= 0x20e4fbed8f0
[2025-04-20 09:59:24.678] [PSS] [error] [11704|32448]streaming_client_impl.cpp:64 NotifyConnectResult: connect to service network error= 10061, this= 0x20e4fbed8f0
[2025-04-20 09:59:24.678] [PSS] [error] [11704|32448]transport_client_tcp3.cpp:129 HandleConnect: connected error= 由于目标计算机积极拒绝，无法连接。, this= 0x20d6232adb0
[2025-04-20 09:59:24.678] [PSS] [error] [11704|33840]streaming_driver_interface_impl.cpp:332 NotifyClientConnectResult: connect to service failed, Network Error, this= 0x20e2625c0c0
[2025-04-20 10:00:08.091] [PSS] [debug] [11704|7964]streaming_driver_interface_impl.cpp:19 StreamingDriverInterfaceImpl: callback= 0x20d6cc6fe00, this= 0x20d3f483070
[2025-04-20 10:00:08.092] [PSS] [error] [11704|7964]streaming_driver_interface_impl.cpp:115 SetTrackingOrigin: streaming not started, this= 0x20d3f483070
[2025-04-20 10:00:08.092] [PSS] [info] [11704|7964]streaming_driver_interface_impl.cpp:24 ConnectToService: connect to service, client_id= mNQB5BL43VHJizKU, this= 0x20d3f483070
[2025-04-20 10:00:08.092] [PSS] [info] [11704|7964]streaming_client_impl.cpp:25 ConnectToService: client_id= mNQB5BL43VHJizKU, name= 3D Engine, desp= StreamingSceneRender, this= 0x20e4f4c2fa0
[2025-04-20 10:00:08.092] [PSS] [debug] [11704|19116]streaming_client_impl.cpp:137 InvokeConnectToService: connect to service through the network, port= 54000, this= 0x20e4f4c2fa0
[2025-04-20 10:00:08.092] [PSS] [debug] [11704|19116]transport_client_tcp3.cpp:34 Start: buffer size(send\recv): 2097152\2097152, this= 0x20d6232bad0
[2025-04-20 10:00:08.092] [PSS] [info] [11704|19116]transport_client_tcp3.cpp:59 Start: server= 127.0.0.1:54000, local=0.0.0.0:0, this= 0x20d6232bad0
[2025-04-20 10:00:10.115] [PSS] [info] [11704|38504]streaming_client_impl.cpp:62 NotifyConnectResult: network connect to service result= 10061, this= 0x20e4f4c2fa0
[2025-04-20 10:00:10.115] [PSS] [error] [11704|38504]streaming_client_impl.cpp:64 NotifyConnectResult: connect to service network error= 10061, this= 0x20e4f4c2fa0
[2025-04-20 10:00:10.115] [PSS] [error] [11704|19116]streaming_driver_interface_impl.cpp:332 NotifyClientConnectResult: connect to service failed, Network Error, this= 0x20d3f483070
[2025-04-20 10:00:10.115] [PSS] [error] [11704|38504]transport_client_tcp3.cpp:129 HandleConnect: connected error= 由于目标计算机积极拒绝，无法连接。, this= 0x20d6232bad0
[2025-04-20 10:00:55.530] [PSS] [debug] [11704|7964]streaming_driver_interface_impl.cpp:19 StreamingDriverInterfaceImpl: callback= 0x20e255ea750, this= 0x20df2a7a8b0
[2025-04-20 10:00:55.531] [PSS] [error] [11704|7964]streaming_driver_interface_impl.cpp:115 SetTrackingOrigin: streaming not started, this= 0x20df2a7a8b0
[2025-04-20 10:00:55.531] [PSS] [info] [11704|7964]streaming_driver_interface_impl.cpp:24 ConnectToService: connect to service, client_id= RWKaoiSZcyvxdYTR, this= 0x20df2a7a8b0
[2025-04-20 10:00:55.531] [PSS] [info] [11704|7964]streaming_client_impl.cpp:25 ConnectToService: client_id= RWKaoiSZcyvxdYTR, name= 3D Engine, desp= StreamingSceneRender, this= 0x20d6bdf3d40
[2025-04-20 10:00:55.531] [PSS] [debug] [11704|18172]streaming_client_impl.cpp:137 InvokeConnectToService: connect to service through the network, port= 54000, this= 0x20d6bdf3d40
[2025-04-20 10:00:55.531] [PSS] [debug] [11704|18172]transport_client_tcp3.cpp:34 Start: buffer size(send\recv): 2097152\2097152, this= 0x20d6232b2f0
[2025-04-20 10:00:55.531] [PSS] [info] [11704|18172]transport_client_tcp3.cpp:59 Start: server= 127.0.0.1:54000, local=0.0.0.0:0, this= 0x20d6232b2f0
[2025-04-20 10:00:57.568] [PSS] [info] [11704|39548]streaming_client_impl.cpp:62 NotifyConnectResult: network connect to service result= 10061, this= 0x20d6bdf3d40
[2025-04-20 10:00:57.568] [PSS] [error] [11704|39548]streaming_client_impl.cpp:64 NotifyConnectResult: connect to service network error= 10061, this= 0x20d6bdf3d40
[2025-04-20 10:00:57.568] [PSS] [error] [11704|39548]transport_client_tcp3.cpp:129 HandleConnect: connected error= 由于目标计算机积极拒绝，无法连接。, this= 0x20d6232b2f0
[2025-04-20 10:00:57.568] [PSS] [error] [11704|18172]streaming_driver_interface_impl.cpp:332 NotifyClientConnectResult: connect to service failed, Network Error, this= 0x20df2a7a8b0
[2025-04-20 10:43:10.803] [PSS] [debug] [11704|7964]streaming_driver_interface_impl.cpp:19 StreamingDriverInterfaceImpl: callback= 0x20d8e8e80b0, this= 0x20d6ab840c0
[2025-04-20 10:43:10.804] [PSS] [error] [11704|7964]streaming_driver_interface_impl.cpp:115 SetTrackingOrigin: streaming not started, this= 0x20d6ab840c0
[2025-04-20 10:43:10.804] [PSS] [info] [11704|7964]streaming_driver_interface_impl.cpp:24 ConnectToService: connect to service, client_id= qTCVPNNF7XF5IhD7, this= 0x20d6ab840c0
[2025-04-20 10:43:10.804] [PSS] [info] [11704|7964]streaming_client_impl.cpp:25 ConnectToService: client_id= qTCVPNNF7XF5IhD7, name= 3D Engine, desp= StreamingSceneRender, this= 0x20df75af290
[2025-04-20 10:43:10.804] [PSS] [debug] [11704|9888]streaming_client_impl.cpp:137 InvokeConnectToService: connect to service through the network, port= 54000, this= 0x20df75af290
[2025-04-20 10:43:10.804] [PSS] [debug] [11704|9888]transport_client_tcp3.cpp:34 Start: buffer size(send\recv): 2097152\2097152, this= 0x20d6232c550
[2025-04-20 10:43:10.804] [PSS] [info] [11704|9888]transport_client_tcp3.cpp:59 Start: server= 127.0.0.1:54000, local=0.0.0.0:0, this= 0x20d6232c550
[2025-04-20 10:43:12.809] [PSS] [info] [11704|8628]streaming_client_impl.cpp:62 NotifyConnectResult: network connect to service result= 10061, this= 0x20df75af290
[2025-04-20 10:43:12.809] [PSS] [error] [11704|8628]streaming_client_impl.cpp:64 NotifyConnectResult: connect to service network error= 10061, this= 0x20df75af290
[2025-04-20 10:43:12.810] [PSS] [error] [11704|8628]transport_client_tcp3.cpp:129 HandleConnect: connected error= 由于目标计算机积极拒绝，无法连接。, this= 0x20d6232c550
[2025-04-20 10:43:12.810] [PSS] [error] [11704|9888]streaming_driver_interface_impl.cpp:332 NotifyClientConnectResult: connect to service failed, Network Error, this= 0x20d6ab840c0
[2025-04-20 10:48:56.329] [PSS] [debug] [11704|7964]streaming_driver_interface_impl.cpp:19 StreamingDriverInterfaceImpl: callback= 0x20e35003fe0, this= 0x20e35018480
[2025-04-20 10:48:56.330] [PSS] [error] [11704|7964]streaming_driver_interface_impl.cpp:115 SetTrackingOrigin: streaming not started, this= 0x20e35018480
[2025-04-20 10:48:56.330] [PSS] [info] [11704|7964]streaming_driver_interface_impl.cpp:24 ConnectToService: connect to service, client_id= u2GoTOMyL7IFnaM4, this= 0x20e35018480
[2025-04-20 10:48:56.330] [PSS] [info] [11704|7964]streaming_client_impl.cpp:25 ConnectToService: client_id= u2GoTOMyL7IFnaM4, name= 3D Engine, desp= StreamingSceneRender, this= 0x20e4fbec4c0
[2025-04-20 10:48:56.330] [PSS] [debug] [11704|17736]streaming_client_impl.cpp:137 InvokeConnectToService: connect to service through the network, port= 54000, this= 0x20e4fbec4c0
[2025-04-20 10:48:56.330] [PSS] [debug] [11704|17736]transport_client_tcp3.cpp:34 Start: buffer size(send\recv): 2097152\2097152, this= 0x20d6232c010
[2025-04-20 10:48:56.330] [PSS] [info] [11704|17736]transport_client_tcp3.cpp:59 Start: server= 127.0.0.1:54000, local=0.0.0.0:0, this= 0x20d6232c010
[2025-04-20 10:48:58.375] [PSS] [info] [11704|11236]streaming_client_impl.cpp:62 NotifyConnectResult: network connect to service result= 10061, this= 0x20e4fbec4c0
[2025-04-20 10:48:58.375] [PSS] [error] [11704|11236]streaming_client_impl.cpp:64 NotifyConnectResult: connect to service network error= 10061, this= 0x20e4fbec4c0
[2025-04-20 10:48:58.375] [PSS] [error] [11704|11236]transport_client_tcp3.cpp:129 HandleConnect: connected error= 由于目标计算机积极拒绝，无法连接。, this= 0x20d6232c010
[2025-04-20 10:48:58.375] [PSS] [error] [11704|17736]streaming_driver_interface_impl.cpp:332 NotifyClientConnectResult: connect to service failed, Network Error, this= 0x20e35018480
[2025-04-20 10:49:12.785] [PSS] [debug] [11704|7964]streaming_driver_interface_impl.cpp:19 StreamingDriverInterfaceImpl: callback= 0x20d3fa4e050, this= 0x20e3501a890
[2025-04-20 10:49:12.786] [PSS] [error] [11704|7964]streaming_driver_interface_impl.cpp:115 SetTrackingOrigin: streaming not started, this= 0x20e3501a890
[2025-04-20 10:49:12.786] [PSS] [info] [11704|7964]streaming_driver_interface_impl.cpp:24 ConnectToService: connect to service, client_id= zLA7c33OzfaAAyoi, this= 0x20e3501a890
[2025-04-20 10:49:12.786] [PSS] [info] [11704|7964]streaming_client_impl.cpp:25 ConnectToService: client_id= zLA7c33OzfaAAyoi, name= 3D Engine, desp= StreamingSceneRender, this= 0x20d8e83ff90
[2025-04-20 10:49:12.786] [PSS] [debug] [11704|2180]streaming_client_impl.cpp:137 InvokeConnectToService: connect to service through the network, port= 54000, this= 0x20d8e83ff90
[2025-04-20 10:49:12.786] [PSS] [debug] [11704|2180]transport_client_tcp3.cpp:34 Start: buffer size(send\recv): 2097152\2097152, this= 0x20d6232c2b0
[2025-04-20 10:49:12.786] [PSS] [info] [11704|2180]transport_client_tcp3.cpp:59 Start: server= 127.0.0.1:54000, local=0.0.0.0:0, this= 0x20d6232c2b0
[2025-04-20 10:49:14.828] [PSS] [info] [11704|31580]streaming_client_impl.cpp:62 NotifyConnectResult: network connect to service result= 10061, this= 0x20d8e83ff90
[2025-04-20 10:49:14.828] [PSS] [error] [11704|31580]streaming_client_impl.cpp:64 NotifyConnectResult: connect to service network error= 10061, this= 0x20d8e83ff90
[2025-04-20 10:49:14.828] [PSS] [error] [11704|31580]transport_client_tcp3.cpp:129 HandleConnect: connected error= 由于目标计算机积极拒绝，无法连接。, this= 0x20d6232c2b0
[2025-04-20 10:49:14.828] [PSS] [error] [11704|2180]streaming_driver_interface_impl.cpp:332 NotifyClientConnectResult: connect to service failed, Network Error, this= 0x20e3501a890
[2025-04-20 10:51:31.501] [PSS] [debug] [11704|7964]streaming_driver_interface_impl.cpp:19 StreamingDriverInterfaceImpl: callback= 0x20df2e8d540, this= 0x20e35018480
[2025-04-20 10:51:31.502] [PSS] [error] [11704|7964]streaming_driver_interface_impl.cpp:115 SetTrackingOrigin: streaming not started, this= 0x20e35018480
[2025-04-20 10:51:31.502] [PSS] [info] [11704|7964]streaming_driver_interface_impl.cpp:24 ConnectToService: connect to service, client_id= ovO4ZFqCoXfODEWR, this= 0x20e35018480
[2025-04-20 10:51:31.502] [PSS] [info] [11704|7964]streaming_client_impl.cpp:25 ConnectToService: client_id= ovO4ZFqCoXfODEWR, name= 3D Engine, desp= StreamingSceneRender, this= 0x20e5052b380
[2025-04-20 10:51:31.502] [PSS] [debug] [11704|2536]streaming_client_impl.cpp:137 InvokeConnectToService: connect to service through the network, port= 54000, this= 0x20e5052b380
[2025-04-20 10:51:31.502] [PSS] [debug] [11704|2536]transport_client_tcp3.cpp:34 Start: buffer size(send\recv): 2097152\2097152, this= 0x20d6232c550
[2025-04-20 10:51:31.502] [PSS] [info] [11704|2536]transport_client_tcp3.cpp:59 Start: server= 127.0.0.1:54000, local=0.0.0.0:0, this= 0x20d6232c550
[2025-04-20 10:51:33.548] [PSS] [info] [11704|26840]streaming_client_impl.cpp:62 NotifyConnectResult: network connect to service result= 10061, this= 0x20e5052b380
[2025-04-20 10:51:33.549] [PSS] [error] [11704|26840]streaming_client_impl.cpp:64 NotifyConnectResult: connect to service network error= 10061, this= 0x20e5052b380
[2025-04-20 10:51:33.549] [PSS] [error] [11704|2536]streaming_driver_interface_impl.cpp:332 NotifyClientConnectResult: connect to service failed, Network Error, this= 0x20e35018480
[2025-04-20 10:51:33.549] [PSS] [error] [11704|26840]transport_client_tcp3.cpp:129 HandleConnect: connected error= 由于目标计算机积极拒绝，无法连接。, this= 0x20d6232c550
[2025-04-20 10:51:55.136] [PSS] [debug] [11704|7964]streaming_driver_interface_impl.cpp:19 StreamingDriverInterfaceImpl: callback= 0x20df7a812e0, this= 0x20e25df9490
[2025-04-20 10:51:55.136] [PSS] [error] [11704|7964]streaming_driver_interface_impl.cpp:115 SetTrackingOrigin: streaming not started, this= 0x20e25df9490
[2025-04-20 10:51:55.136] [PSS] [info] [11704|7964]streaming_driver_interface_impl.cpp:24 ConnectToService: connect to service, client_id= wrjhTnIzLzF12ygM, this= 0x20e25df9490
[2025-04-20 10:51:55.136] [PSS] [info] [11704|7964]streaming_client_impl.cpp:25 ConnectToService: client_id= wrjhTnIzLzF12ygM, name= 3D Engine, desp= StreamingSceneRender, this= 0x20e50916290
[2025-04-20 10:51:55.137] [PSS] [debug] [11704|964]streaming_client_impl.cpp:137 InvokeConnectToService: connect to service through the network, port= 54000, this= 0x20e50916290
[2025-04-20 10:51:55.137] [PSS] [debug] [11704|964]transport_client_tcp3.cpp:34 Start: buffer size(send\recv): 2097152\2097152, this= 0x20d6232c010
[2025-04-20 10:51:55.137] [PSS] [info] [11704|964]transport_client_tcp3.cpp:59 Start: server= 127.0.0.1:54000, local=0.0.0.0:0, this= 0x20d6232c010
[2025-04-20 10:51:57.155] [PSS] [info] [11704|27976]streaming_client_impl.cpp:62 NotifyConnectResult: network connect to service result= 10061, this= 0x20e50916290
[2025-04-20 10:51:57.155] [PSS] [error] [11704|27976]streaming_client_impl.cpp:64 NotifyConnectResult: connect to service network error= 10061, this= 0x20e50916290
[2025-04-20 10:51:57.155] [PSS] [error] [11704|27976]transport_client_tcp3.cpp:129 HandleConnect: connected error= 由于目标计算机积极拒绝，无法连接。, this= 0x20d6232c010
[2025-04-20 10:51:57.155] [PSS] [error] [11704|964]streaming_driver_interface_impl.cpp:332 NotifyClientConnectResult: connect to service failed, Network Error, this= 0x20e25df9490
[2025-04-20 10:53:47.816] [PSS] [debug] [11704|7964]streaming_driver_interface_impl.cpp:19 StreamingDriverInterfaceImpl: callback= 0x20d3fa4ba80, this= 0x20df7ce68a0
[2025-04-20 10:53:47.816] [PSS] [error] [11704|7964]streaming_driver_interface_impl.cpp:115 SetTrackingOrigin: streaming not started, this= 0x20df7ce68a0
[2025-04-20 10:53:47.816] [PSS] [info] [11704|7964]streaming_driver_interface_impl.cpp:24 ConnectToService: connect to service, client_id= eMGS1xWmhjgUFScd, this= 0x20df7ce68a0
[2025-04-20 10:53:47.816] [PSS] [info] [11704|7964]streaming_client_impl.cpp:25 ConnectToService: client_id= eMGS1xWmhjgUFScd, name= 3D Engine, desp= StreamingSceneRender, this= 0x20e50529070
[2025-04-20 10:53:47.816] [PSS] [debug] [11704|26556]streaming_client_impl.cpp:137 InvokeConnectToService: connect to service through the network, port= 54000, this= 0x20e50529070
[2025-04-20 10:53:47.816] [PSS] [debug] [11704|26556]transport_client_tcp3.cpp:34 Start: buffer size(send\recv): 2097152\2097152, this= 0x20d6232c2b0
[2025-04-20 10:53:47.816] [PSS] [info] [11704|26556]transport_client_tcp3.cpp:59 Start: server= 127.0.0.1:54000, local=0.0.0.0:0, this= 0x20d6232c2b0
[2025-04-20 10:53:49.841] [PSS] [info] [11704|10292]streaming_client_impl.cpp:62 NotifyConnectResult: network connect to service result= 10061, this= 0x20e50529070
[2025-04-20 10:53:49.841] [PSS] [error] [11704|10292]streaming_client_impl.cpp:64 NotifyConnectResult: connect to service network error= 10061, this= 0x20e50529070
[2025-04-20 10:53:49.841] [PSS] [error] [11704|26556]streaming_driver_interface_impl.cpp:332 NotifyClientConnectResult: connect to service failed, Network Error, this= 0x20df7ce68a0
[2025-04-20 10:53:49.841] [PSS] [error] [11704|10292]transport_client_tcp3.cpp:129 HandleConnect: connected error= 由于目标计算机积极拒绝，无法连接。, this= 0x20d6232c2b0
[2025-04-20 10:59:28.787] [PSS] [debug] [11704|7964]streaming_driver_interface_impl.cpp:19 StreamingDriverInterfaceImpl: callback= 0x20d3f8167a0, this= 0x20d6ca6b080
[2025-04-20 10:59:28.787] [PSS] [error] [11704|7964]streaming_driver_interface_impl.cpp:115 SetTrackingOrigin: streaming not started, this= 0x20d6ca6b080
[2025-04-20 10:59:28.787] [PSS] [info] [11704|7964]streaming_driver_interface_impl.cpp:24 ConnectToService: connect to service, client_id= KXcxTewlhuEFFFw4, this= 0x20d6ca6b080
[2025-04-20 10:59:28.787] [PSS] [info] [11704|7964]streaming_client_impl.cpp:25 ConnectToService: client_id= KXcxTewlhuEFFFw4, name= 3D Engine, desp= StreamingSceneRender, this= 0x20e26110440
[2025-04-20 10:59:28.787] [PSS] [debug] [11704|19432]streaming_client_impl.cpp:137 InvokeConnectToService: connect to service through the network, port= 54000, this= 0x20e26110440
[2025-04-20 10:59:28.788] [PSS] [debug] [11704|19432]transport_client_tcp3.cpp:34 Start: buffer size(send\recv): 2097152\2097152, this= 0x20d3f822790
[2025-04-20 10:59:28.788] [PSS] [info] [11704|19432]transport_client_tcp3.cpp:59 Start: server= 127.0.0.1:54000, local=0.0.0.0:0, this= 0x20d3f822790
[2025-04-20 10:59:30.840] [PSS] [info] [11704|12056]streaming_client_impl.cpp:62 NotifyConnectResult: network connect to service result= 10061, this= 0x20e26110440
[2025-04-20 10:59:30.840] [PSS] [error] [11704|12056]streaming_client_impl.cpp:64 NotifyConnectResult: connect to service network error= 10061, this= 0x20e26110440
[2025-04-20 10:59:30.840] [PSS] [error] [11704|12056]transport_client_tcp3.cpp:129 HandleConnect: connected error= 由于目标计算机积极拒绝，无法连接。, this= 0x20d3f822790
[2025-04-20 10:59:30.840] [PSS] [error] [11704|19432]streaming_driver_interface_impl.cpp:332 NotifyClientConnectResult: connect to service failed, Network Error, this= 0x20d6ca6b080
[2025-04-20 11:00:42.484] [PSS] [debug] [11704|7964]streaming_driver_interface_impl.cpp:19 StreamingDriverInterfaceImpl: callback= 0x20d6a805b40, this= 0x20e50402cb0
[2025-04-20 11:00:42.484] [PSS] [error] [11704|7964]streaming_driver_interface_impl.cpp:115 SetTrackingOrigin: streaming not started, this= 0x20e50402cb0
[2025-04-20 11:00:42.484] [PSS] [info] [11704|7964]streaming_driver_interface_impl.cpp:24 ConnectToService: connect to service, client_id= iYFy4mQt5GGqxA3r, this= 0x20e50402cb0
[2025-04-20 11:00:42.484] [PSS] [info] [11704|7964]streaming_client_impl.cpp:25 ConnectToService: client_id= iYFy4mQt5GGqxA3r, name= 3D Engine, desp= StreamingSceneRender, this= 0x20d1ccda5f0
[2025-04-20 11:00:42.484] [PSS] [debug] [11704|32516]streaming_client_impl.cpp:137 InvokeConnectToService: connect to service through the network, port= 54000, this= 0x20d1ccda5f0
[2025-04-20 11:00:42.485] [PSS] [debug] [11704|32516]transport_client_tcp3.cpp:34 Start: buffer size(send\recv): 2097152\2097152, this= 0x20d3f822cd0
[2025-04-20 11:00:42.485] [PSS] [info] [11704|32516]transport_client_tcp3.cpp:59 Start: server= 127.0.0.1:54000, local=0.0.0.0:0, this= 0x20d3f822cd0
[2025-04-20 11:00:44.536] [PSS] [info] [11704|776]streaming_client_impl.cpp:62 NotifyConnectResult: network connect to service result= 10061, this= 0x20d1ccda5f0
[2025-04-20 11:00:44.536] [PSS] [error] [11704|776]streaming_client_impl.cpp:64 NotifyConnectResult: connect to service network error= 10061, this= 0x20d1ccda5f0
[2025-04-20 11:00:44.536] [PSS] [error] [11704|776]transport_client_tcp3.cpp:129 HandleConnect: connected error= 由于目标计算机积极拒绝，无法连接。, this= 0x20d3f822cd0
[2025-04-20 11:00:44.536] [PSS] [error] [11704|32516]streaming_driver_interface_impl.cpp:332 NotifyClientConnectResult: connect to service failed, Network Error, this= 0x20e50402cb0
[2025-04-20 11:10:05.076] [PSS] [debug] [11704|7964]streaming_driver_interface_impl.cpp:19 StreamingDriverInterfaceImpl: callback= 0x20e5026ca80, this= 0x20e4bcd5160
[2025-04-20 11:10:05.076] [PSS] [error] [11704|7964]streaming_driver_interface_impl.cpp:115 SetTrackingOrigin: streaming not started, this= 0x20e4bcd5160
[2025-04-20 11:10:05.076] [PSS] [info] [11704|7964]streaming_driver_interface_impl.cpp:24 ConnectToService: connect to service, client_id= hMiKNqRTkPekW7At, this= 0x20e4bcd5160
[2025-04-20 11:10:05.076] [PSS] [info] [11704|7964]streaming_client_impl.cpp:25 ConnectToService: client_id= hMiKNqRTkPekW7At, name= 3D Engine, desp= StreamingSceneRender, this= 0x20e2dd234b0
[2025-04-20 11:10:05.076] [PSS] [debug] [11704|28512]streaming_client_impl.cpp:137 InvokeConnectToService: connect to service through the network, port= 54000, this= 0x20e2dd234b0
[2025-04-20 11:10:05.077] [PSS] [debug] [11704|28512]transport_client_tcp3.cpp:34 Start: buffer size(send\recv): 2097152\2097152, this= 0x20d3f821a70
[2025-04-20 11:10:05.077] [PSS] [info] [11704|28512]transport_client_tcp3.cpp:59 Start: server= 127.0.0.1:54000, local=0.0.0.0:0, this= 0x20d3f821a70
[2025-04-20 11:10:07.121] [PSS] [info] [11704|2568]streaming_client_impl.cpp:62 NotifyConnectResult: network connect to service result= 10061, this= 0x20e2dd234b0
[2025-04-20 11:10:07.121] [PSS] [error] [11704|2568]streaming_client_impl.cpp:64 NotifyConnectResult: connect to service network error= 10061, this= 0x20e2dd234b0
[2025-04-20 11:10:07.121] [PSS] [error] [11704|28512]streaming_driver_interface_impl.cpp:332 NotifyClientConnectResult: connect to service failed, Network Error, this= 0x20e4bcd5160
[2025-04-20 11:10:07.121] [PSS] [error] [11704|2568]transport_client_tcp3.cpp:129 HandleConnect: connected error= 由于目标计算机积极拒绝，无法连接。, this= 0x20d3f821a70
[2025-04-20 11:10:23.465] [PSS] [debug] [11704|7964]streaming_driver_interface_impl.cpp:19 StreamingDriverInterfaceImpl: callback= 0x20d6ae073e0, this= 0x20e382651a0
[2025-04-20 11:10:23.466] [PSS] [error] [11704|7964]streaming_driver_interface_impl.cpp:115 SetTrackingOrigin: streaming not started, this= 0x20e382651a0
[2025-04-20 11:10:23.466] [PSS] [info] [11704|7964]streaming_driver_interface_impl.cpp:24 ConnectToService: connect to service, client_id= 6OUrNGnmmkjdzbLv, this= 0x20e382651a0
[2025-04-20 11:10:23.466] [PSS] [info] [11704|7964]streaming_client_impl.cpp:25 ConnectToService: client_id= 6OUrNGnmmkjdzbLv, name= 3D Engine, desp= StreamingSceneRender, this= 0x20d1cfefb20
[2025-04-20 11:10:23.466] [PSS] [debug] [11704|30972]streaming_client_impl.cpp:137 InvokeConnectToService: connect to service through the network, port= 54000, this= 0x20d1cfefb20
[2025-04-20 11:10:23.466] [PSS] [debug] [11704|30972]transport_client_tcp3.cpp:34 Start: buffer size(send\recv): 2097152\2097152, this= 0x20d3f8202d0
[2025-04-20 11:10:23.466] [PSS] [info] [11704|30972]transport_client_tcp3.cpp:59 Start: server= 127.0.0.1:54000, local=0.0.0.0:0, this= 0x20d3f8202d0
[2025-04-20 11:10:25.512] [PSS] [info] [11704|5820]streaming_client_impl.cpp:62 NotifyConnectResult: network connect to service result= 10061, this= 0x20d1cfefb20
[2025-04-20 11:10:25.512] [PSS] [error] [11704|5820]streaming_client_impl.cpp:64 NotifyConnectResult: connect to service network error= 10061, this= 0x20d1cfefb20
[2025-04-20 11:10:25.512] [PSS] [error] [11704|5820]transport_client_tcp3.cpp:129 HandleConnect: connected error= 由于目标计算机积极拒绝，无法连接。, this= 0x20d3f8202d0
[2025-04-20 11:10:25.512] [PSS] [error] [11704|30972]streaming_driver_interface_impl.cpp:332 NotifyClientConnectResult: connect to service failed, Network Error, this= 0x20e382651a0
[2025-04-20 11:40:15.064] [PSS] [debug] [11704|7964]streaming_driver_interface_impl.cpp:19 StreamingDriverInterfaceImpl: callback= 0x20e5aae6ea0, this= 0x20e4b524fc0
[2025-04-20 11:40:15.065] [PSS] [error] [11704|7964]streaming_driver_interface_impl.cpp:115 SetTrackingOrigin: streaming not started, this= 0x20e4b524fc0
[2025-04-20 11:40:15.065] [PSS] [info] [11704|7964]streaming_driver_interface_impl.cpp:24 ConnectToService: connect to service, client_id= N7NuXBFRhzBtOJrM, this= 0x20e4b524fc0
[2025-04-20 11:40:15.065] [PSS] [info] [11704|7964]streaming_client_impl.cpp:25 ConnectToService: client_id= N7NuXBFRhzBtOJrM, name= 3D Engine, desp= StreamingSceneRender, this= 0x20d3f344bb0
[2025-04-20 11:40:15.065] [PSS] [debug] [11704|15980]streaming_client_impl.cpp:137 InvokeConnectToService: connect to service through the network, port= 54000, this= 0x20d3f344bb0
[2025-04-20 11:40:15.065] [PSS] [debug] [11704|15980]transport_client_tcp3.cpp:34 Start: buffer size(send\recv): 2097152\2097152, this= 0x20d3f820030
[2025-04-20 11:40:15.065] [PSS] [info] [11704|15980]transport_client_tcp3.cpp:59 Start: server= 127.0.0.1:54000, local=0.0.0.0:0, this= 0x20d3f820030
[2025-04-20 11:40:17.118] [PSS] [info] [11704|7776]streaming_client_impl.cpp:62 NotifyConnectResult: network connect to service result= 10061, this= 0x20d3f344bb0
[2025-04-20 11:40:17.118] [PSS] [error] [11704|7776]streaming_client_impl.cpp:64 NotifyConnectResult: connect to service network error= 10061, this= 0x20d3f344bb0
[2025-04-20 11:40:17.118] [PSS] [error] [11704|15980]streaming_driver_interface_impl.cpp:332 NotifyClientConnectResult: connect to service failed, Network Error, this= 0x20e4b524fc0
[2025-04-20 11:40:17.118] [PSS] [error] [11704|7776]transport_client_tcp3.cpp:129 HandleConnect: connected error= 由于目标计算机积极拒绝，无法连接。, this= 0x20d3f820030
[2025-04-20 14:51:07.732] [PSS] [info] ***********  Log Begin **********
[2025-04-20 14:51:07.732] [PSS] [info] process id= 29392
[2025-04-20 14:51:07.732] [PSS] [debug] [29392|19600]streaming_driver_interface_impl.cpp:19 StreamingDriverInterfaceImpl: callback= 0x1cf0908bb10, this= 0x1cf038bb050
[2025-04-20 14:51:07.733] [PSS] [error] [29392|19600]streaming_driver_interface_impl.cpp:115 SetTrackingOrigin: streaming not started, this= 0x1cf038bb050
[2025-04-20 14:51:07.733] [PSS] [info] [29392|19600]streaming_driver_interface_impl.cpp:24 ConnectToService: connect to service, client_id= Nep7OqDgd7LXRAOq, this= 0x1cf038bb050
[2025-04-20 14:51:07.733] [PSS] [info] [29392|19600]streaming_client_impl.cpp:25 ConnectToService: client_id= Nep7OqDgd7LXRAOq, name= 3D Engine, desp= StreamingSceneRender, this= 0x1cf05d7c4e0
[2025-04-20 14:51:07.733] [PSS] [debug] [29392|3604]streaming_client_impl.cpp:137 InvokeConnectToService: connect to service through the network, port= 54000, this= 0x1cf05d7c4e0
[2025-04-20 14:51:07.733] [PSS] [debug] [29392|3604]transport_client_tcp3.cpp:34 Start: buffer size(send\recv): 2097152\2097152, this= 0x1d134e5c810
[2025-04-20 14:51:07.733] [PSS] [info] [29392|3604]transport_client_tcp3.cpp:59 Start: server= 127.0.0.1:54000, local=0.0.0.0:0, this= 0x1d134e5c810
[2025-04-20 14:51:09.771] [PSS] [info] [29392|28904]streaming_client_impl.cpp:62 NotifyConnectResult: network connect to service result= 10061, this= 0x1cf05d7c4e0
[2025-04-20 14:51:09.771] [PSS] [error] [29392|28904]streaming_client_impl.cpp:64 NotifyConnectResult: connect to service network error= 10061, this= 0x1cf05d7c4e0
[2025-04-20 14:51:09.771] [PSS] [error] [29392|3604]streaming_driver_interface_impl.cpp:332 NotifyClientConnectResult: connect to service failed, Network Error, this= 0x1cf038bb050
[2025-04-20 14:51:09.771] [PSS] [error] [29392|28904]transport_client_tcp3.cpp:129 HandleConnect: connected error= 由于目标计算机积极拒绝，无法连接。, this= 0x1d134e5c810
[2025-04-20 14:52:44.625] [PSS] [debug] [29392|19600]streaming_driver_interface_impl.cpp:19 StreamingDriverInterfaceImpl: callback= 0x1d17a1d2430, this= 0x1d158b2a820
[2025-04-20 14:52:44.626] [PSS] [error] [29392|19600]streaming_driver_interface_impl.cpp:115 SetTrackingOrigin: streaming not started, this= 0x1d158b2a820
[2025-04-20 14:52:44.626] [PSS] [info] [29392|19600]streaming_driver_interface_impl.cpp:24 ConnectToService: connect to service, client_id= bx2djMlPcWKvlE9C, this= 0x1d158b2a820
[2025-04-20 14:52:44.626] [PSS] [info] [29392|19600]streaming_client_impl.cpp:25 ConnectToService: client_id= bx2djMlPcWKvlE9C, name= 3D Engine, desp= StreamingSceneRender, this= 0x1cf0c2fd3b0
[2025-04-20 14:52:44.626] [PSS] [debug] [29392|18988]streaming_client_impl.cpp:137 InvokeConnectToService: connect to service through the network, port= 54000, this= 0x1cf0c2fd3b0
[2025-04-20 14:52:44.626] [PSS] [debug] [29392|18988]transport_client_tcp3.cpp:34 Start: buffer size(send\recv): 2097152\2097152, this= 0x1d134e5c2d0
[2025-04-20 14:52:44.626] [PSS] [info] [29392|18988]transport_client_tcp3.cpp:59 Start: server= 127.0.0.1:54000, local=0.0.0.0:0, this= 0x1d134e5c2d0
[2025-04-20 14:52:46.672] [PSS] [info] [29392|25076]streaming_client_impl.cpp:62 NotifyConnectResult: network connect to service result= 10061, this= 0x1cf0c2fd3b0
[2025-04-20 14:52:46.672] [PSS] [error] [29392|25076]streaming_client_impl.cpp:64 NotifyConnectResult: connect to service network error= 10061, this= 0x1cf0c2fd3b0
[2025-04-20 14:52:46.672] [PSS] [error] [29392|18988]streaming_driver_interface_impl.cpp:332 NotifyClientConnectResult: connect to service failed, Network Error, this= 0x1d158b2a820
[2025-04-20 14:52:46.672] [PSS] [error] [29392|25076]transport_client_tcp3.cpp:129 HandleConnect: connected error= 由于目标计算机积极拒绝，无法连接。, this= 0x1d134e5c2d0
[2025-04-20 15:00:20.597] [PSS] [debug] [29392|19600]streaming_driver_interface_impl.cpp:19 StreamingDriverInterfaceImpl: callback= 0x1cf08e98cf0, this= 0x1cf038a0b50
[2025-04-20 15:00:20.598] [PSS] [error] [29392|19600]streaming_driver_interface_impl.cpp:115 SetTrackingOrigin: streaming not started, this= 0x1cf038a0b50
[2025-04-20 15:00:20.598] [PSS] [info] [29392|19600]streaming_driver_interface_impl.cpp:24 ConnectToService: connect to service, client_id= ShYbtL2lQpxOtGsB, this= 0x1cf038a0b50
[2025-04-20 15:00:20.598] [PSS] [info] [29392|19600]streaming_client_impl.cpp:25 ConnectToService: client_id= ShYbtL2lQpxOtGsB, name= 3D Engine, desp= StreamingSceneRender, this= 0x1cf0311e190
[2025-04-20 15:00:20.598] [PSS] [debug] [29392|38520]streaming_client_impl.cpp:137 InvokeConnectToService: connect to service through the network, port= 54000, this= 0x1cf0311e190
[2025-04-20 15:00:20.598] [PSS] [debug] [29392|38520]transport_client_tcp3.cpp:34 Start: buffer size(send\recv): 2097152\2097152, this= 0x1d134e5b310
[2025-04-20 15:00:20.598] [PSS] [info] [29392|38520]transport_client_tcp3.cpp:59 Start: server= 127.0.0.1:54000, local=0.0.0.0:0, this= 0x1d134e5b310
[2025-04-20 15:00:22.620] [PSS] [info] [29392|28092]streaming_client_impl.cpp:62 NotifyConnectResult: network connect to service result= 10061, this= 0x1cf0311e190
[2025-04-20 15:00:22.620] [PSS] [error] [29392|28092]streaming_client_impl.cpp:64 NotifyConnectResult: connect to service network error= 10061, this= 0x1cf0311e190
[2025-04-20 15:00:22.620] [PSS] [error] [29392|38520]streaming_driver_interface_impl.cpp:332 NotifyClientConnectResult: connect to service failed, Network Error, this= 0x1cf038a0b50
[2025-04-20 15:00:22.620] [PSS] [error] [29392|28092]transport_client_tcp3.cpp:129 HandleConnect: connected error= 由于目标计算机积极拒绝，无法连接。, this= 0x1d134e5b310
[2025-04-20 15:03:01.417] [PSS] [debug] [29392|19600]streaming_driver_interface_impl.cpp:19 StreamingDriverInterfaceImpl: callback= 0x1d179f63ea0, this= 0x1d22eca6030
[2025-04-20 15:03:01.417] [PSS] [error] [29392|19600]streaming_driver_interface_impl.cpp:115 SetTrackingOrigin: streaming not started, this= 0x1d22eca6030
[2025-04-20 15:03:01.417] [PSS] [info] [29392|19600]streaming_driver_interface_impl.cpp:24 ConnectToService: connect to service, client_id= JilO7clD7PfrZPZ2, this= 0x1d22eca6030
[2025-04-20 15:03:01.417] [PSS] [info] [29392|19600]streaming_client_impl.cpp:25 ConnectToService: client_id= JilO7clD7PfrZPZ2, name= 3D Engine, desp= StreamingSceneRender, this= 0x1d22f1daef0
[2025-04-20 15:03:01.417] [PSS] [debug] [29392|6060]streaming_client_impl.cpp:137 InvokeConnectToService: connect to service through the network, port= 54000, this= 0x1d22f1daef0
[2025-04-20 15:03:01.418] [PSS] [debug] [29392|6060]transport_client_tcp3.cpp:34 Start: buffer size(send\recv): 2097152\2097152, this= 0x1d134e5bd90
[2025-04-20 15:03:01.418] [PSS] [info] [29392|6060]transport_client_tcp3.cpp:59 Start: server= 127.0.0.1:54000, local=0.0.0.0:0, this= 0x1d134e5bd90
[2025-04-20 15:03:03.454] [PSS] [info] [29392|4376]streaming_client_impl.cpp:62 NotifyConnectResult: network connect to service result= 10061, this= 0x1d22f1daef0
[2025-04-20 15:03:03.454] [PSS] [error] [29392|4376]streaming_client_impl.cpp:64 NotifyConnectResult: connect to service network error= 10061, this= 0x1d22f1daef0
[2025-04-20 15:03:03.454] [PSS] [error] [29392|6060]streaming_driver_interface_impl.cpp:332 NotifyClientConnectResult: connect to service failed, Network Error, this= 0x1d22eca6030
[2025-04-20 15:03:03.454] [PSS] [error] [29392|4376]transport_client_tcp3.cpp:129 HandleConnect: connected error= 由于目标计算机积极拒绝，无法连接。, this= 0x1d134e5bd90
[2025-04-20 15:05:36.795] [PSS] [debug] [29392|19600]streaming_driver_interface_impl.cpp:19 StreamingDriverInterfaceImpl: callback= 0x1d17a2f4180, this= 0x1d2201be240
[2025-04-20 15:05:36.795] [PSS] [error] [29392|19600]streaming_driver_interface_impl.cpp:115 SetTrackingOrigin: streaming not started, this= 0x1d2201be240
[2025-04-20 15:05:36.795] [PSS] [info] [29392|19600]streaming_driver_interface_impl.cpp:24 ConnectToService: connect to service, client_id= 8qZNgkz1pEleRKh9, this= 0x1d2201be240
[2025-04-20 15:05:36.795] [PSS] [info] [29392|19600]streaming_client_impl.cpp:25 ConnectToService: client_id= 8qZNgkz1pEleRKh9, name= 3D Engine, desp= StreamingSceneRender, this= 0x1d22f1dbdd0
[2025-04-20 15:05:36.795] [PSS] [debug] [29392|6040]streaming_client_impl.cpp:137 InvokeConnectToService: connect to service through the network, port= 54000, this= 0x1d22f1dbdd0
[2025-04-20 15:05:36.795] [PSS] [debug] [29392|6040]transport_client_tcp3.cpp:34 Start: buffer size(send\recv): 2097152\2097152, this= 0x1d134e5c2d0
[2025-04-20 15:05:36.796] [PSS] [info] [29392|6040]transport_client_tcp3.cpp:59 Start: server= 127.0.0.1:54000, local=0.0.0.0:0, this= 0x1d134e5c2d0
[2025-04-20 15:05:38.846] [PSS] [info] [29392|12112]streaming_client_impl.cpp:62 NotifyConnectResult: network connect to service result= 10061, this= 0x1d22f1dbdd0
[2025-04-20 15:05:38.846] [PSS] [error] [29392|12112]streaming_client_impl.cpp:64 NotifyConnectResult: connect to service network error= 10061, this= 0x1d22f1dbdd0
[2025-04-20 15:05:38.846] [PSS] [error] [29392|12112]transport_client_tcp3.cpp:129 HandleConnect: connected error= 由于目标计算机积极拒绝，无法连接。, this= 0x1d134e5c2d0
[2025-04-20 15:05:38.846] [PSS] [error] [29392|6040]streaming_driver_interface_impl.cpp:332 NotifyClientConnectResult: connect to service failed, Network Error, this= 0x1d2201be240
[2025-04-20 15:09:20.726] [PSS] [debug] [29392|19600]streaming_driver_interface_impl.cpp:19 StreamingDriverInterfaceImpl: callback= 0x1cf05d08f50, this= 0x1d179e4b080
[2025-04-20 15:09:20.727] [PSS] [error] [29392|19600]streaming_driver_interface_impl.cpp:115 SetTrackingOrigin: streaming not started, this= 0x1d179e4b080
[2025-04-20 15:09:20.727] [PSS] [info] [29392|19600]streaming_driver_interface_impl.cpp:24 ConnectToService: connect to service, client_id= OaK5sV858PuKuhtE, this= 0x1d179e4b080
[2025-04-20 15:09:20.727] [PSS] [info] [29392|19600]streaming_client_impl.cpp:25 ConnectToService: client_id= OaK5sV858PuKuhtE, name= 3D Engine, desp= StreamingSceneRender, this= 0x1d23215d8f0
[2025-04-20 15:09:20.727] [PSS] [debug] [29392|25228]streaming_client_impl.cpp:137 InvokeConnectToService: connect to service through the network, port= 54000, this= 0x1d23215d8f0
[2025-04-20 15:09:20.727] [PSS] [debug] [29392|25228]transport_client_tcp3.cpp:34 Start: buffer size(send\recv): 2097152\2097152, this= 0x1d134e5bd90
[2025-04-20 15:09:20.727] [PSS] [info] [29392|25228]transport_client_tcp3.cpp:59 Start: server= 127.0.0.1:54000, local=0.0.0.0:0, this= 0x1d134e5bd90
[2025-04-20 15:09:22.783] [PSS] [info] [29392|29960]streaming_client_impl.cpp:62 NotifyConnectResult: network connect to service result= 10061, this= 0x1d23215d8f0
[2025-04-20 15:09:22.783] [PSS] [error] [29392|29960]streaming_client_impl.cpp:64 NotifyConnectResult: connect to service network error= 10061, this= 0x1d23215d8f0
[2025-04-20 15:09:22.783] [PSS] [error] [29392|25228]streaming_driver_interface_impl.cpp:332 NotifyClientConnectResult: connect to service failed, Network Error, this= 0x1d179e4b080
[2025-04-20 15:09:22.783] [PSS] [error] [29392|29960]transport_client_tcp3.cpp:129 HandleConnect: connected error= 由于目标计算机积极拒绝，无法连接。, this= 0x1d134e5bd90
[2025-04-20 15:16:12.993] [PSS] [debug] [29392|19600]streaming_driver_interface_impl.cpp:19 StreamingDriverInterfaceImpl: callback= 0x1d232836d60, this= 0x1d23a437030
[2025-04-20 15:16:12.994] [PSS] [error] [29392|19600]streaming_driver_interface_impl.cpp:115 SetTrackingOrigin: streaming not started, this= 0x1d23a437030
[2025-04-20 15:16:12.994] [PSS] [info] [29392|19600]streaming_driver_interface_impl.cpp:24 ConnectToService: connect to service, client_id= eTBS8uJMN1prmciI, this= 0x1d23a437030
[2025-04-20 15:16:12.994] [PSS] [info] [29392|19600]streaming_client_impl.cpp:25 ConnectToService: client_id= eTBS8uJMN1prmciI, name= 3D Engine, desp= StreamingSceneRender, this= 0x1d24b09e220
[2025-04-20 15:16:12.994] [PSS] [debug] [29392|20160]streaming_client_impl.cpp:137 InvokeConnectToService: connect to service through the network, port= 54000, this= 0x1d24b09e220
[2025-04-20 15:16:12.994] [PSS] [debug] [29392|20160]transport_client_tcp3.cpp:34 Start: buffer size(send\recv): 2097152\2097152, this= 0x1d134e5c2d0
[2025-04-20 15:16:12.994] [PSS] [info] [29392|20160]transport_client_tcp3.cpp:59 Start: server= 127.0.0.1:54000, local=0.0.0.0:0, this= 0x1d134e5c2d0
[2025-04-20 15:16:15.041] [PSS] [info] [29392|22368]streaming_client_impl.cpp:62 NotifyConnectResult: network connect to service result= 10061, this= 0x1d24b09e220
[2025-04-20 15:16:15.041] [PSS] [error] [29392|22368]streaming_client_impl.cpp:64 NotifyConnectResult: connect to service network error= 10061, this= 0x1d24b09e220
[2025-04-20 15:16:15.041] [PSS] [error] [29392|20160]streaming_driver_interface_impl.cpp:332 NotifyClientConnectResult: connect to service failed, Network Error, this= 0x1d23a437030
[2025-04-20 15:16:15.041] [PSS] [error] [29392|22368]transport_client_tcp3.cpp:129 HandleConnect: connected error= 由于目标计算机积极拒绝，无法连接。, this= 0x1d134e5c2d0
[2025-04-20 15:21:42.451] [PSS] [debug] [29392|19600]streaming_driver_interface_impl.cpp:19 StreamingDriverInterfaceImpl: callback= 0x1d22ef62cb0, this= 0x1d24aecab40
[2025-04-20 15:21:42.451] [PSS] [error] [29392|19600]streaming_driver_interface_impl.cpp:115 SetTrackingOrigin: streaming not started, this= 0x1d24aecab40
[2025-04-20 15:21:42.451] [PSS] [info] [29392|19600]streaming_driver_interface_impl.cpp:24 ConnectToService: connect to service, client_id= M98CRngTV61RaMyl, this= 0x1d24aecab40
[2025-04-20 15:21:42.451] [PSS] [info] [29392|19600]streaming_client_impl.cpp:25 ConnectToService: client_id= M98CRngTV61RaMyl, name= 3D Engine, desp= StreamingSceneRender, this= 0x1d235c702d0
[2025-04-20 15:21:42.451] [PSS] [debug] [29392|9992]streaming_client_impl.cpp:137 InvokeConnectToService: connect to service through the network, port= 54000, this= 0x1d235c702d0
[2025-04-20 15:21:42.452] [PSS] [debug] [29392|9992]transport_client_tcp3.cpp:34 Start: buffer size(send\recv): 2097152\2097152, this= 0x1d134e5c810
[2025-04-20 15:21:42.452] [PSS] [info] [29392|9992]transport_client_tcp3.cpp:59 Start: server= 127.0.0.1:54000, local=0.0.0.0:0, this= 0x1d134e5c810
[2025-04-20 15:21:44.501] [PSS] [info] [29392|32180]streaming_client_impl.cpp:62 NotifyConnectResult: network connect to service result= 10061, this= 0x1d235c702d0
[2025-04-20 15:21:44.501] [PSS] [error] [29392|32180]streaming_client_impl.cpp:64 NotifyConnectResult: connect to service network error= 10061, this= 0x1d235c702d0
[2025-04-20 15:21:44.501] [PSS] [error] [29392|32180]transport_client_tcp3.cpp:129 HandleConnect: connected error= 由于目标计算机积极拒绝，无法连接。, this= 0x1d134e5c810
[2025-04-20 15:21:44.501] [PSS] [error] [29392|9992]streaming_driver_interface_impl.cpp:332 NotifyClientConnectResult: connect to service failed, Network Error, this= 0x1d24aecab40
[2025-04-20 15:26:56.562] [PSS] [debug] [29392|19600]streaming_driver_interface_impl.cpp:19 StreamingDriverInterfaceImpl: callback= 0x1d2338c6170, this= 0x1cf038bb050
[2025-04-20 15:26:56.563] [PSS] [error] [29392|19600]streaming_driver_interface_impl.cpp:115 SetTrackingOrigin: streaming not started, this= 0x1cf038bb050
[2025-04-20 15:26:56.563] [PSS] [info] [29392|19600]streaming_driver_interface_impl.cpp:24 ConnectToService: connect to service, client_id= hux9AsXqsljbOcuB, this= 0x1cf038bb050
[2025-04-20 15:26:56.563] [PSS] [info] [29392|19600]streaming_client_impl.cpp:25 ConnectToService: client_id= hux9AsXqsljbOcuB, name= 3D Engine, desp= StreamingSceneRender, this= 0x1d232b40be0
[2025-04-20 15:26:56.563] [PSS] [debug] [29392|31784]streaming_client_impl.cpp:137 InvokeConnectToService: connect to service through the network, port= 54000, this= 0x1d232b40be0
[2025-04-20 15:26:56.563] [PSS] [debug] [29392|31784]transport_client_tcp3.cpp:34 Start: buffer size(send\recv): 2097152\2097152, this= 0x1d134e5c2d0
[2025-04-20 15:26:56.563] [PSS] [info] [29392|31784]transport_client_tcp3.cpp:59 Start: server= 127.0.0.1:54000, local=0.0.0.0:0, this= 0x1d134e5c2d0
[2025-04-20 15:26:58.619] [PSS] [info] [29392|24060]streaming_client_impl.cpp:62 NotifyConnectResult: network connect to service result= 10061, this= 0x1d232b40be0
[2025-04-20 15:26:58.619] [PSS] [error] [29392|24060]streaming_client_impl.cpp:64 NotifyConnectResult: connect to service network error= 10061, this= 0x1d232b40be0
[2025-04-20 15:26:58.619] [PSS] [error] [29392|24060]transport_client_tcp3.cpp:129 HandleConnect: connected error= 由于目标计算机积极拒绝，无法连接。, this= 0x1d134e5c2d0
[2025-04-20 15:26:58.619] [PSS] [error] [29392|31784]streaming_driver_interface_impl.cpp:332 NotifyClientConnectResult: connect to service failed, Network Error, this= 0x1cf038bb050
[2025-04-20 15:29:07.983] [PSS] [debug] [29392|19600]streaming_driver_interface_impl.cpp:19 StreamingDriverInterfaceImpl: callback= 0x1d229cbaa80, this= 0x1cf0d4a1b70
[2025-04-20 15:29:07.984] [PSS] [error] [29392|19600]streaming_driver_interface_impl.cpp:115 SetTrackingOrigin: streaming not started, this= 0x1cf0d4a1b70
[2025-04-20 15:29:07.984] [PSS] [info] [29392|19600]streaming_driver_interface_impl.cpp:24 ConnectToService: connect to service, client_id= QsYi12OuPTZW85PR, this= 0x1cf0d4a1b70
[2025-04-20 15:29:07.984] [PSS] [info] [29392|19600]streaming_client_impl.cpp:25 ConnectToService: client_id= QsYi12OuPTZW85PR, name= 3D Engine, desp= StreamingSceneRender, this= 0x1d232834770
[2025-04-20 15:29:07.984] [PSS] [debug] [29392|23112]streaming_client_impl.cpp:137 InvokeConnectToService: connect to service through the network, port= 54000, this= 0x1d232834770
[2025-04-20 15:29:07.984] [PSS] [debug] [29392|23112]transport_client_tcp3.cpp:34 Start: buffer size(send\recv): 2097152\2097152, this= 0x1d134e5cab0
[2025-04-20 15:29:07.984] [PSS] [info] [29392|23112]transport_client_tcp3.cpp:59 Start: server= 127.0.0.1:54000, local=0.0.0.0:0, this= 0x1d134e5cab0
[2025-04-20 15:29:10.017] [PSS] [info] [29392|39080]streaming_client_impl.cpp:62 NotifyConnectResult: network connect to service result= 10061, this= 0x1d232834770
[2025-04-20 15:29:10.017] [PSS] [error] [29392|39080]streaming_client_impl.cpp:64 NotifyConnectResult: connect to service network error= 10061, this= 0x1d232834770
[2025-04-20 15:29:10.017] [PSS] [error] [29392|39080]transport_client_tcp3.cpp:129 HandleConnect: connected error= 由于目标计算机积极拒绝，无法连接。, this= 0x1d134e5cab0
[2025-04-20 15:29:10.017] [PSS] [error] [29392|23112]streaming_driver_interface_impl.cpp:332 NotifyClientConnectResult: connect to service failed, Network Error, this= 0x1cf0d4a1b70
[2025-04-20 15:30:49.089] [PSS] [debug] [29392|19600]streaming_driver_interface_impl.cpp:19 StreamingDriverInterfaceImpl: callback= 0x1cf03395c50, this= 0x1cf038bb050
[2025-04-20 15:30:49.090] [PSS] [error] [29392|19600]streaming_driver_interface_impl.cpp:115 SetTrackingOrigin: streaming not started, this= 0x1cf038bb050
[2025-04-20 15:30:49.090] [PSS] [info] [29392|19600]streaming_driver_interface_impl.cpp:24 ConnectToService: connect to service, client_id= WfksUumDqvgj4Wb9, this= 0x1cf038bb050
[2025-04-20 15:30:49.090] [PSS] [info] [29392|19600]streaming_client_impl.cpp:25 ConnectToService: client_id= WfksUumDqvgj4Wb9, name= 3D Engine, desp= StreamingSceneRender, this= 0x1d17a69c5f0
[2025-04-20 15:30:49.090] [PSS] [debug] [29392|16856]streaming_client_impl.cpp:137 InvokeConnectToService: connect to service through the network, port= 54000, this= 0x1d17a69c5f0
[2025-04-20 15:30:49.090] [PSS] [debug] [29392|16856]transport_client_tcp3.cpp:34 Start: buffer size(send\recv): 2097152\2097152, this= 0x1d134e5bd90
[2025-04-20 15:30:49.090] [PSS] [info] [29392|16856]transport_client_tcp3.cpp:59 Start: server= 127.0.0.1:54000, local=0.0.0.0:0, this= 0x1d134e5bd90
[2025-04-20 15:30:51.112] [PSS] [info] [29392|29028]streaming_client_impl.cpp:62 NotifyConnectResult: network connect to service result= 10061, this= 0x1d17a69c5f0
[2025-04-20 15:30:51.112] [PSS] [error] [29392|29028]streaming_client_impl.cpp:64 NotifyConnectResult: connect to service network error= 10061, this= 0x1d17a69c5f0
[2025-04-20 15:30:51.112] [PSS] [error] [29392|16856]streaming_driver_interface_impl.cpp:332 NotifyClientConnectResult: connect to service failed, Network Error, this= 0x1cf038bb050
[2025-04-20 15:30:51.112] [PSS] [error] [29392|29028]transport_client_tcp3.cpp:129 HandleConnect: connected error= 由于目标计算机积极拒绝，无法连接。, this= 0x1d134e5bd90
[2025-04-20 15:31:25.940] [PSS] [debug] [29392|19600]streaming_driver_interface_impl.cpp:19 StreamingDriverInterfaceImpl: callback= 0x1d135504e10, this= 0x1cf0d4a1b70
[2025-04-20 15:31:25.941] [PSS] [error] [29392|19600]streaming_driver_interface_impl.cpp:115 SetTrackingOrigin: streaming not started, this= 0x1cf0d4a1b70
[2025-04-20 15:31:25.941] [PSS] [info] [29392|19600]streaming_driver_interface_impl.cpp:24 ConnectToService: connect to service, client_id= m6PwUxzHp9TTe67n, this= 0x1cf0d4a1b70
[2025-04-20 15:31:25.941] [PSS] [info] [29392|19600]streaming_client_impl.cpp:25 ConnectToService: client_id= m6PwUxzHp9TTe67n, name= 3D Engine, desp= StreamingSceneRender, this= 0x1d134d6efa0
[2025-04-20 15:31:25.941] [PSS] [debug] [29392|33156]streaming_client_impl.cpp:137 InvokeConnectToService: connect to service through the network, port= 54000, this= 0x1d134d6efa0
[2025-04-20 15:31:25.941] [PSS] [debug] [29392|33156]transport_client_tcp3.cpp:34 Start: buffer size(send\recv): 2097152\2097152, this= 0x1d134e5b310
[2025-04-20 15:31:25.941] [PSS] [info] [29392|33156]transport_client_tcp3.cpp:59 Start: server= 127.0.0.1:54000, local=0.0.0.0:0, this= 0x1d134e5b310
[2025-04-20 15:31:27.973] [PSS] [info] [29392|900]streaming_client_impl.cpp:62 NotifyConnectResult: network connect to service result= 10061, this= 0x1d134d6efa0
[2025-04-20 15:31:27.973] [PSS] [error] [29392|900]streaming_client_impl.cpp:64 NotifyConnectResult: connect to service network error= 10061, this= 0x1d134d6efa0
[2025-04-20 15:31:27.973] [PSS] [error] [29392|900]transport_client_tcp3.cpp:129 HandleConnect: connected error= 由于目标计算机积极拒绝，无法连接。, this= 0x1d134e5b310
[2025-04-20 15:31:27.973] [PSS] [error] [29392|33156]streaming_driver_interface_impl.cpp:332 NotifyClientConnectResult: connect to service failed, Network Error, this= 0x1cf0d4a1b70
[2025-04-20 15:34:20.644] [PSS] [debug] [29392|19600]streaming_driver_interface_impl.cpp:19 StreamingDriverInterfaceImpl: callback= 0x1cf0224d5b0, this= 0x1cf038bb050
[2025-04-20 15:34:20.644] [PSS] [error] [29392|19600]streaming_driver_interface_impl.cpp:115 SetTrackingOrigin: streaming not started, this= 0x1cf038bb050
[2025-04-20 15:34:20.645] [PSS] [info] [29392|19600]streaming_driver_interface_impl.cpp:24 ConnectToService: connect to service, client_id= 4LCFeOiC8mWAkk1l, this= 0x1cf038bb050
[2025-04-20 15:34:20.645] [PSS] [info] [29392|19600]streaming_client_impl.cpp:25 ConnectToService: client_id= 4LCFeOiC8mWAkk1l, name= 3D Engine, desp= StreamingSceneRender, this= 0x1d17a6a1f30
[2025-04-20 15:34:20.645] [PSS] [debug] [29392|20052]streaming_client_impl.cpp:137 InvokeConnectToService: connect to service through the network, port= 54000, this= 0x1d17a6a1f30
[2025-04-20 15:34:20.645] [PSS] [debug] [29392|20052]transport_client_tcp3.cpp:34 Start: buffer size(send\recv): 2097152\2097152, this= 0x1d134e5bd90
[2025-04-20 15:34:20.645] [PSS] [info] [29392|20052]transport_client_tcp3.cpp:59 Start: server= 127.0.0.1:54000, local=0.0.0.0:0, this= 0x1d134e5bd90
[2025-04-20 15:34:22.677] [PSS] [info] [29392|5204]streaming_client_impl.cpp:62 NotifyConnectResult: network connect to service result= 10061, this= 0x1d17a6a1f30
[2025-04-20 15:34:22.677] [PSS] [error] [29392|5204]streaming_client_impl.cpp:64 NotifyConnectResult: connect to service network error= 10061, this= 0x1d17a6a1f30
[2025-04-20 15:34:22.677] [PSS] [error] [29392|20052]streaming_driver_interface_impl.cpp:332 NotifyClientConnectResult: connect to service failed, Network Error, this= 0x1cf038bb050
[2025-04-20 15:34:22.677] [PSS] [error] [29392|5204]transport_client_tcp3.cpp:129 HandleConnect: connected error= 由于目标计算机积极拒绝，无法连接。, this= 0x1d134e5bd90
[2025-04-20 15:37:34.462] [PSS] [debug] [29392|19600]streaming_driver_interface_impl.cpp:19 StreamingDriverInterfaceImpl: callback= 0x1cf01fca5a0, this= 0x1d232dd8040
[2025-04-20 15:37:34.463] [PSS] [error] [29392|19600]streaming_driver_interface_impl.cpp:115 SetTrackingOrigin: streaming not started, this= 0x1d232dd8040
[2025-04-20 15:37:34.463] [PSS] [info] [29392|19600]streaming_driver_interface_impl.cpp:24 ConnectToService: connect to service, client_id= 7vWjJrIUTWNugH9W, this= 0x1d232dd8040
[2025-04-20 15:37:34.463] [PSS] [info] [29392|19600]streaming_client_impl.cpp:25 ConnectToService: client_id= 7vWjJrIUTWNugH9W, name= 3D Engine, desp= StreamingSceneRender, this= 0x1d245fd1a30
[2025-04-20 15:37:34.463] [PSS] [debug] [29392|16412]streaming_client_impl.cpp:137 InvokeConnectToService: connect to service through the network, port= 54000, this= 0x1d245fd1a30
[2025-04-20 15:37:34.463] [PSS] [debug] [29392|16412]transport_client_tcp3.cpp:34 Start: buffer size(send\recv): 2097152\2097152, this= 0x1d134e5c2d0
[2025-04-20 15:37:34.463] [PSS] [info] [29392|16412]transport_client_tcp3.cpp:59 Start: server= 127.0.0.1:54000, local=0.0.0.0:0, this= 0x1d134e5c2d0
[2025-04-20 15:37:36.505] [PSS] [info] [29392|33648]streaming_client_impl.cpp:62 NotifyConnectResult: network connect to service result= 10061, this= 0x1d245fd1a30
[2025-04-20 15:37:36.505] [PSS] [error] [29392|33648]streaming_client_impl.cpp:64 NotifyConnectResult: connect to service network error= 10061, this= 0x1d245fd1a30
[2025-04-20 15:37:36.505] [PSS] [error] [29392|33648]transport_client_tcp3.cpp:129 HandleConnect: connected error= 由于目标计算机积极拒绝，无法连接。, this= 0x1d134e5c2d0
[2025-04-20 15:37:36.505] [PSS] [error] [29392|16412]streaming_driver_interface_impl.cpp:332 NotifyClientConnectResult: connect to service failed, Network Error, this= 0x1d232dd8040
[2025-04-20 15:53:40.764] [PSS] [debug] [29392|19600]streaming_driver_interface_impl.cpp:19 StreamingDriverInterfaceImpl: callback= 0x1d246202eb0, this= 0x1d24640c050
[2025-04-20 15:53:40.764] [PSS] [error] [29392|19600]streaming_driver_interface_impl.cpp:115 SetTrackingOrigin: streaming not started, this= 0x1d24640c050
[2025-04-20 15:53:40.764] [PSS] [info] [29392|19600]streaming_driver_interface_impl.cpp:24 ConnectToService: connect to service, client_id= aVRcCA3y6j6IByWe, this= 0x1d24640c050
[2025-04-20 15:53:40.764] [PSS] [info] [29392|19600]streaming_client_impl.cpp:25 ConnectToService: client_id= aVRcCA3y6j6IByWe, name= 3D Engine, desp= StreamingSceneRender, this= 0x1d245fd0d70
[2025-04-20 15:53:40.764] [PSS] [debug] [29392|27660]streaming_client_impl.cpp:137 InvokeConnectToService: connect to service through the network, port= 54000, this= 0x1d245fd0d70
[2025-04-20 15:53:40.764] [PSS] [debug] [29392|27660]transport_client_tcp3.cpp:34 Start: buffer size(send\recv): 2097152\2097152, this= 0x1d134e5c570
[2025-04-20 15:53:40.765] [PSS] [info] [29392|27660]transport_client_tcp3.cpp:59 Start: server= 127.0.0.1:54000, local=0.0.0.0:0, this= 0x1d134e5c570
[2025-04-20 15:53:42.803] [PSS] [info] [29392|35864]streaming_client_impl.cpp:62 NotifyConnectResult: network connect to service result= 10061, this= 0x1d245fd0d70
[2025-04-20 15:53:42.803] [PSS] [error] [29392|35864]streaming_client_impl.cpp:64 NotifyConnectResult: connect to service network error= 10061, this= 0x1d245fd0d70
[2025-04-20 15:53:42.803] [PSS] [error] [29392|27660]streaming_driver_interface_impl.cpp:332 NotifyClientConnectResult: connect to service failed, Network Error, this= 0x1d24640c050
[2025-04-20 15:53:42.803] [PSS] [error] [29392|35864]transport_client_tcp3.cpp:129 HandleConnect: connected error= 由于目标计算机积极拒绝，无法连接。, this= 0x1d134e5c570
[2025-04-20 16:01:21.603] [PSS] [info] ***********  Log Begin **********
[2025-04-20 16:01:21.603] [PSS] [info] process id= 6864
[2025-04-20 16:01:21.603] [PSS] [debug] [6864|8408]streaming_driver_interface_impl.cpp:19 StreamingDriverInterfaceImpl: callback= 0x280384c8830, this= 0x27f68b5c420
[2025-04-20 16:01:21.603] [PSS] [error] [6864|8408]streaming_driver_interface_impl.cpp:115 SetTrackingOrigin: streaming not started, this= 0x27f68b5c420
[2025-04-20 16:01:21.603] [PSS] [info] [6864|8408]streaming_driver_interface_impl.cpp:24 ConnectToService: connect to service, client_id= 4TvADdkyGurlhLtV, this= 0x27f68b5c420
[2025-04-20 16:01:21.603] [PSS] [info] [6864|8408]streaming_client_impl.cpp:25 ConnectToService: client_id= 4TvADdkyGurlhLtV, name= 3D Engine, desp= StreamingSceneRender, this= 0x27f724a2e40
[2025-04-20 16:01:21.603] [PSS] [debug] [6864|19388]streaming_client_impl.cpp:137 InvokeConnectToService: connect to service through the network, port= 54000, this= 0x27f724a2e40
[2025-04-20 16:01:21.603] [PSS] [debug] [6864|19388]transport_client_tcp3.cpp:34 Start: buffer size(send\recv): 2097152\2097152, this= 0x27f47db0490
[2025-04-20 16:01:21.603] [PSS] [info] [6864|19388]transport_client_tcp3.cpp:59 Start: server= 127.0.0.1:54000, local=0.0.0.0:0, this= 0x27f47db0490
[2025-04-20 16:01:23.624] [PSS] [info] [6864|39136]streaming_client_impl.cpp:62 NotifyConnectResult: network connect to service result= 10061, this= 0x27f724a2e40
[2025-04-20 16:01:23.624] [PSS] [error] [6864|39136]streaming_client_impl.cpp:64 NotifyConnectResult: connect to service network error= 10061, this= 0x27f724a2e40
[2025-04-20 16:01:23.624] [PSS] [error] [6864|19388]streaming_driver_interface_impl.cpp:332 NotifyClientConnectResult: connect to service failed, Network Error, this= 0x27f68b5c420
[2025-04-20 16:01:23.624] [PSS] [error] [6864|39136]transport_client_tcp3.cpp:129 HandleConnect: connected error= 由于目标计算机积极拒绝，无法连接。, this= 0x27f47db0490
[2025-04-20 16:07:21.890] [PSS] [debug] [6864|8408]streaming_driver_interface_impl.cpp:19 StreamingDriverInterfaceImpl: callback= 0x27f946753c0, this= 0x28000acdb50
[2025-04-20 16:07:21.891] [PSS] [error] [6864|8408]streaming_driver_interface_impl.cpp:115 SetTrackingOrigin: streaming not started, this= 0x28000acdb50
[2025-04-20 16:07:21.891] [PSS] [info] [6864|8408]streaming_driver_interface_impl.cpp:24 ConnectToService: connect to service, client_id= ZDkT3l2mFkIfPCzY, this= 0x28000acdb50
[2025-04-20 16:07:21.891] [PSS] [info] [6864|8408]streaming_client_impl.cpp:25 ConnectToService: client_id= ZDkT3l2mFkIfPCzY, name= 3D Engine, desp= StreamingSceneRender, this= 0x2805975adc0
[2025-04-20 16:07:21.891] [PSS] [debug] [6864|10920]streaming_client_impl.cpp:137 InvokeConnectToService: connect to service through the network, port= 54000, this= 0x2805975adc0
[2025-04-20 16:07:21.891] [PSS] [debug] [6864|10920]transport_client_tcp3.cpp:34 Start: buffer size(send\recv): 2097152\2097152, this= 0x27f47daf770
[2025-04-20 16:07:21.891] [PSS] [info] [6864|10920]transport_client_tcp3.cpp:59 Start: server= 127.0.0.1:54000, local=0.0.0.0:0, this= 0x27f47daf770
[2025-04-20 16:07:23.933] [PSS] [info] [6864|12072]streaming_client_impl.cpp:62 NotifyConnectResult: network connect to service result= 10061, this= 0x2805975adc0
[2025-04-20 16:07:23.933] [PSS] [error] [6864|12072]streaming_client_impl.cpp:64 NotifyConnectResult: connect to service network error= 10061, this= 0x2805975adc0
[2025-04-20 16:07:23.933] [PSS] [error] [6864|10920]streaming_driver_interface_impl.cpp:332 NotifyClientConnectResult: connect to service failed, Network Error, this= 0x28000acdb50
[2025-04-20 16:07:23.933] [PSS] [error] [6864|12072]transport_client_tcp3.cpp:129 HandleConnect: connected error= 由于目标计算机积极拒绝，无法连接。, this= 0x27f47daf770
[2025-04-20 16:07:32.681] [PSS] [debug] [6864|8408]streaming_driver_interface_impl.cpp:19 StreamingDriverInterfaceImpl: callback= 0x27f694d6fc0, this= 0x28021694720
[2025-04-20 16:07:32.681] [PSS] [error] [6864|8408]streaming_driver_interface_impl.cpp:115 SetTrackingOrigin: streaming not started, this= 0x28021694720
[2025-04-20 16:07:32.681] [PSS] [info] [6864|8408]streaming_driver_interface_impl.cpp:24 ConnectToService: connect to service, client_id= uLgMPHNg9tyVLQMZ, this= 0x28021694720
[2025-04-20 16:07:32.681] [PSS] [info] [6864|8408]streaming_client_impl.cpp:25 ConnectToService: client_id= uLgMPHNg9tyVLQMZ, name= 3D Engine, desp= StreamingSceneRender, this= 0x27f23eb5500
[2025-04-20 16:07:32.681] [PSS] [debug] [6864|18064]streaming_client_impl.cpp:137 InvokeConnectToService: connect to service through the network, port= 54000, this= 0x27f23eb5500
[2025-04-20 16:07:32.682] [PSS] [debug] [6864|18064]transport_client_tcp3.cpp:34 Start: buffer size(send\recv): 2097152\2097152, this= 0x27f47db0490
[2025-04-20 16:07:32.682] [PSS] [info] [6864|18064]transport_client_tcp3.cpp:59 Start: server= 127.0.0.1:54000, local=0.0.0.0:0, this= 0x27f47db0490
[2025-04-20 16:07:34.731] [PSS] [info] [6864|30740]streaming_client_impl.cpp:62 NotifyConnectResult: network connect to service result= 10061, this= 0x27f23eb5500
[2025-04-20 16:07:34.731] [PSS] [error] [6864|30740]streaming_client_impl.cpp:64 NotifyConnectResult: connect to service network error= 10061, this= 0x27f23eb5500
[2025-04-20 16:07:34.731] [PSS] [error] [6864|30740]transport_client_tcp3.cpp:129 HandleConnect: connected error= 由于目标计算机积极拒绝，无法连接。, this= 0x27f47db0490
[2025-04-20 16:07:34.731] [PSS] [error] [6864|18064]streaming_driver_interface_impl.cpp:332 NotifyClientConnectResult: connect to service failed, Network Error, this= 0x28021694720
[2025-04-20 16:21:43.088] [PSS] [debug] [6864|8408]streaming_driver_interface_impl.cpp:19 StreamingDriverInterfaceImpl: callback= 0x27d609c14f0, this= 0x2803e1c0b40
[2025-04-20 16:21:43.089] [PSS] [error] [6864|8408]streaming_driver_interface_impl.cpp:115 SetTrackingOrigin: streaming not started, this= 0x2803e1c0b40
[2025-04-20 16:21:43.089] [PSS] [info] [6864|8408]streaming_driver_interface_impl.cpp:24 ConnectToService: connect to service, client_id= FYkV9PfyEChozEdi, this= 0x2803e1c0b40
[2025-04-20 16:21:43.089] [PSS] [info] [6864|8408]streaming_client_impl.cpp:25 ConnectToService: client_id= FYkV9PfyEChozEdi, name= 3D Engine, desp= StreamingSceneRender, this= 0x27f1ba34770
[2025-04-20 16:21:43.089] [PSS] [debug] [6864|32900]streaming_client_impl.cpp:137 InvokeConnectToService: connect to service through the network, port= 54000, this= 0x27f1ba34770
[2025-04-20 16:21:43.089] [PSS] [debug] [6864|32900]transport_client_tcp3.cpp:34 Start: buffer size(send\recv): 2097152\2097152, this= 0x27f47daef90
[2025-04-20 16:21:43.089] [PSS] [info] [6864|32900]transport_client_tcp3.cpp:59 Start: server= 127.0.0.1:54000, local=0.0.0.0:0, this= 0x27f47daef90
[2025-04-20 16:21:45.123] [PSS] [info] [6864|16188]streaming_client_impl.cpp:62 NotifyConnectResult: network connect to service result= 10061, this= 0x27f1ba34770
[2025-04-20 16:21:45.123] [PSS] [error] [6864|16188]streaming_client_impl.cpp:64 NotifyConnectResult: connect to service network error= 10061, this= 0x27f1ba34770
[2025-04-20 16:21:45.123] [PSS] [error] [6864|32900]streaming_driver_interface_impl.cpp:332 NotifyClientConnectResult: connect to service failed, Network Error, this= 0x2803e1c0b40
[2025-04-20 16:21:45.123] [PSS] [error] [6864|16188]transport_client_tcp3.cpp:129 HandleConnect: connected error= 由于目标计算机积极拒绝，无法连接。, this= 0x27f47daef90
[2025-04-20 19:52:43.991] [PSS] [info] ***********  Log Begin **********
[2025-04-20 19:52:43.991] [PSS] [info] process id= 20624
[2025-04-20 19:52:43.991] [PSS] [debug] [20624|2828]streaming_driver_interface_impl.cpp:19 StreamingDriverInterfaceImpl: callback= 0x23cd0e89060, this= 0x23bc6bda040
[2025-04-20 19:52:43.991] [PSS] [error] [20624|2828]streaming_driver_interface_impl.cpp:115 SetTrackingOrigin: streaming not started, this= 0x23bc6bda040
[2025-04-20 19:52:43.991] [PSS] [info] [20624|2828]streaming_driver_interface_impl.cpp:24 ConnectToService: connect to service, client_id= ez6eNOm5g1S4QkaK, this= 0x23bc6bda040
[2025-04-20 19:52:43.991] [PSS] [info] [20624|2828]streaming_client_impl.cpp:25 ConnectToService: client_id= ez6eNOm5g1S4QkaK, name= 3D Engine, desp= StreamingSceneRender, this= 0x23bc89926c0
[2025-04-20 19:52:43.991] [PSS] [debug] [20624|15048]streaming_client_impl.cpp:137 InvokeConnectToService: connect to service through the network, port= 54000, this= 0x23bc89926c0
[2025-04-20 19:52:43.992] [PSS] [debug] [20624|15048]transport_client_tcp3.cpp:34 Start: buffer size(send\recv): 2097152\2097152, this= 0x23cd0ddcbf0
[2025-04-20 19:52:43.992] [PSS] [info] [20624|15048]transport_client_tcp3.cpp:59 Start: server= 127.0.0.1:54000, local=0.0.0.0:0, this= 0x23cd0ddcbf0
[2025-04-20 19:52:46.033] [PSS] [info] [20624|26004]streaming_client_impl.cpp:62 NotifyConnectResult: network connect to service result= 10061, this= 0x23bc89926c0
[2025-04-20 19:52:46.033] [PSS] [error] [20624|26004]streaming_client_impl.cpp:64 NotifyConnectResult: connect to service network error= 10061, this= 0x23bc89926c0
[2025-04-20 19:52:46.033] [PSS] [error] [20624|15048]streaming_driver_interface_impl.cpp:332 NotifyClientConnectResult: connect to service failed, Network Error, this= 0x23bc6bda040
[2025-04-20 19:52:46.033] [PSS] [error] [20624|26004]transport_client_tcp3.cpp:129 HandleConnect: connected error= 由于目标计算机积极拒绝，无法连接。, this= 0x23cd0ddcbf0
[2025-04-20 21:17:44.607] [PSS] [debug] [20624|2828]streaming_driver_interface_impl.cpp:19 StreamingDriverInterfaceImpl: callback= 0x23bc6b19bb0, this= 0x23c839d90b0
[2025-04-20 21:17:44.615] [PSS] [error] [20624|2828]streaming_driver_interface_impl.cpp:115 SetTrackingOrigin: streaming not started, this= 0x23c839d90b0
[2025-04-20 21:17:44.615] [PSS] [info] [20624|2828]streaming_driver_interface_impl.cpp:24 ConnectToService: connect to service, client_id= gG4MS2cKKbfJVMOC, this= 0x23c839d90b0
[2025-04-20 21:17:44.615] [PSS] [info] [20624|2828]streaming_client_impl.cpp:25 ConnectToService: client_id= gG4MS2cKKbfJVMOC, name= 3D Engine, desp= StreamingSceneRender, this= 0x23ba16fdfd0
[2025-04-20 21:17:44.615] [PSS] [debug] [20624|32920]streaming_client_impl.cpp:137 InvokeConnectToService: connect to service through the network, port= 54000, this= 0x23ba16fdfd0
[2025-04-20 21:17:44.615] [PSS] [debug] [20624|32920]transport_client_tcp3.cpp:34 Start: buffer size(send\recv): 2097152\2097152, this= 0x23cd0ddd130
[2025-04-20 21:17:44.616] [PSS] [info] [20624|32920]transport_client_tcp3.cpp:59 Start: server= 127.0.0.1:54000, local=0.0.0.0:0, this= 0x23cd0ddd130
[2025-04-20 21:17:46.672] [PSS] [info] [20624|34876]streaming_client_impl.cpp:62 NotifyConnectResult: network connect to service result= 10061, this= 0x23ba16fdfd0
[2025-04-20 21:17:46.672] [PSS] [error] [20624|34876]streaming_client_impl.cpp:64 NotifyConnectResult: connect to service network error= 10061, this= 0x23ba16fdfd0
[2025-04-20 21:17:46.672] [PSS] [error] [20624|32920]streaming_driver_interface_impl.cpp:332 NotifyClientConnectResult: connect to service failed, Network Error, this= 0x23c839d90b0
[2025-04-20 21:17:46.672] [PSS] [error] [20624|34876]transport_client_tcp3.cpp:129 HandleConnect: connected error= 由于目标计算机积极拒绝，无法连接。, this= 0x23cd0ddd130
[2025-04-20 21:18:54.030] [PSS] [debug] [20624|2828]streaming_driver_interface_impl.cpp:19 StreamingDriverInterfaceImpl: callback= 0x23c8337f320, this= 0x23c839db4c0
[2025-04-20 21:18:54.030] [PSS] [error] [20624|2828]streaming_driver_interface_impl.cpp:115 SetTrackingOrigin: streaming not started, this= 0x23c839db4c0
[2025-04-20 21:18:54.030] [PSS] [info] [20624|2828]streaming_driver_interface_impl.cpp:24 ConnectToService: connect to service, client_id= VfinJOLjvIRrcQZt, this= 0x23c839db4c0
[2025-04-20 21:18:54.030] [PSS] [info] [20624|2828]streaming_client_impl.cpp:25 ConnectToService: client_id= VfinJOLjvIRrcQZt, name= 3D Engine, desp= StreamingSceneRender, this= 0x23983364dc0
[2025-04-20 21:18:54.030] [PSS] [debug] [20624|12384]streaming_client_impl.cpp:137 InvokeConnectToService: connect to service through the network, port= 54000, this= 0x23983364dc0
[2025-04-20 21:18:54.030] [PSS] [debug] [20624|12384]transport_client_tcp3.cpp:34 Start: buffer size(send\recv): 2097152\2097152, this= 0x23cd0ddcbf0
[2025-04-20 21:18:54.031] [PSS] [info] [20624|12384]transport_client_tcp3.cpp:59 Start: server= 127.0.0.1:54000, local=0.0.0.0:0, this= 0x23cd0ddcbf0
[2025-04-20 21:18:56.068] [PSS] [info] [20624|7432]streaming_client_impl.cpp:62 NotifyConnectResult: network connect to service result= 10061, this= 0x23983364dc0
[2025-04-20 21:18:56.068] [PSS] [error] [20624|7432]streaming_client_impl.cpp:64 NotifyConnectResult: connect to service network error= 10061, this= 0x23983364dc0
[2025-04-20 21:18:56.068] [PSS] [error] [20624|12384]streaming_driver_interface_impl.cpp:332 NotifyClientConnectResult: connect to service failed, Network Error, this= 0x23c839db4c0
[2025-04-20 21:18:56.068] [PSS] [error] [20624|7432]transport_client_tcp3.cpp:129 HandleConnect: connected error= 由于目标计算机积极拒绝，无法连接。, this= 0x23cd0ddcbf0
[2025-04-20 21:30:14.051] [PSS] [debug] [20624|2828]streaming_driver_interface_impl.cpp:19 StreamingDriverInterfaceImpl: callback= 0x23c58b5c1c0, this= 0x23c839dd8d0
[2025-04-20 21:30:14.051] [PSS] [error] [20624|2828]streaming_driver_interface_impl.cpp:115 SetTrackingOrigin: streaming not started, this= 0x23c839dd8d0
[2025-04-20 21:30:14.052] [PSS] [info] [20624|2828]streaming_driver_interface_impl.cpp:24 ConnectToService: connect to service, client_id= w7QUCfQh55NHYTYI, this= 0x23c839dd8d0
[2025-04-20 21:30:14.052] [PSS] [info] [20624|2828]streaming_client_impl.cpp:25 ConnectToService: client_id= w7QUCfQh55NHYTYI, name= 3D Engine, desp= StreamingSceneRender, this= 0x23b349c1150
[2025-04-20 21:30:14.052] [PSS] [debug] [20624|3676]streaming_client_impl.cpp:137 InvokeConnectToService: connect to service through the network, port= 54000, this= 0x23b349c1150
[2025-04-20 21:30:14.052] [PSS] [debug] [20624|3676]transport_client_tcp3.cpp:34 Start: buffer size(send\recv): 2097152\2097152, this= 0x23cd0ddd910
[2025-04-20 21:30:14.052] [PSS] [info] [20624|3676]transport_client_tcp3.cpp:59 Start: server= 127.0.0.1:54000, local=0.0.0.0:0, this= 0x23cd0ddd910
[2025-04-20 21:30:16.092] [PSS] [info] [20624|20152]streaming_client_impl.cpp:62 NotifyConnectResult: network connect to service result= 10061, this= 0x23b349c1150
[2025-04-20 21:30:16.092] [PSS] [error] [20624|20152]streaming_client_impl.cpp:64 NotifyConnectResult: connect to service network error= 10061, this= 0x23b349c1150
[2025-04-20 21:30:16.092] [PSS] [error] [20624|20152]transport_client_tcp3.cpp:129 HandleConnect: connected error= 由于目标计算机积极拒绝，无法连接。, this= 0x23cd0ddd910
[2025-04-20 21:30:16.092] [PSS] [error] [20624|3676]streaming_driver_interface_impl.cpp:332 NotifyClientConnectResult: connect to service failed, Network Error, this= 0x23c839dd8d0
[2025-04-20 21:33:19.413] [PSS] [debug] [20624|2828]streaming_driver_interface_impl.cpp:19 StreamingDriverInterfaceImpl: callback= 0x23be9e06230, this= 0x23c839d90b0
[2025-04-20 21:33:19.413] [PSS] [error] [20624|2828]streaming_driver_interface_impl.cpp:115 SetTrackingOrigin: streaming not started, this= 0x23c839d90b0
[2025-04-20 21:33:19.413] [PSS] [info] [20624|2828]streaming_driver_interface_impl.cpp:24 ConnectToService: connect to service, client_id= pxExcFzL8FHGpzu1, this= 0x23c839d90b0
[2025-04-20 21:33:19.413] [PSS] [info] [20624|2828]streaming_client_impl.cpp:25 ConnectToService: client_id= pxExcFzL8FHGpzu1, name= 3D Engine, desp= StreamingSceneRender, this= 0x23bf2f74b10
[2025-04-20 21:33:19.413] [PSS] [debug] [20624|11144]streaming_client_impl.cpp:137 InvokeConnectToService: connect to service through the network, port= 54000, this= 0x23bf2f74b10
[2025-04-20 21:33:19.414] [PSS] [debug] [20624|11144]transport_client_tcp3.cpp:34 Start: buffer size(send\recv): 2097152\2097152, this= 0x23cd0dda730
[2025-04-20 21:33:19.414] [PSS] [info] [20624|11144]transport_client_tcp3.cpp:59 Start: server= 127.0.0.1:54000, local=0.0.0.0:0, this= 0x23cd0dda730
[2025-04-20 21:33:21.461] [PSS] [info] [20624|16068]streaming_client_impl.cpp:62 NotifyConnectResult: network connect to service result= 10061, this= 0x23bf2f74b10
[2025-04-20 21:33:21.461] [PSS] [error] [20624|16068]streaming_client_impl.cpp:64 NotifyConnectResult: connect to service network error= 10061, this= 0x23bf2f74b10
[2025-04-20 21:33:21.461] [PSS] [error] [20624|16068]transport_client_tcp3.cpp:129 HandleConnect: connected error= 由于目标计算机积极拒绝，无法连接。, this= 0x23cd0dda730
[2025-04-20 21:33:21.461] [PSS] [error] [20624|11144]streaming_driver_interface_impl.cpp:332 NotifyClientConnectResult: connect to service failed, Network Error, this= 0x23c839d90b0
[2025-04-20 21:34:34.458] [PSS] [debug] [20624|2828]streaming_driver_interface_impl.cpp:19 StreamingDriverInterfaceImpl: callback= 0x23ba47f8b00, this= 0x23c839db4c0
[2025-04-20 21:34:34.459] [PSS] [error] [20624|2828]streaming_driver_interface_impl.cpp:115 SetTrackingOrigin: streaming not started, this= 0x23c839db4c0
[2025-04-20 21:34:34.459] [PSS] [info] [20624|2828]streaming_driver_interface_impl.cpp:24 ConnectToService: connect to service, client_id= eXTmKgveszn6cAkn, this= 0x23c839db4c0
[2025-04-20 21:34:34.459] [PSS] [info] [20624|2828]streaming_client_impl.cpp:25 ConnectToService: client_id= eXTmKgveszn6cAkn, name= 3D Engine, desp= StreamingSceneRender, this= 0x23bc88fda00
[2025-04-20 21:34:34.459] [PSS] [debug] [20624|33760]streaming_client_impl.cpp:137 InvokeConnectToService: connect to service through the network, port= 54000, this= 0x23bc88fda00
[2025-04-20 21:34:34.459] [PSS] [debug] [20624|33760]transport_client_tcp3.cpp:34 Start: buffer size(send\recv): 2097152\2097152, this= 0x23cd0ddce90
[2025-04-20 21:34:34.459] [PSS] [info] [20624|33760]transport_client_tcp3.cpp:59 Start: server= 127.0.0.1:54000, local=0.0.0.0:0, this= 0x23cd0ddce90
[2025-04-20 21:34:36.511] [PSS] [info] [20624|36036]streaming_client_impl.cpp:62 NotifyConnectResult: network connect to service result= 10061, this= 0x23bc88fda00
[2025-04-20 21:34:36.511] [PSS] [error] [20624|36036]streaming_client_impl.cpp:64 NotifyConnectResult: connect to service network error= 10061, this= 0x23bc88fda00
[2025-04-20 21:34:36.511] [PSS] [error] [20624|36036]transport_client_tcp3.cpp:129 HandleConnect: connected error= 由于目标计算机积极拒绝，无法连接。, this= 0x23cd0ddce90
[2025-04-20 21:34:36.511] [PSS] [error] [20624|33760]streaming_driver_interface_impl.cpp:332 NotifyClientConnectResult: connect to service failed, Network Error, this= 0x23c839db4c0
[2025-04-20 21:35:02.303] [PSS] [debug] [20624|2828]streaming_driver_interface_impl.cpp:19 StreamingDriverInterfaceImpl: callback= 0x239838989c0, this= 0x23c839dfce0
[2025-04-20 21:35:02.304] [PSS] [error] [20624|2828]streaming_driver_interface_impl.cpp:115 SetTrackingOrigin: streaming not started, this= 0x23c839dfce0
[2025-04-20 21:35:02.304] [PSS] [info] [20624|2828]streaming_driver_interface_impl.cpp:24 ConnectToService: connect to service, client_id= PuARRHA9ss9aGRy7, this= 0x23c839dfce0
[2025-04-20 21:35:02.304] [PSS] [info] [20624|2828]streaming_client_impl.cpp:25 ConnectToService: client_id= PuARRHA9ss9aGRy7, name= 3D Engine, desp= StreamingSceneRender, this= 0x23c5884b5a0
[2025-04-20 21:35:02.304] [PSS] [debug] [20624|35624]streaming_client_impl.cpp:137 InvokeConnectToService: connect to service through the network, port= 54000, this= 0x23c5884b5a0
[2025-04-20 21:35:02.304] [PSS] [debug] [20624|35624]transport_client_tcp3.cpp:34 Start: buffer size(send\recv): 2097152\2097152, this= 0x23cd0ddb990
[2025-04-20 21:35:02.304] [PSS] [info] [20624|35624]transport_client_tcp3.cpp:59 Start: server= 127.0.0.1:54000, local=0.0.0.0:0, this= 0x23cd0ddb990
[2025-04-20 21:35:04.342] [PSS] [info] [20624|21228]streaming_client_impl.cpp:62 NotifyConnectResult: network connect to service result= 10061, this= 0x23c5884b5a0
[2025-04-20 21:35:04.342] [PSS] [error] [20624|21228]streaming_client_impl.cpp:64 NotifyConnectResult: connect to service network error= 10061, this= 0x23c5884b5a0
[2025-04-20 21:35:04.343] [PSS] [error] [20624|21228]transport_client_tcp3.cpp:129 HandleConnect: connected error= 由于目标计算机积极拒绝，无法连接。, this= 0x23cd0ddb990
[2025-04-20 21:35:04.343] [PSS] [error] [20624|35624]streaming_driver_interface_impl.cpp:332 NotifyClientConnectResult: connect to service failed, Network Error, this= 0x23c839dfce0
[2025-04-20 21:39:13.015] [PSS] [debug] [20624|2828]streaming_driver_interface_impl.cpp:19 StreamingDriverInterfaceImpl: callback= 0x23c9df26710, this= 0x23c839d90b0
[2025-04-20 21:39:13.015] [PSS] [error] [20624|2828]streaming_driver_interface_impl.cpp:115 SetTrackingOrigin: streaming not started, this= 0x23c839d90b0
[2025-04-20 21:39:13.015] [PSS] [info] [20624|2828]streaming_driver_interface_impl.cpp:24 ConnectToService: connect to service, client_id= B9LZg4aIXz7k8baO, this= 0x23c839d90b0
[2025-04-20 21:39:13.016] [PSS] [info] [20624|2828]streaming_client_impl.cpp:25 ConnectToService: client_id= B9LZg4aIXz7k8baO, name= 3D Engine, desp= StreamingSceneRender, this= 0x23ba50cdbf0
[2025-04-20 21:39:13.016] [PSS] [debug] [20624|36860]streaming_client_impl.cpp:137 InvokeConnectToService: connect to service through the network, port= 54000, this= 0x23ba50cdbf0
[2025-04-20 21:39:13.016] [PSS] [debug] [20624|36860]transport_client_tcp3.cpp:34 Start: buffer size(send\recv): 2097152\2097152, this= 0x23cd0dcc130
[2025-04-20 21:39:13.016] [PSS] [info] [20624|36860]transport_client_tcp3.cpp:59 Start: server= 127.0.0.1:54000, local=0.0.0.0:0, this= 0x23cd0dcc130
[2025-04-20 21:39:15.053] [PSS] [info] [20624|19800]streaming_client_impl.cpp:62 NotifyConnectResult: network connect to service result= 10061, this= 0x23ba50cdbf0
[2025-04-20 21:39:15.053] [PSS] [error] [20624|19800]streaming_client_impl.cpp:64 NotifyConnectResult: connect to service network error= 10061, this= 0x23ba50cdbf0
[2025-04-20 21:39:15.053] [PSS] [error] [20624|36860]streaming_driver_interface_impl.cpp:332 NotifyClientConnectResult: connect to service failed, Network Error, this= 0x23c839d90b0
[2025-04-20 21:39:15.053] [PSS] [error] [20624|19800]transport_client_tcp3.cpp:129 HandleConnect: connected error= 由于目标计算机积极拒绝，无法连接。, this= 0x23cd0dcc130
[2025-04-20 21:58:11.430] [PSS] [debug] [20624|2828]streaming_driver_interface_impl.cpp:19 StreamingDriverInterfaceImpl: callback= 0x23ba16e7bb0, this= 0x23c839db4c0
[2025-04-20 21:58:11.431] [PSS] [error] [20624|2828]streaming_driver_interface_impl.cpp:115 SetTrackingOrigin: streaming not started, this= 0x23c839db4c0
[2025-04-20 21:58:11.431] [PSS] [info] [20624|2828]streaming_driver_interface_impl.cpp:24 ConnectToService: connect to service, client_id= 9nEpVK4C19MKnlqW, this= 0x23c839db4c0
[2025-04-20 21:58:11.431] [PSS] [info] [20624|2828]streaming_client_impl.cpp:25 ConnectToService: client_id= 9nEpVK4C19MKnlqW, name= 3D Engine, desp= StreamingSceneRender, this= 0x23c83d2f080
[2025-04-20 21:58:11.431] [PSS] [debug] [20624|27812]streaming_client_impl.cpp:137 InvokeConnectToService: connect to service through the network, port= 54000, this= 0x23c83d2f080
[2025-04-20 21:58:11.432] [PSS] [debug] [20624|27812]transport_client_tcp3.cpp:34 Start: buffer size(send\recv): 2097152\2097152, this= 0x23cd0ddce90
[2025-04-20 21:58:11.432] [PSS] [info] [20624|27812]transport_client_tcp3.cpp:59 Start: server= 127.0.0.1:54000, local=0.0.0.0:0, this= 0x23cd0ddce90
[2025-04-20 21:58:13.478] [PSS] [info] [20624|4316]streaming_client_impl.cpp:62 NotifyConnectResult: network connect to service result= 10061, this= 0x23c83d2f080
[2025-04-20 21:58:13.478] [PSS] [error] [20624|4316]streaming_client_impl.cpp:64 NotifyConnectResult: connect to service network error= 10061, this= 0x23c83d2f080
[2025-04-20 21:58:13.478] [PSS] [error] [20624|27812]streaming_driver_interface_impl.cpp:332 NotifyClientConnectResult: connect to service failed, Network Error, this= 0x23c839db4c0
[2025-04-20 21:58:13.478] [PSS] [error] [20624|4316]transport_client_tcp3.cpp:129 HandleConnect: connected error= 由于目标计算机积极拒绝，无法连接。, this= 0x23cd0ddce90
[2025-04-20 23:05:41.770] [PSS] [debug] [20624|2828]streaming_driver_interface_impl.cpp:19 StreamingDriverInterfaceImpl: callback= 0x23c8186e710, this= 0x23c839dd8d0
[2025-04-20 23:05:41.775] [PSS] [error] [20624|2828]streaming_driver_interface_impl.cpp:115 SetTrackingOrigin: streaming not started, this= 0x23c839dd8d0
[2025-04-20 23:05:41.775] [PSS] [info] [20624|2828]streaming_driver_interface_impl.cpp:24 ConnectToService: connect to service, client_id= 7piq2rLbkq8ARcza, this= 0x23c839dd8d0
[2025-04-20 23:05:41.775] [PSS] [info] [20624|2828]streaming_client_impl.cpp:25 ConnectToService: client_id= 7piq2rLbkq8ARcza, name= 3D Engine, desp= StreamingSceneRender, this= 0x23c836f2a10
[2025-04-20 23:05:41.775] [PSS] [debug] [20624|2664]streaming_client_impl.cpp:137 InvokeConnectToService: connect to service through the network, port= 54000, this= 0x23c836f2a10
[2025-04-20 23:05:41.776] [PSS] [debug] [20624|2664]transport_client_tcp3.cpp:34 Start: buffer size(send\recv): 2097152\2097152, this= 0x23cd0ddd910
[2025-04-20 23:05:41.776] [PSS] [info] [20624|2664]transport_client_tcp3.cpp:59 Start: server= 127.0.0.1:54000, local=0.0.0.0:0, this= 0x23cd0ddd910
[2025-04-20 23:05:43.810] [PSS] [info] [20624|40588]streaming_client_impl.cpp:62 NotifyConnectResult: network connect to service result= 10061, this= 0x23c836f2a10
[2025-04-20 23:05:43.810] [PSS] [error] [20624|40588]streaming_client_impl.cpp:64 NotifyConnectResult: connect to service network error= 10061, this= 0x23c836f2a10
[2025-04-20 23:05:43.810] [PSS] [error] [20624|2664]streaming_driver_interface_impl.cpp:332 NotifyClientConnectResult: connect to service failed, Network Error, this= 0x23c839dd8d0
[2025-04-20 23:05:43.811] [PSS] [error] [20624|40588]transport_client_tcp3.cpp:129 HandleConnect: connected error= 由于目标计算机积极拒绝，无法连接。, this= 0x23cd0ddd910
[2025-04-21 20:03:55.127] [PSS] [info] ***********  Log Begin **********
[2025-04-21 20:03:55.127] [PSS] [info] process id= 9980
[2025-04-21 20:03:55.127] [PSS] [debug] [9980|36744]streaming_driver_interface_impl.cpp:19 StreamingDriverInterfaceImpl: callback= 0x2c2af24d120, this= 0x2c1ee0dc020
[2025-04-21 20:03:55.128] [PSS] [error] [9980|36744]streaming_driver_interface_impl.cpp:115 SetTrackingOrigin: streaming not started, this= 0x2c1ee0dc020
[2025-04-21 20:03:55.128] [PSS] [info] [9980|36744]streaming_driver_interface_impl.cpp:24 ConnectToService: connect to service, client_id= igWZTUhCLDZKV1k7, this= 0x2c1ee0dc020
[2025-04-21 20:03:55.128] [PSS] [info] [9980|36744]streaming_client_impl.cpp:25 ConnectToService: client_id= igWZTUhCLDZKV1k7, name= 3D Engine, desp= StreamingSceneRender, this= 0x2c2ba3e0fd0
[2025-04-21 20:03:55.128] [PSS] [debug] [9980|12792]streaming_client_impl.cpp:137 InvokeConnectToService: connect to service through the network, port= 54000, this= 0x2c2ba3e0fd0
[2025-04-21 20:03:55.129] [PSS] [debug] [9980|12792]transport_client_tcp3.cpp:34 Start: buffer size(send\recv): 2097152\2097152, this= 0x2c1ee2e3410
[2025-04-21 20:03:55.129] [PSS] [info] [9980|12792]transport_client_tcp3.cpp:59 Start: server= 127.0.0.1:54000, local=0.0.0.0:0, this= 0x2c1ee2e3410
[2025-04-21 20:03:57.180] [PSS] [info] [9980|29124]streaming_client_impl.cpp:62 NotifyConnectResult: network connect to service result= 10061, this= 0x2c2ba3e0fd0
[2025-04-21 20:03:57.180] [PSS] [error] [9980|29124]streaming_client_impl.cpp:64 NotifyConnectResult: connect to service network error= 10061, this= 0x2c2ba3e0fd0
[2025-04-21 20:03:57.180] [PSS] [error] [9980|12792]streaming_driver_interface_impl.cpp:332 NotifyClientConnectResult: connect to service failed, Network Error, this= 0x2c1ee0dc020
[2025-04-21 20:03:57.180] [PSS] [error] [9980|29124]transport_client_tcp3.cpp:129 HandleConnect: connected error= 由于目标计算机积极拒绝，无法连接。, this= 0x2c1ee2e3410
[2025-04-21 20:23:37.377] [PSS] [info] ***********  Log Begin **********
[2025-04-21 20:23:37.377] [PSS] [info] process id= 35648
[2025-04-21 20:23:37.377] [PSS] [debug] [35648|14288]streaming_driver_interface_impl.cpp:19 StreamingDriverInterfaceImpl: callback= 0x1c88aff1740, this= 0x1c914719890
[2025-04-21 20:23:37.378] [PSS] [error] [35648|14288]streaming_driver_interface_impl.cpp:115 SetTrackingOrigin: streaming not started, this= 0x1c914719890
[2025-04-21 20:23:37.378] [PSS] [info] [35648|14288]streaming_driver_interface_impl.cpp:24 ConnectToService: connect to service, client_id= LByNY8AZMzF81mYn, this= 0x1c914719890
[2025-04-21 20:23:37.378] [PSS] [info] [35648|14288]streaming_client_impl.cpp:25 ConnectToService: client_id= LByNY8AZMzF81mYn, name= 3D Engine, desp= StreamingSceneRender, this= 0x1c860e85580
[2025-04-21 20:23:37.378] [PSS] [debug] [35648|33084]streaming_client_impl.cpp:137 InvokeConnectToService: connect to service through the network, port= 54000, this= 0x1c860e85580
[2025-04-21 20:23:37.378] [PSS] [debug] [35648|33084]transport_client_tcp3.cpp:34 Start: buffer size(send\recv): 2097152\2097152, this= 0x1c881cac560
[2025-04-21 20:23:37.379] [PSS] [info] [35648|33084]transport_client_tcp3.cpp:59 Start: server= 127.0.0.1:54000, local=0.0.0.0:0, this= 0x1c881cac560
[2025-04-21 20:23:39.414] [PSS] [info] [35648|37692]streaming_client_impl.cpp:62 NotifyConnectResult: network connect to service result= 10061, this= 0x1c860e85580
[2025-04-21 20:23:39.414] [PSS] [error] [35648|37692]streaming_client_impl.cpp:64 NotifyConnectResult: connect to service network error= 10061, this= 0x1c860e85580
[2025-04-21 20:23:39.414] [PSS] [error] [35648|37692]transport_client_tcp3.cpp:129 HandleConnect: connected error= 由于目标计算机积极拒绝，无法连接。, this= 0x1c881cac560
[2025-04-21 20:23:39.414] [PSS] [error] [35648|33084]streaming_driver_interface_impl.cpp:332 NotifyClientConnectResult: connect to service failed, Network Error, this= 0x1c914719890
[2025-04-21 22:25:12.757] [PSS] [info] ***********  Log Begin **********
[2025-04-21 22:25:12.757] [PSS] [info] process id= 16408
[2025-04-21 22:25:12.757] [PSS] [debug] [16408|36504]streaming_driver_interface_impl.cpp:19 StreamingDriverInterfaceImpl: callback= 0x2d16c9bdf70, this= 0x2d08a77d350
[2025-04-21 22:25:12.757] [PSS] [error] [16408|36504]streaming_driver_interface_impl.cpp:115 SetTrackingOrigin: streaming not started, this= 0x2d08a77d350
[2025-04-21 22:25:12.757] [PSS] [info] [16408|36504]streaming_driver_interface_impl.cpp:24 ConnectToService: connect to service, client_id= Pfua687MeqtpqWeX, this= 0x2d08a77d350
[2025-04-21 22:25:12.757] [PSS] [info] [16408|36504]streaming_client_impl.cpp:25 ConnectToService: client_id= Pfua687MeqtpqWeX, name= 3D Engine, desp= StreamingSceneRender, this= 0x2d1413424d0
[2025-04-21 22:25:12.757] [PSS] [debug] [16408|10216]streaming_client_impl.cpp:137 InvokeConnectToService: connect to service through the network, port= 54000, this= 0x2d1413424d0
[2025-04-21 22:25:12.757] [PSS] [debug] [16408|10216]transport_client_tcp3.cpp:34 Start: buffer size(send\recv): 2097152\2097152, this= 0x2d14232c610
[2025-04-21 22:25:12.757] [PSS] [info] [16408|10216]transport_client_tcp3.cpp:59 Start: server= 127.0.0.1:54000, local=0.0.0.0:0, this= 0x2d14232c610
[2025-04-21 22:25:14.802] [PSS] [info] [16408|29028]streaming_client_impl.cpp:62 NotifyConnectResult: network connect to service result= 10061, this= 0x2d1413424d0
[2025-04-21 22:25:14.802] [PSS] [error] [16408|29028]streaming_client_impl.cpp:64 NotifyConnectResult: connect to service network error= 10061, this= 0x2d1413424d0
[2025-04-21 22:25:14.802] [PSS] [error] [16408|10216]streaming_driver_interface_impl.cpp:332 NotifyClientConnectResult: connect to service failed, Network Error, this= 0x2d08a77d350
[2025-04-21 22:25:14.802] [PSS] [error] [16408|29028]transport_client_tcp3.cpp:129 HandleConnect: connected error= 由于目标计算机积极拒绝，无法连接。, this= 0x2d14232c610
[2025-04-21 22:27:56.430] [PSS] [debug] [16408|36504]streaming_driver_interface_impl.cpp:19 StreamingDriverInterfaceImpl: callback= 0x2d11c89ebf0, this= 0x2d03d571030
[2025-04-21 22:27:56.431] [PSS] [error] [16408|36504]streaming_driver_interface_impl.cpp:115 SetTrackingOrigin: streaming not started, this= 0x2d03d571030
[2025-04-21 22:27:56.431] [PSS] [info] [16408|36504]streaming_driver_interface_impl.cpp:24 ConnectToService: connect to service, client_id= MiLZMmOaG6nIUS9p, this= 0x2d03d571030
[2025-04-21 22:27:56.431] [PSS] [info] [16408|36504]streaming_client_impl.cpp:25 ConnectToService: client_id= MiLZMmOaG6nIUS9p, name= 3D Engine, desp= StreamingSceneRender, this= 0x2d08a4534d0
[2025-04-21 22:27:56.431] [PSS] [debug] [16408|20432]streaming_client_impl.cpp:137 InvokeConnectToService: connect to service through the network, port= 54000, this= 0x2d08a4534d0
[2025-04-21 22:27:56.431] [PSS] [debug] [16408|20432]transport_client_tcp3.cpp:34 Start: buffer size(send\recv): 2097152\2097152, this= 0x2d14232fa90
[2025-04-21 22:27:56.431] [PSS] [info] [16408|20432]transport_client_tcp3.cpp:59 Start: server= 127.0.0.1:54000, local=0.0.0.0:0, this= 0x2d14232fa90
[2025-04-21 22:27:58.462] [PSS] [info] [16408|2648]streaming_client_impl.cpp:62 NotifyConnectResult: network connect to service result= 10061, this= 0x2d08a4534d0
[2025-04-21 22:27:58.462] [PSS] [error] [16408|2648]streaming_client_impl.cpp:64 NotifyConnectResult: connect to service network error= 10061, this= 0x2d08a4534d0
[2025-04-21 22:27:58.463] [PSS] [error] [16408|20432]streaming_driver_interface_impl.cpp:332 NotifyClientConnectResult: connect to service failed, Network Error, this= 0x2d03d571030
[2025-04-21 22:27:58.463] [PSS] [error] [16408|2648]transport_client_tcp3.cpp:129 HandleConnect: connected error= 由于目标计算机积极拒绝，无法连接。, this= 0x2d14232fa90
[2025-04-21 22:38:19.868] [PSS] [debug] [16408|36504]streaming_driver_interface_impl.cpp:19 StreamingDriverInterfaceImpl: callback= 0x2d03c95e0d0, this= 0x2d11cbfd020
[2025-04-21 22:38:19.869] [PSS] [error] [16408|36504]streaming_driver_interface_impl.cpp:115 SetTrackingOrigin: streaming not started, this= 0x2d11cbfd020
[2025-04-21 22:38:19.869] [PSS] [info] [16408|36504]streaming_driver_interface_impl.cpp:24 ConnectToService: connect to service, client_id= jgdUOpxaGEo4tOvT, this= 0x2d11cbfd020
[2025-04-21 22:38:19.869] [PSS] [info] [16408|36504]streaming_client_impl.cpp:25 ConnectToService: client_id= jgdUOpxaGEo4tOvT, name= 3D Engine, desp= StreamingSceneRender, this= 0x2d08b4c7be0
[2025-04-21 22:38:19.869] [PSS] [debug] [16408|16612]streaming_client_impl.cpp:137 InvokeConnectToService: connect to service through the network, port= 54000, this= 0x2d08b4c7be0
[2025-04-21 22:38:19.869] [PSS] [debug] [16408|16612]transport_client_tcp3.cpp:34 Start: buffer size(send\recv): 2097152\2097152, this= 0x2d142330270
[2025-04-21 22:38:19.869] [PSS] [info] [16408|16612]transport_client_tcp3.cpp:59 Start: server= 127.0.0.1:54000, local=0.0.0.0:0, this= 0x2d142330270
[2025-04-21 22:38:21.921] [PSS] [info] [16408|36932]streaming_client_impl.cpp:62 NotifyConnectResult: network connect to service result= 10061, this= 0x2d08b4c7be0
[2025-04-21 22:38:21.921] [PSS] [error] [16408|36932]streaming_client_impl.cpp:64 NotifyConnectResult: connect to service network error= 10061, this= 0x2d08b4c7be0
[2025-04-21 22:38:21.921] [PSS] [error] [16408|36932]transport_client_tcp3.cpp:129 HandleConnect: connected error= 由于目标计算机积极拒绝，无法连接。, this= 0x2d142330270
[2025-04-21 22:38:21.921] [PSS] [error] [16408|16612]streaming_driver_interface_impl.cpp:332 NotifyClientConnectResult: connect to service failed, Network Error, this= 0x2d11cbfd020
[2025-04-21 22:42:56.561] [PSS] [debug] [16408|36504]streaming_driver_interface_impl.cpp:19 StreamingDriverInterfaceImpl: callback= 0x2d1401648d0, this= 0x2d03d571030
[2025-04-21 22:42:56.561] [PSS] [error] [16408|36504]streaming_driver_interface_impl.cpp:115 SetTrackingOrigin: streaming not started, this= 0x2d03d571030
[2025-04-21 22:42:56.561] [PSS] [info] [16408|36504]streaming_driver_interface_impl.cpp:24 ConnectToService: connect to service, client_id= BhlSYjUWb1HHTpQP, this= 0x2d03d571030
[2025-04-21 22:42:56.561] [PSS] [info] [16408|36504]streaming_client_impl.cpp:25 ConnectToService: client_id= BhlSYjUWb1HHTpQP, name= 3D Engine, desp= StreamingSceneRender, this= 0x2d116b554c0
[2025-04-21 22:42:56.561] [PSS] [debug] [16408|35812]streaming_client_impl.cpp:137 InvokeConnectToService: connect to service through the network, port= 54000, this= 0x2d116b554c0
[2025-04-21 22:42:56.561] [PSS] [debug] [16408|35812]transport_client_tcp3.cpp:34 Start: buffer size(send\recv): 2097152\2097152, this= 0x2d14232f550
[2025-04-21 22:42:56.561] [PSS] [info] [16408|35812]transport_client_tcp3.cpp:59 Start: server= 127.0.0.1:54000, local=0.0.0.0:0, this= 0x2d14232f550
[2025-04-21 22:42:58.597] [PSS] [info] [16408|24052]streaming_client_impl.cpp:62 NotifyConnectResult: network connect to service result= 10061, this= 0x2d116b554c0
[2025-04-21 22:42:58.597] [PSS] [error] [16408|24052]streaming_client_impl.cpp:64 NotifyConnectResult: connect to service network error= 10061, this= 0x2d116b554c0
[2025-04-21 22:42:58.597] [PSS] [error] [16408|35812]streaming_driver_interface_impl.cpp:332 NotifyClientConnectResult: connect to service failed, Network Error, this= 0x2d03d571030
[2025-04-21 22:42:58.597] [PSS] [error] [16408|24052]transport_client_tcp3.cpp:129 HandleConnect: connected error= 由于目标计算机积极拒绝，无法连接。, this= 0x2d14232f550
[2025-04-21 22:44:45.505] [PSS] [debug] [16408|36504]streaming_driver_interface_impl.cpp:19 StreamingDriverInterfaceImpl: callback= 0x2d1464125d0, this= 0x2d11c09f510
[2025-04-21 22:44:45.506] [PSS] [error] [16408|36504]streaming_driver_interface_impl.cpp:115 SetTrackingOrigin: streaming not started, this= 0x2d11c09f510
[2025-04-21 22:44:45.506] [PSS] [info] [16408|36504]streaming_driver_interface_impl.cpp:24 ConnectToService: connect to service, client_id= KrouqBzErFaHgEDQ, this= 0x2d11c09f510
[2025-04-21 22:44:45.506] [PSS] [info] [16408|36504]streaming_client_impl.cpp:25 ConnectToService: client_id= KrouqBzErFaHgEDQ, name= 3D Engine, desp= StreamingSceneRender, this= 0x2d11413f2b0
[2025-04-21 22:44:45.506] [PSS] [debug] [16408|21868]streaming_client_impl.cpp:137 InvokeConnectToService: connect to service through the network, port= 54000, this= 0x2d11413f2b0
[2025-04-21 22:44:45.506] [PSS] [debug] [16408|21868]transport_client_tcp3.cpp:34 Start: buffer size(send\recv): 2097152\2097152, this= 0x2d14232d5d0
[2025-04-21 22:44:45.506] [PSS] [info] [16408|21868]transport_client_tcp3.cpp:59 Start: server= 127.0.0.1:54000, local=0.0.0.0:0, this= 0x2d14232d5d0
[2025-04-21 22:44:47.552] [PSS] [info] [16408|2960]streaming_client_impl.cpp:62 NotifyConnectResult: network connect to service result= 10061, this= 0x2d11413f2b0
[2025-04-21 22:44:47.552] [PSS] [error] [16408|2960]streaming_client_impl.cpp:64 NotifyConnectResult: connect to service network error= 10061, this= 0x2d11413f2b0
[2025-04-21 22:44:47.552] [PSS] [error] [16408|21868]streaming_driver_interface_impl.cpp:332 NotifyClientConnectResult: connect to service failed, Network Error, this= 0x2d11c09f510
[2025-04-21 22:44:47.552] [PSS] [error] [16408|2960]transport_client_tcp3.cpp:129 HandleConnect: connected error= 由于目标计算机积极拒绝，无法连接。, this= 0x2d14232d5d0
[2025-04-21 23:01:01.407] [PSS] [debug] [16408|36504]streaming_driver_interface_impl.cpp:19 StreamingDriverInterfaceImpl: callback= 0x2d16cdae260, this= 0x2d03d571030
[2025-04-21 23:01:01.408] [PSS] [error] [16408|36504]streaming_driver_interface_impl.cpp:115 SetTrackingOrigin: streaming not started, this= 0x2d03d571030
[2025-04-21 23:01:01.408] [PSS] [info] [16408|36504]streaming_driver_interface_impl.cpp:24 ConnectToService: connect to service, client_id= ZcQofQYtb1t6Ke6O, this= 0x2d03d571030
[2025-04-21 23:01:01.408] [PSS] [info] [16408|36504]streaming_client_impl.cpp:25 ConnectToService: client_id= ZcQofQYtb1t6Ke6O, name= 3D Engine, desp= StreamingSceneRender, this= 0x2d142b79c50
[2025-04-21 23:01:01.408] [PSS] [debug] [16408|11680]streaming_client_impl.cpp:137 InvokeConnectToService: connect to service through the network, port= 54000, this= 0x2d142b79c50
[2025-04-21 23:01:01.408] [PSS] [debug] [16408|11680]transport_client_tcp3.cpp:34 Start: buffer size(send\recv): 2097152\2097152, this= 0x2d14232d870
[2025-04-21 23:01:01.408] [PSS] [info] [16408|11680]transport_client_tcp3.cpp:59 Start: server= 127.0.0.1:54000, local=0.0.0.0:0, this= 0x2d14232d870
[2025-04-21 23:01:03.447] [PSS] [info] [16408|30760]streaming_client_impl.cpp:62 NotifyConnectResult: network connect to service result= 10061, this= 0x2d142b79c50
[2025-04-21 23:01:03.447] [PSS] [error] [16408|30760]streaming_client_impl.cpp:64 NotifyConnectResult: connect to service network error= 10061, this= 0x2d142b79c50
[2025-04-21 23:01:03.448] [PSS] [error] [16408|11680]streaming_driver_interface_impl.cpp:332 NotifyClientConnectResult: connect to service failed, Network Error, this= 0x2d03d571030
[2025-04-21 23:01:03.448] [PSS] [error] [16408|30760]transport_client_tcp3.cpp:129 HandleConnect: connected error= 由于目标计算机积极拒绝，无法连接。, this= 0x2d14232d870
[2025-04-21 23:54:32.850] [PSS] [info] ***********  Log Begin **********
[2025-04-21 23:54:32.850] [PSS] [info] process id= 28820
[2025-04-21 23:54:32.850] [PSS] [debug] [28820|14348]streaming_driver_interface_impl.cpp:19 StreamingDriverInterfaceImpl: callback= 0x20e0e0eeca0, this= 0x20e98c32870
[2025-04-21 23:54:32.850] [PSS] [error] [28820|14348]streaming_driver_interface_impl.cpp:115 SetTrackingOrigin: streaming not started, this= 0x20e98c32870
[2025-04-21 23:54:32.850] [PSS] [info] [28820|14348]streaming_driver_interface_impl.cpp:24 ConnectToService: connect to service, client_id= SRENuYaw68Sm2DFU, this= 0x20e98c32870
[2025-04-21 23:54:32.850] [PSS] [info] [28820|14348]streaming_client_impl.cpp:25 ConnectToService: client_id= SRENuYaw68Sm2DFU, name= 3D Engine, desp= StreamingSceneRender, this= 0x20e043ee940
[2025-04-21 23:54:32.851] [PSS] [debug] [28820|11528]streaming_client_impl.cpp:137 InvokeConnectToService: connect to service through the network, port= 54000, this= 0x20e043ee940
[2025-04-21 23:54:32.851] [PSS] [debug] [28820|11528]transport_client_tcp3.cpp:34 Start: buffer size(send\recv): 2097152\2097152, this= 0x20ec279ed40
[2025-04-21 23:54:32.851] [PSS] [info] [28820|11528]transport_client_tcp3.cpp:59 Start: server= 127.0.0.1:54000, local=0.0.0.0:0, this= 0x20ec279ed40
[2025-04-21 23:54:34.903] [PSS] [info] [28820|17328]streaming_client_impl.cpp:62 NotifyConnectResult: network connect to service result= 10061, this= 0x20e043ee940
[2025-04-21 23:54:34.903] [PSS] [error] [28820|17328]streaming_client_impl.cpp:64 NotifyConnectResult: connect to service network error= 10061, this= 0x20e043ee940
[2025-04-21 23:54:34.903] [PSS] [error] [28820|11528]streaming_driver_interface_impl.cpp:332 NotifyClientConnectResult: connect to service failed, Network Error, this= 0x20e98c32870
[2025-04-21 23:54:34.903] [PSS] [error] [28820|17328]transport_client_tcp3.cpp:129 HandleConnect: connected error= 由于目标计算机积极拒绝，无法连接。, this= 0x20ec279ed40
[2025-04-22 00:07:18.313] [PSS] [debug] [28820|14348]streaming_driver_interface_impl.cpp:19 StreamingDriverInterfaceImpl: callback= 0x20ed7c030e0, this= 0x20e0c97fb40
[2025-04-22 00:07:18.319] [PSS] [error] [28820|14348]streaming_driver_interface_impl.cpp:115 SetTrackingOrigin: streaming not started, this= 0x20e0c97fb40
[2025-04-22 00:07:18.320] [PSS] [info] [28820|14348]streaming_driver_interface_impl.cpp:24 ConnectToService: connect to service, client_id= yZHUmyAZhjmOmLpu, this= 0x20e0c97fb40
[2025-04-22 00:07:18.320] [PSS] [info] [28820|14348]streaming_client_impl.cpp:25 ConnectToService: client_id= yZHUmyAZhjmOmLpu, name= 3D Engine, desp= StreamingSceneRender, this= 0x20bdd547340
[2025-04-22 00:07:18.320] [PSS] [debug] [28820|38096]streaming_client_impl.cpp:137 InvokeConnectToService: connect to service through the network, port= 54000, this= 0x20bdd547340
[2025-04-22 00:07:18.320] [PSS] [debug] [28820|38096]transport_client_tcp3.cpp:34 Start: buffer size(send\recv): 2097152\2097152, this= 0x20ec279f520
[2025-04-22 00:07:18.320] [PSS] [info] [28820|38096]transport_client_tcp3.cpp:59 Start: server= 127.0.0.1:54000, local=0.0.0.0:0, this= 0x20ec279f520
[2025-04-22 00:07:20.343] [PSS] [info] [28820|29264]streaming_client_impl.cpp:62 NotifyConnectResult: network connect to service result= 10061, this= 0x20bdd547340
[2025-04-22 00:07:20.343] [PSS] [error] [28820|29264]streaming_client_impl.cpp:64 NotifyConnectResult: connect to service network error= 10061, this= 0x20bdd547340
[2025-04-22 00:07:20.343] [PSS] [error] [28820|38096]streaming_driver_interface_impl.cpp:332 NotifyClientConnectResult: connect to service failed, Network Error, this= 0x20e0c97fb40
[2025-04-22 00:07:20.343] [PSS] [error] [28820|29264]transport_client_tcp3.cpp:129 HandleConnect: connected error= 由于目标计算机积极拒绝，无法连接。, this= 0x20ec279f520
[2025-04-22 00:16:55.741] [PSS] [debug] [28820|14348]streaming_driver_interface_impl.cpp:19 StreamingDriverInterfaceImpl: callback= 0x20c01e00080, this= 0x20e0440b360
[2025-04-22 00:16:55.742] [PSS] [error] [28820|14348]streaming_driver_interface_impl.cpp:115 SetTrackingOrigin: streaming not started, this= 0x20e0440b360
[2025-04-22 00:16:55.742] [PSS] [info] [28820|14348]streaming_driver_interface_impl.cpp:24 ConnectToService: connect to service, client_id= c472zUfJGAqg9D8N, this= 0x20e0440b360
[2025-04-22 00:16:55.742] [PSS] [info] [28820|14348]streaming_client_impl.cpp:25 ConnectToService: client_id= c472zUfJGAqg9D8N, name= 3D Engine, desp= StreamingSceneRender, this= 0x20e0eb90b90
[2025-04-22 00:16:55.742] [PSS] [debug] [28820|29708]streaming_client_impl.cpp:137 InvokeConnectToService: connect to service through the network, port= 54000, this= 0x20e0eb90b90
[2025-04-22 00:16:55.742] [PSS] [debug] [28820|29708]transport_client_tcp3.cpp:34 Start: buffer size(send\recv): 2097152\2097152, this= 0x20ec279e800
[2025-04-22 00:16:55.742] [PSS] [info] [28820|29708]transport_client_tcp3.cpp:59 Start: server= 127.0.0.1:54000, local=0.0.0.0:0, this= 0x20ec279e800
[2025-04-22 00:16:57.778] [PSS] [info] [28820|20720]streaming_client_impl.cpp:62 NotifyConnectResult: network connect to service result= 10061, this= 0x20e0eb90b90
[2025-04-22 00:16:57.778] [PSS] [error] [28820|20720]streaming_client_impl.cpp:64 NotifyConnectResult: connect to service network error= 10061, this= 0x20e0eb90b90
[2025-04-22 00:16:57.778] [PSS] [error] [28820|20720]transport_client_tcp3.cpp:129 HandleConnect: connected error= 由于目标计算机积极拒绝，无法连接。, this= 0x20ec279e800
[2025-04-22 00:16:57.778] [PSS] [error] [28820|29708]streaming_driver_interface_impl.cpp:332 NotifyClientConnectResult: connect to service failed, Network Error, this= 0x20e0440b360
[2025-04-22 15:19:42.123] [PSS] [info] ***********  Log Begin **********
[2025-04-22 15:19:42.123] [PSS] [info] process id= 11684
[2025-04-22 15:19:42.123] [PSS] [debug] [11684|18252]streaming_driver_interface_impl.cpp:19 StreamingDriverInterfaceImpl: callback= 0x1da5d2c5ea0, this= 0x1da02de0ff0
[2025-04-22 15:19:42.123] [PSS] [error] [11684|18252]streaming_driver_interface_impl.cpp:115 SetTrackingOrigin: streaming not started, this= 0x1da02de0ff0
[2025-04-22 15:19:42.123] [PSS] [info] [11684|18252]streaming_driver_interface_impl.cpp:24 ConnectToService: connect to service, client_id= eaE8XMgDtioNswx1, this= 0x1da02de0ff0
[2025-04-22 15:19:42.123] [PSS] [info] [11684|18252]streaming_client_impl.cpp:25 ConnectToService: client_id= eaE8XMgDtioNswx1, name= 3D Engine, desp= StreamingSceneRender, this= 0x1da028167c0
[2025-04-22 15:19:42.123] [PSS] [debug] [11684|40364]streaming_client_impl.cpp:137 InvokeConnectToService: connect to service through the network, port= 54000, this= 0x1da028167c0
[2025-04-22 15:19:42.123] [PSS] [debug] [11684|40364]transport_client_tcp3.cpp:34 Start: buffer size(send\recv): 2097152\2097152, this= 0x1da5dbc6b70
[2025-04-22 15:19:42.124] [PSS] [info] [11684|40364]transport_client_tcp3.cpp:59 Start: server= 127.0.0.1:54000, local=0.0.0.0:0, this= 0x1da5dbc6b70
[2025-04-22 15:19:44.182] [PSS] [info] [11684|22500]streaming_client_impl.cpp:62 NotifyConnectResult: network connect to service result= 10061, this= 0x1da028167c0
[2025-04-22 15:19:44.182] [PSS] [error] [11684|22500]streaming_client_impl.cpp:64 NotifyConnectResult: connect to service network error= 10061, this= 0x1da028167c0
[2025-04-22 15:19:44.182] [PSS] [error] [11684|40364]streaming_driver_interface_impl.cpp:332 NotifyClientConnectResult: connect to service failed, Network Error, this= 0x1da02de0ff0
[2025-04-22 15:19:44.182] [PSS] [error] [11684|22500]transport_client_tcp3.cpp:129 HandleConnect: connected error= 由于目标计算机积极拒绝，无法连接。, this= 0x1da5dbc6b70
[2025-04-22 15:20:13.889] [PSS] [debug] [11684|18252]streaming_driver_interface_impl.cpp:19 StreamingDriverInterfaceImpl: callback= 0x1d99caa7a80, this= 0x1d970e36bb0
[2025-04-22 15:20:13.890] [PSS] [error] [11684|18252]streaming_driver_interface_impl.cpp:115 SetTrackingOrigin: streaming not started, this= 0x1d970e36bb0
[2025-04-22 15:20:13.890] [PSS] [info] [11684|18252]streaming_driver_interface_impl.cpp:24 ConnectToService: connect to service, client_id= 7N6vjlHg71dso51t, this= 0x1d970e36bb0
[2025-04-22 15:20:13.890] [PSS] [info] [11684|18252]streaming_client_impl.cpp:25 ConnectToService: client_id= 7N6vjlHg71dso51t, name= 3D Engine, desp= StreamingSceneRender, this= 0x1d97b7fcbf0
[2025-04-22 15:20:13.890] [PSS] [debug] [11684|27732]streaming_client_impl.cpp:137 InvokeConnectToService: connect to service through the network, port= 54000, this= 0x1d97b7fcbf0
[2025-04-22 15:20:13.890] [PSS] [debug] [11684|27732]transport_client_tcp3.cpp:34 Start: buffer size(send\recv): 2097152\2097152, this= 0x1da5dbc60f0
[2025-04-22 15:20:13.890] [PSS] [info] [11684|27732]transport_client_tcp3.cpp:59 Start: server= 127.0.0.1:54000, local=0.0.0.0:0, this= 0x1da5dbc60f0
[2025-04-22 15:20:15.915] [PSS] [info] [11684|12236]streaming_client_impl.cpp:62 NotifyConnectResult: network connect to service result= 10061, this= 0x1d97b7fcbf0
[2025-04-22 15:20:15.916] [PSS] [error] [11684|12236]streaming_client_impl.cpp:64 NotifyConnectResult: connect to service network error= 10061, this= 0x1d97b7fcbf0
[2025-04-22 15:20:15.916] [PSS] [error] [11684|12236]transport_client_tcp3.cpp:129 HandleConnect: connected error= 由于目标计算机积极拒绝，无法连接。, this= 0x1da5dbc60f0
[2025-04-22 15:20:15.916] [PSS] [error] [11684|27732]streaming_driver_interface_impl.cpp:332 NotifyClientConnectResult: connect to service failed, Network Error, this= 0x1d970e36bb0
[2025-04-22 15:20:52.259] [PSS] [debug] [11684|18252]streaming_driver_interface_impl.cpp:19 StreamingDriverInterfaceImpl: callback= 0x1d97b2e61a0, this= 0x1da02de0ff0
[2025-04-22 15:20:52.259] [PSS] [error] [11684|18252]streaming_driver_interface_impl.cpp:115 SetTrackingOrigin: streaming not started, this= 0x1da02de0ff0
[2025-04-22 15:20:52.259] [PSS] [info] [11684|18252]streaming_driver_interface_impl.cpp:24 ConnectToService: connect to service, client_id= LPIPhZMF3W54MP9Q, this= 0x1da02de0ff0
[2025-04-22 15:20:52.259] [PSS] [info] [11684|18252]streaming_client_impl.cpp:25 ConnectToService: client_id= LPIPhZMF3W54MP9Q, name= 3D Engine, desp= StreamingSceneRender, this= 0x1da5da1b0b0
[2025-04-22 15:20:52.259] [PSS] [debug] [11684|27100]streaming_client_impl.cpp:137 InvokeConnectToService: connect to service through the network, port= 54000, this= 0x1da5da1b0b0
[2025-04-22 15:20:52.259] [PSS] [debug] [11684|27100]transport_client_tcp3.cpp:34 Start: buffer size(send\recv): 2097152\2097152, this= 0x1da5dbc8d90
[2025-04-22 15:20:52.259] [PSS] [info] [11684|27100]transport_client_tcp3.cpp:59 Start: server= 127.0.0.1:54000, local=0.0.0.0:0, this= 0x1da5dbc8d90
[2025-04-22 15:20:54.289] [PSS] [info] [11684|6088]streaming_client_impl.cpp:62 NotifyConnectResult: network connect to service result= 10061, this= 0x1da5da1b0b0
[2025-04-22 15:20:54.289] [PSS] [error] [11684|6088]streaming_client_impl.cpp:64 NotifyConnectResult: connect to service network error= 10061, this= 0x1da5da1b0b0
[2025-04-22 15:20:54.289] [PSS] [error] [11684|27100]streaming_driver_interface_impl.cpp:332 NotifyClientConnectResult: connect to service failed, Network Error, this= 0x1da02de0ff0
[2025-04-22 15:20:54.289] [PSS] [error] [11684|6088]transport_client_tcp3.cpp:129 HandleConnect: connected error= 由于目标计算机积极拒绝，无法连接。, this= 0x1da5dbc8d90
[2025-04-22 15:55:19.000] [PSS] [debug] [11684|18252]streaming_driver_interface_impl.cpp:19 StreamingDriverInterfaceImpl: callback= 0x1d92b25f470, this= 0x1da03064060
[2025-04-22 15:55:19.000] [PSS] [error] [11684|18252]streaming_driver_interface_impl.cpp:115 SetTrackingOrigin: streaming not started, this= 0x1da03064060
[2025-04-22 15:55:19.000] [PSS] [info] [11684|18252]streaming_driver_interface_impl.cpp:24 ConnectToService: connect to service, client_id= jbZVNny31pHvqM2w, this= 0x1da03064060
[2025-04-22 15:55:19.000] [PSS] [info] [11684|18252]streaming_client_impl.cpp:25 ConnectToService: client_id= jbZVNny31pHvqM2w, name= 3D Engine, desp= StreamingSceneRender, this= 0x1da5da1ca30
[2025-04-22 15:55:19.000] [PSS] [debug] [11684|37404]streaming_client_impl.cpp:137 InvokeConnectToService: connect to service through the network, port= 54000, this= 0x1da5da1ca30
[2025-04-22 15:55:19.000] [PSS] [debug] [11684|37404]transport_client_tcp3.cpp:34 Start: buffer size(send\recv): 2097152\2097152, this= 0x1da5dbc5130
[2025-04-22 15:55:19.001] [PSS] [info] [11684|37404]transport_client_tcp3.cpp:59 Start: server= 127.0.0.1:54000, local=0.0.0.0:0, this= 0x1da5dbc5130
[2025-04-22 15:55:21.033] [PSS] [info] [11684|19152]streaming_client_impl.cpp:62 NotifyConnectResult: network connect to service result= 10061, this= 0x1da5da1ca30
[2025-04-22 15:55:21.033] [PSS] [error] [11684|19152]streaming_client_impl.cpp:64 NotifyConnectResult: connect to service network error= 10061, this= 0x1da5da1ca30
[2025-04-22 15:55:21.033] [PSS] [error] [11684|37404]streaming_driver_interface_impl.cpp:332 NotifyClientConnectResult: connect to service failed, Network Error, this= 0x1da03064060
[2025-04-22 15:55:21.033] [PSS] [error] [11684|19152]transport_client_tcp3.cpp:129 HandleConnect: connected error= 由于目标计算机积极拒绝，无法连接。, this= 0x1da5dbc5130
[2025-04-22 15:55:49.572] [PSS] [debug] [11684|18252]streaming_driver_interface_impl.cpp:19 StreamingDriverInterfaceImpl: callback= 0x1da3b8baeb0, this= 0x1da3b8c9ee0
[2025-04-22 15:55:49.572] [PSS] [error] [11684|18252]streaming_driver_interface_impl.cpp:115 SetTrackingOrigin: streaming not started, this= 0x1da3b8c9ee0
[2025-04-22 15:55:49.573] [PSS] [info] [11684|18252]streaming_driver_interface_impl.cpp:24 ConnectToService: connect to service, client_id= TthzMnlyXUToEiOL, this= 0x1da3b8c9ee0
[2025-04-22 15:55:49.573] [PSS] [info] [11684|18252]streaming_client_impl.cpp:25 ConnectToService: client_id= TthzMnlyXUToEiOL, name= 3D Engine, desp= StreamingSceneRender, this= 0x1d9707fddd0
[2025-04-22 15:55:49.573] [PSS] [debug] [11684|23124]streaming_client_impl.cpp:137 InvokeConnectToService: connect to service through the network, port= 54000, this= 0x1d9707fddd0
[2025-04-22 15:55:49.573] [PSS] [debug] [11684|23124]transport_client_tcp3.cpp:34 Start: buffer size(send\recv): 2097152\2097152, this= 0x1da5dbc8310
[2025-04-22 15:55:49.573] [PSS] [info] [11684|23124]transport_client_tcp3.cpp:59 Start: server= 127.0.0.1:54000, local=0.0.0.0:0, this= 0x1da5dbc8310
[2025-04-22 15:55:51.579] [PSS] [info] [11684|22832]streaming_client_impl.cpp:62 NotifyConnectResult: network connect to service result= 10061, this= 0x1d9707fddd0
[2025-04-22 15:55:51.579] [PSS] [error] [11684|22832]streaming_client_impl.cpp:64 NotifyConnectResult: connect to service network error= 10061, this= 0x1d9707fddd0
[2025-04-22 15:55:51.579] [PSS] [error] [11684|23124]streaming_driver_interface_impl.cpp:332 NotifyClientConnectResult: connect to service failed, Network Error, this= 0x1da3b8c9ee0
[2025-04-22 15:55:51.579] [PSS] [error] [11684|22832]transport_client_tcp3.cpp:129 HandleConnect: connected error= 由于目标计算机积极拒绝，无法连接。, this= 0x1da5dbc8310
[2025-04-22 15:59:04.512] [PSS] [debug] [11684|18252]streaming_driver_interface_impl.cpp:19 StreamingDriverInterfaceImpl: callback= 0x1da5ce8e6f0, this= 0x1d92b3d0690
[2025-04-22 15:59:04.513] [PSS] [error] [11684|18252]streaming_driver_interface_impl.cpp:115 SetTrackingOrigin: streaming not started, this= 0x1d92b3d0690
[2025-04-22 15:59:04.513] [PSS] [info] [11684|18252]streaming_driver_interface_impl.cpp:24 ConnectToService: connect to service, client_id= KS1XfoP5tccoo7Wv, this= 0x1d92b3d0690
[2025-04-22 15:59:04.513] [PSS] [info] [11684|18252]streaming_client_impl.cpp:25 ConnectToService: client_id= KS1XfoP5tccoo7Wv, name= 3D Engine, desp= StreamingSceneRender, this= 0x1da03241c30
[2025-04-22 15:59:04.513] [PSS] [debug] [11684|23548]streaming_client_impl.cpp:137 InvokeConnectToService: connect to service through the network, port= 54000, this= 0x1da03241c30
[2025-04-22 15:59:04.513] [PSS] [debug] [11684|23548]transport_client_tcp3.cpp:34 Start: buffer size(send\recv): 2097152\2097152, this= 0x1da5dbc6e10
[2025-04-22 15:59:04.513] [PSS] [info] [11684|23548]transport_client_tcp3.cpp:59 Start: server= 127.0.0.1:54000, local=0.0.0.0:0, this= 0x1da5dbc6e10
[2025-04-22 15:59:06.564] [PSS] [info] [11684|13280]streaming_client_impl.cpp:62 NotifyConnectResult: network connect to service result= 10061, this= 0x1da03241c30
[2025-04-22 15:59:06.564] [PSS] [error] [11684|13280]streaming_client_impl.cpp:64 NotifyConnectResult: connect to service network error= 10061, this= 0x1da03241c30
[2025-04-22 15:59:06.565] [PSS] [error] [11684|23548]streaming_driver_interface_impl.cpp:332 NotifyClientConnectResult: connect to service failed, Network Error, this= 0x1d92b3d0690
[2025-04-22 15:59:06.565] [PSS] [error] [11684|13280]transport_client_tcp3.cpp:129 HandleConnect: connected error= 由于目标计算机积极拒绝，无法连接。, this= 0x1da5dbc6e10
[2025-04-22 16:01:19.433] [PSS] [debug] [11684|18252]streaming_driver_interface_impl.cpp:19 StreamingDriverInterfaceImpl: callback= 0x1da03537a30, this= 0x1d97b223f80
[2025-04-22 16:01:19.434] [PSS] [error] [11684|18252]streaming_driver_interface_impl.cpp:115 SetTrackingOrigin: streaming not started, this= 0x1d97b223f80
[2025-04-22 16:01:19.434] [PSS] [info] [11684|18252]streaming_driver_interface_impl.cpp:24 ConnectToService: connect to service, client_id= pZ3ForIn5y4PyyuT, this= 0x1d97b223f80
[2025-04-22 16:01:19.434] [PSS] [info] [11684|18252]streaming_client_impl.cpp:25 ConnectToService: client_id= pZ3ForIn5y4PyyuT, name= 3D Engine, desp= StreamingSceneRender, this= 0x1da5da1b820
[2025-04-22 16:01:19.434] [PSS] [debug] [11684|22864]streaming_client_impl.cpp:137 InvokeConnectToService: connect to service through the network, port= 54000, this= 0x1da5da1b820
[2025-04-22 16:01:19.434] [PSS] [debug] [11684|22864]transport_client_tcp3.cpp:34 Start: buffer size(send\recv): 2097152\2097152, this= 0x1da5dbc6b70
[2025-04-22 16:01:19.434] [PSS] [info] [11684|22864]transport_client_tcp3.cpp:59 Start: server= 127.0.0.1:54000, local=0.0.0.0:0, this= 0x1da5dbc6b70
[2025-04-22 16:01:21.456] [PSS] [info] [11684|12688]streaming_client_impl.cpp:62 NotifyConnectResult: network connect to service result= 10061, this= 0x1da5da1b820
[2025-04-22 16:01:21.456] [PSS] [error] [11684|12688]streaming_client_impl.cpp:64 NotifyConnectResult: connect to service network error= 10061, this= 0x1da5da1b820
[2025-04-22 16:01:21.456] [PSS] [error] [11684|12688]transport_client_tcp3.cpp:129 HandleConnect: connected error= 由于目标计算机积极拒绝，无法连接。, this= 0x1da5dbc6b70
[2025-04-22 16:01:21.456] [PSS] [error] [11684|22864]streaming_driver_interface_impl.cpp:332 NotifyClientConnectResult: connect to service failed, Network Error, this= 0x1d97b223f80
[2025-04-22 16:56:34.733] [PSS] [info] ***********  Log Begin **********
[2025-04-22 16:56:34.733] [PSS] [info] process id= 22940
[2025-04-22 16:56:34.733] [PSS] [debug] [22940|18068]streaming_driver_interface_impl.cpp:19 StreamingDriverInterfaceImpl: callback= 0x2424d9faa20, this= 0x24160693290
[2025-04-22 16:56:34.733] [PSS] [error] [22940|18068]streaming_driver_interface_impl.cpp:115 SetTrackingOrigin: streaming not started, this= 0x24160693290
[2025-04-22 16:56:34.733] [PSS] [info] [22940|18068]streaming_driver_interface_impl.cpp:24 ConnectToService: connect to service, client_id= Zi4sFLXQ1lvlCcQG, this= 0x24160693290
[2025-04-22 16:56:34.733] [PSS] [info] [22940|18068]streaming_client_impl.cpp:25 ConnectToService: client_id= Zi4sFLXQ1lvlCcQG, name= 3D Engine, desp= StreamingSceneRender, this= 0x2427cd857f0
[2025-04-22 16:56:34.734] [PSS] [debug] [22940|37496]streaming_client_impl.cpp:137 InvokeConnectToService: connect to service through the network, port= 54000, this= 0x2427cd857f0
[2025-04-22 16:56:34.734] [PSS] [debug] [22940|37496]transport_client_tcp3.cpp:34 Start: buffer size(send\recv): 2097152\2097152, this= 0x24181c8adf0
[2025-04-22 16:56:34.734] [PSS] [info] [22940|37496]transport_client_tcp3.cpp:59 Start: server= 127.0.0.1:54000, local=0.0.0.0:0, this= 0x24181c8adf0
[2025-04-22 16:56:36.790] [PSS] [info] [22940|13728]streaming_client_impl.cpp:62 NotifyConnectResult: network connect to service result= 10061, this= 0x2427cd857f0
[2025-04-22 16:56:36.790] [PSS] [error] [22940|13728]streaming_client_impl.cpp:64 NotifyConnectResult: connect to service network error= 10061, this= 0x2427cd857f0
[2025-04-22 16:56:36.790] [PSS] [error] [22940|37496]streaming_driver_interface_impl.cpp:332 NotifyClientConnectResult: connect to service failed, Network Error, this= 0x24160693290
[2025-04-22 16:56:36.790] [PSS] [error] [22940|13728]transport_client_tcp3.cpp:129 HandleConnect: connected error= 由于目标计算机积极拒绝，无法连接。, this= 0x24181c8adf0
[2025-04-22 17:29:59.872] [PSS] [debug] [22940|18068]streaming_driver_interface_impl.cpp:19 StreamingDriverInterfaceImpl: callback= 0x2413ce13a60, this= 0x2424e06de60
[2025-04-22 17:29:59.873] [PSS] [error] [22940|18068]streaming_driver_interface_impl.cpp:115 SetTrackingOrigin: streaming not started, this= 0x2424e06de60
[2025-04-22 17:29:59.873] [PSS] [info] [22940|18068]streaming_driver_interface_impl.cpp:24 ConnectToService: connect to service, client_id= 4PEcdcS5RbbueRqu, this= 0x2424e06de60
[2025-04-22 17:29:59.873] [PSS] [info] [22940|18068]streaming_client_impl.cpp:25 ConnectToService: client_id= 4PEcdcS5RbbueRqu, name= 3D Engine, desp= StreamingSceneRender, this= 0x24243adc7e0
[2025-04-22 17:29:59.874] [PSS] [debug] [22940|9400]streaming_client_impl.cpp:137 InvokeConnectToService: connect to service through the network, port= 54000, this= 0x24243adc7e0
[2025-04-22 17:29:59.874] [PSS] [debug] [22940|9400]transport_client_tcp3.cpp:34 Start: buffer size(send\recv): 2097152\2097152, this= 0x24181c8a8b0
[2025-04-22 17:29:59.874] [PSS] [info] [22940|9400]transport_client_tcp3.cpp:59 Start: server= 127.0.0.1:54000, local=0.0.0.0:0, this= 0x24181c8a8b0
[2025-04-22 17:30:01.922] [PSS] [info] [22940|23332]streaming_client_impl.cpp:62 NotifyConnectResult: network connect to service result= 10061, this= 0x24243adc7e0
[2025-04-22 17:30:01.922] [PSS] [error] [22940|23332]streaming_client_impl.cpp:64 NotifyConnectResult: connect to service network error= 10061, this= 0x24243adc7e0
[2025-04-22 17:30:01.922] [PSS] [error] [22940|9400]streaming_driver_interface_impl.cpp:332 NotifyClientConnectResult: connect to service failed, Network Error, this= 0x2424e06de60
[2025-04-22 17:30:01.922] [PSS] [error] [22940|23332]transport_client_tcp3.cpp:129 HandleConnect: connected error= 由于目标计算机积极拒绝，无法连接。, this= 0x24181c8a8b0
[2025-04-22 17:30:58.071] [PSS] [debug] [22940|18068]streaming_driver_interface_impl.cpp:19 StreamingDriverInterfaceImpl: callback= 0x2418c6d9460, this= 0x2415f374030
[2025-04-22 17:30:58.072] [PSS] [error] [22940|18068]streaming_driver_interface_impl.cpp:115 SetTrackingOrigin: streaming not started, this= 0x2415f374030
[2025-04-22 17:30:58.072] [PSS] [info] [22940|18068]streaming_driver_interface_impl.cpp:24 ConnectToService: connect to service, client_id= QP6UZfifEVgQ1KjW, this= 0x2415f374030
[2025-04-22 17:30:58.072] [PSS] [info] [22940|18068]streaming_client_impl.cpp:25 ConnectToService: client_id= QP6UZfifEVgQ1KjW, name= 3D Engine, desp= StreamingSceneRender, this= 0x24160fbb9f0
[2025-04-22 17:30:58.072] [PSS] [debug] [22940|1996]streaming_client_impl.cpp:137 InvokeConnectToService: connect to service through the network, port= 54000, this= 0x24160fbb9f0
[2025-04-22 17:30:58.072] [PSS] [debug] [22940|1996]transport_client_tcp3.cpp:34 Start: buffer size(send\recv): 2097152\2097152, this= 0x24181c8b330
[2025-04-22 17:30:58.072] [PSS] [info] [22940|1996]transport_client_tcp3.cpp:59 Start: server= 127.0.0.1:54000, local=0.0.0.0:0, this= 0x24181c8b330
[2025-04-22 17:31:00.119] [PSS] [info] [22940|18412]streaming_client_impl.cpp:62 NotifyConnectResult: network connect to service result= 10061, this= 0x24160fbb9f0
[2025-04-22 17:31:00.119] [PSS] [error] [22940|18412]streaming_client_impl.cpp:64 NotifyConnectResult: connect to service network error= 10061, this= 0x24160fbb9f0
[2025-04-22 17:31:00.119] [PSS] [error] [22940|18412]transport_client_tcp3.cpp:129 HandleConnect: connected error= 由于目标计算机积极拒绝，无法连接。, this= 0x24181c8b330
[2025-04-22 17:31:00.119] [PSS] [error] [22940|1996]streaming_driver_interface_impl.cpp:332 NotifyClientConnectResult: connect to service failed, Network Error, this= 0x2415f374030
[2025-04-22 17:31:20.290] [PSS] [debug] [22940|18068]streaming_driver_interface_impl.cpp:19 StreamingDriverInterfaceImpl: callback= 0x2423f7b5740, this= 0x241f2365070
[2025-04-22 17:31:20.291] [PSS] [error] [22940|18068]streaming_driver_interface_impl.cpp:115 SetTrackingOrigin: streaming not started, this= 0x241f2365070
[2025-04-22 17:31:20.291] [PSS] [info] [22940|18068]streaming_driver_interface_impl.cpp:24 ConnectToService: connect to service, client_id= r45wti8gOQJIj6cY, this= 0x241f2365070
[2025-04-22 17:31:20.291] [PSS] [info] [22940|18068]streaming_client_impl.cpp:25 ConnectToService: client_id= r45wti8gOQJIj6cY, name= 3D Engine, desp= StreamingSceneRender, this= 0x241f6c6b4b0
[2025-04-22 17:31:20.291] [PSS] [debug] [22940|8972]streaming_client_impl.cpp:137 InvokeConnectToService: connect to service through the network, port= 54000, this= 0x241f6c6b4b0
[2025-04-22 17:31:20.291] [PSS] [debug] [22940|8972]transport_client_tcp3.cpp:34 Start: buffer size(send\recv): 2097152\2097152, this= 0x24181c8b5d0
[2025-04-22 17:31:20.291] [PSS] [info] [22940|8972]transport_client_tcp3.cpp:59 Start: server= 127.0.0.1:54000, local=0.0.0.0:0, this= 0x24181c8b5d0
[2025-04-22 17:31:22.334] [PSS] [info] [22940|36376]streaming_client_impl.cpp:62 NotifyConnectResult: network connect to service result= 10061, this= 0x241f6c6b4b0
[2025-04-22 17:31:22.334] [PSS] [error] [22940|36376]streaming_client_impl.cpp:64 NotifyConnectResult: connect to service network error= 10061, this= 0x241f6c6b4b0
[2025-04-22 17:31:22.334] [PSS] [error] [22940|36376]transport_client_tcp3.cpp:129 HandleConnect: connected error= 由于目标计算机积极拒绝，无法连接。, this= 0x24181c8b5d0
[2025-04-22 17:31:22.335] [PSS] [error] [22940|8972]streaming_driver_interface_impl.cpp:332 NotifyClientConnectResult: connect to service failed, Network Error, this= 0x241f2365070
[2025-04-22 17:31:53.613] [PSS] [debug] [22940|18068]streaming_driver_interface_impl.cpp:19 StreamingDriverInterfaceImpl: callback= 0x2425b908950, this= 0x241f6a96020
[2025-04-22 17:31:53.614] [PSS] [error] [22940|18068]streaming_driver_interface_impl.cpp:115 SetTrackingOrigin: streaming not started, this= 0x241f6a96020
[2025-04-22 17:31:53.614] [PSS] [info] [22940|18068]streaming_driver_interface_impl.cpp:24 ConnectToService: connect to service, client_id= rAn6bRNAasMhYhKh, this= 0x241f6a96020
[2025-04-22 17:31:53.614] [PSS] [info] [22940|18068]streaming_client_impl.cpp:25 ConnectToService: client_id= rAn6bRNAasMhYhKh, name= 3D Engine, desp= StreamingSceneRender, this= 0x241ae1936f0
[2025-04-22 17:31:53.614] [PSS] [debug] [22940|30476]streaming_client_impl.cpp:137 InvokeConnectToService: connect to service through the network, port= 54000, this= 0x241ae1936f0
[2025-04-22 17:31:53.614] [PSS] [debug] [22940|30476]transport_client_tcp3.cpp:34 Start: buffer size(send\recv): 2097152\2097152, this= 0x24181c8a8b0
[2025-04-22 17:31:53.614] [PSS] [info] [22940|30476]transport_client_tcp3.cpp:59 Start: server= 127.0.0.1:54000, local=0.0.0.0:0, this= 0x24181c8a8b0
[2025-04-22 17:31:55.645] [PSS] [info] [22940|33444]streaming_client_impl.cpp:62 NotifyConnectResult: network connect to service result= 10061, this= 0x241ae1936f0
[2025-04-22 17:31:55.645] [PSS] [error] [22940|33444]streaming_client_impl.cpp:64 NotifyConnectResult: connect to service network error= 10061, this= 0x241ae1936f0
[2025-04-22 17:31:55.645] [PSS] [error] [22940|30476]streaming_driver_interface_impl.cpp:332 NotifyClientConnectResult: connect to service failed, Network Error, this= 0x241f6a96020
[2025-04-22 17:31:55.645] [PSS] [error] [22940|33444]transport_client_tcp3.cpp:129 HandleConnect: connected error= 由于目标计算机积极拒绝，无法连接。, this= 0x24181c8a8b0
[2025-04-22 17:34:55.049] [PSS] [debug] [22940|18068]streaming_driver_interface_impl.cpp:19 StreamingDriverInterfaceImpl: callback= 0x241fd7bcd50, this= 0x2424e06de60
[2025-04-22 17:34:55.050] [PSS] [error] [22940|18068]streaming_driver_interface_impl.cpp:115 SetTrackingOrigin: streaming not started, this= 0x2424e06de60
[2025-04-22 17:34:55.050] [PSS] [info] [22940|18068]streaming_driver_interface_impl.cpp:24 ConnectToService: connect to service, client_id= TctYdUupxIR6lgOE, this= 0x2424e06de60
[2025-04-22 17:34:55.050] [PSS] [info] [22940|18068]streaming_client_impl.cpp:25 ConnectToService: client_id= TctYdUupxIR6lgOE, name= 3D Engine, desp= StreamingSceneRender, this= 0x2427cd5bb10
[2025-04-22 17:34:55.050] [PSS] [debug] [22940|3276]streaming_client_impl.cpp:137 InvokeConnectToService: connect to service through the network, port= 54000, this= 0x2427cd5bb10
[2025-04-22 17:34:55.050] [PSS] [debug] [22940|3276]transport_client_tcp3.cpp:34 Start: buffer size(send\recv): 2097152\2097152, this= 0x24181c8b090
[2025-04-22 17:34:55.050] [PSS] [info] [22940|3276]transport_client_tcp3.cpp:59 Start: server= 127.0.0.1:54000, local=0.0.0.0:0, this= 0x24181c8b090
[2025-04-22 17:34:57.082] [PSS] [info] [22940|3816]streaming_client_impl.cpp:62 NotifyConnectResult: network connect to service result= 10061, this= 0x2427cd5bb10
[2025-04-22 17:34:57.082] [PSS] [error] [22940|3816]streaming_client_impl.cpp:64 NotifyConnectResult: connect to service network error= 10061, this= 0x2427cd5bb10
[2025-04-22 17:34:57.082] [PSS] [error] [22940|3276]streaming_driver_interface_impl.cpp:332 NotifyClientConnectResult: connect to service failed, Network Error, this= 0x2424e06de60
[2025-04-22 17:34:57.082] [PSS] [error] [22940|3816]transport_client_tcp3.cpp:129 HandleConnect: connected error= 由于目标计算机积极拒绝，无法连接。, this= 0x24181c8b090
[2025-04-22 17:48:28.002] [PSS] [debug] [22940|18068]streaming_driver_interface_impl.cpp:19 StreamingDriverInterfaceImpl: callback= 0x2424d9fe620, this= 0x2418ae0c060
[2025-04-22 17:48:28.002] [PSS] [error] [22940|18068]streaming_driver_interface_impl.cpp:115 SetTrackingOrigin: streaming not started, this= 0x2418ae0c060
[2025-04-22 17:48:28.002] [PSS] [info] [22940|18068]streaming_driver_interface_impl.cpp:24 ConnectToService: connect to service, client_id= 3YvSzNl2fXb1xyy9, this= 0x2418ae0c060
[2025-04-22 17:48:28.002] [PSS] [info] [22940|18068]streaming_client_impl.cpp:25 ConnectToService: client_id= 3YvSzNl2fXb1xyy9, name= 3D Engine, desp= StreamingSceneRender, this= 0x241adf79ee0
[2025-04-22 17:48:28.002] [PSS] [debug] [22940|24988]streaming_client_impl.cpp:137 InvokeConnectToService: connect to service through the network, port= 54000, this= 0x241adf79ee0
[2025-04-22 17:48:28.003] [PSS] [debug] [22940|24988]transport_client_tcp3.cpp:34 Start: buffer size(send\recv): 2097152\2097152, this= 0x24181c8a8b0
[2025-04-22 17:48:28.003] [PSS] [info] [22940|24988]transport_client_tcp3.cpp:59 Start: server= 127.0.0.1:54000, local=0.0.0.0:0, this= 0x24181c8a8b0
[2025-04-22 17:48:30.043] [PSS] [info] [22940|24656]streaming_client_impl.cpp:62 NotifyConnectResult: network connect to service result= 10061, this= 0x241adf79ee0
[2025-04-22 17:48:30.043] [PSS] [error] [22940|24656]streaming_client_impl.cpp:64 NotifyConnectResult: connect to service network error= 10061, this= 0x241adf79ee0
[2025-04-22 17:48:30.043] [PSS] [error] [22940|24988]streaming_driver_interface_impl.cpp:332 NotifyClientConnectResult: connect to service failed, Network Error, this= 0x2418ae0c060
[2025-04-22 17:48:30.043] [PSS] [error] [22940|24656]transport_client_tcp3.cpp:129 HandleConnect: connected error= 由于目标计算机积极拒绝，无法连接。, this= 0x24181c8a8b0
[2025-04-22 18:34:31.466] [PSS] [debug] [22940|18068]streaming_driver_interface_impl.cpp:19 StreamingDriverInterfaceImpl: callback= 0x2429cb8fb20, this= 0x2424ea62040
[2025-04-22 18:34:31.467] [PSS] [error] [22940|18068]streaming_driver_interface_impl.cpp:115 SetTrackingOrigin: streaming not started, this= 0x2424ea62040
[2025-04-22 18:34:31.467] [PSS] [info] [22940|18068]streaming_driver_interface_impl.cpp:24 ConnectToService: connect to service, client_id= Os84Q9r6DYrIAbVG, this= 0x2424ea62040
[2025-04-22 18:34:31.467] [PSS] [info] [22940|18068]streaming_client_impl.cpp:25 ConnectToService: client_id= Os84Q9r6DYrIAbVG, name= 3D Engine, desp= StreamingSceneRender, this= 0x2429bd45ea0
[2025-04-22 18:34:31.467] [PSS] [debug] [22940|23440]streaming_client_impl.cpp:137 InvokeConnectToService: connect to service through the network, port= 54000, this= 0x2429bd45ea0
[2025-04-22 18:34:31.467] [PSS] [debug] [22940|23440]transport_client_tcp3.cpp:34 Start: buffer size(send\recv): 2097152\2097152, this= 0x2423ef67550
[2025-04-22 18:34:31.467] [PSS] [info] [22940|23440]transport_client_tcp3.cpp:59 Start: server= 127.0.0.1:54000, local=0.0.0.0:0, this= 0x2423ef67550
[2025-04-22 18:34:33.505] [PSS] [info] [22940|10156]streaming_client_impl.cpp:62 NotifyConnectResult: network connect to service result= 10061, this= 0x2429bd45ea0
[2025-04-22 18:34:33.505] [PSS] [error] [22940|10156]streaming_client_impl.cpp:64 NotifyConnectResult: connect to service network error= 10061, this= 0x2429bd45ea0
[2025-04-22 18:34:33.505] [PSS] [error] [22940|23440]streaming_driver_interface_impl.cpp:332 NotifyClientConnectResult: connect to service failed, Network Error, this= 0x2424ea62040
[2025-04-22 18:34:33.505] [PSS] [error] [22940|10156]transport_client_tcp3.cpp:129 HandleConnect: connected error= 由于目标计算机积极拒绝，无法连接。, this= 0x2423ef67550
[2025-04-22 18:40:59.037] [PSS] [debug] [22940|18068]streaming_driver_interface_impl.cpp:19 StreamingDriverInterfaceImpl: callback= 0x2418caac760, this= 0x24244796a90
[2025-04-22 18:40:59.037] [PSS] [error] [22940|18068]streaming_driver_interface_impl.cpp:115 SetTrackingOrigin: streaming not started, this= 0x24244796a90
[2025-04-22 18:40:59.037] [PSS] [info] [22940|18068]streaming_driver_interface_impl.cpp:24 ConnectToService: connect to service, client_id= gOF4rIbEUTrZfzhg, this= 0x24244796a90
[2025-04-22 18:40:59.037] [PSS] [info] [22940|18068]streaming_client_impl.cpp:25 ConnectToService: client_id= gOF4rIbEUTrZfzhg, name= 3D Engine, desp= StreamingSceneRender, this= 0x241f2230500
[2025-04-22 18:40:59.037] [PSS] [debug] [22940|4884]streaming_client_impl.cpp:137 InvokeConnectToService: connect to service through the network, port= 54000, this= 0x241f2230500
[2025-04-22 18:40:59.037] [PSS] [debug] [22940|4884]transport_client_tcp3.cpp:34 Start: buffer size(send\recv): 2097152\2097152, this= 0x2423ef67d30
[2025-04-22 18:40:59.037] [PSS] [info] [22940|4884]transport_client_tcp3.cpp:59 Start: server= 127.0.0.1:54000, local=0.0.0.0:0, this= 0x2423ef67d30
[2025-04-22 18:41:01.087] [PSS] [info] [22940|38644]streaming_client_impl.cpp:62 NotifyConnectResult: network connect to service result= 10061, this= 0x241f2230500
[2025-04-22 18:41:01.087] [PSS] [error] [22940|38644]streaming_client_impl.cpp:64 NotifyConnectResult: connect to service network error= 10061, this= 0x241f2230500
[2025-04-22 18:41:01.087] [PSS] [error] [22940|38644]transport_client_tcp3.cpp:129 HandleConnect: connected error= 由于目标计算机积极拒绝，无法连接。, this= 0x2423ef67d30
[2025-04-22 18:41:01.087] [PSS] [error] [22940|4884]streaming_driver_interface_impl.cpp:332 NotifyClientConnectResult: connect to service failed, Network Error, this= 0x24244796a90
[2025-04-22 18:48:56.928] [PSS] [debug] [22940|18068]streaming_driver_interface_impl.cpp:19 StreamingDriverInterfaceImpl: callback= 0x2424d9fe940, this= 0x24181e26680
[2025-04-22 18:48:56.929] [PSS] [error] [22940|18068]streaming_driver_interface_impl.cpp:115 SetTrackingOrigin: streaming not started, this= 0x24181e26680
[2025-04-22 18:48:56.929] [PSS] [info] [22940|18068]streaming_driver_interface_impl.cpp:24 ConnectToService: connect to service, client_id= tfaXTJ7ckNTtb2gm, this= 0x24181e26680
[2025-04-22 18:48:56.929] [PSS] [info] [22940|18068]streaming_client_impl.cpp:25 ConnectToService: client_id= tfaXTJ7ckNTtb2gm, name= 3D Engine, desp= StreamingSceneRender, this= 0x241f222eeb0
[2025-04-22 18:48:56.929] [PSS] [debug] [22940|16736]streaming_client_impl.cpp:137 InvokeConnectToService: connect to service through the network, port= 54000, this= 0x241f222eeb0
[2025-04-22 18:48:56.929] [PSS] [debug] [22940|16736]transport_client_tcp3.cpp:34 Start: buffer size(send\recv): 2097152\2097152, this= 0x2423ef67550
[2025-04-22 18:48:56.929] [PSS] [info] [22940|16736]transport_client_tcp3.cpp:59 Start: server= 127.0.0.1:54000, local=0.0.0.0:0, this= 0x2423ef67550
[2025-04-22 18:48:58.976] [PSS] [info] [22940|31292]streaming_client_impl.cpp:62 NotifyConnectResult: network connect to service result= 10061, this= 0x241f222eeb0
[2025-04-22 18:48:58.976] [PSS] [error] [22940|31292]streaming_client_impl.cpp:64 NotifyConnectResult: connect to service network error= 10061, this= 0x241f222eeb0
[2025-04-22 18:48:58.976] [PSS] [error] [22940|31292]transport_client_tcp3.cpp:129 HandleConnect: connected error= 由于目标计算机积极拒绝，无法连接。, this= 0x2423ef67550
[2025-04-22 18:48:58.976] [PSS] [error] [22940|16736]streaming_driver_interface_impl.cpp:332 NotifyClientConnectResult: connect to service failed, Network Error, this= 0x24181e26680
[2025-04-22 18:51:18.436] [PSS] [debug] [22940|18068]streaming_driver_interface_impl.cpp:19 StreamingDriverInterfaceImpl: callback= 0x241f6c72790, this= 0x2424ea62040
[2025-04-22 18:51:18.437] [PSS] [error] [22940|18068]streaming_driver_interface_impl.cpp:115 SetTrackingOrigin: streaming not started, this= 0x2424ea62040
[2025-04-22 18:51:18.437] [PSS] [info] [22940|18068]streaming_driver_interface_impl.cpp:24 ConnectToService: connect to service, client_id= uUuc51nkGmGSAM7c, this= 0x2424ea62040
[2025-04-22 18:51:18.437] [PSS] [info] [22940|18068]streaming_client_impl.cpp:25 ConnectToService: client_id= uUuc51nkGmGSAM7c, name= 3D Engine, desp= StreamingSceneRender, this= 0x2429d20db20
[2025-04-22 18:51:18.437] [PSS] [debug] [22940|7724]streaming_client_impl.cpp:137 InvokeConnectToService: connect to service through the network, port= 54000, this= 0x2429d20db20
[2025-04-22 18:51:18.437] [PSS] [debug] [22940|7724]transport_client_tcp3.cpp:34 Start: buffer size(send\recv): 2097152\2097152, this= 0x2423ef66050
[2025-04-22 18:51:18.437] [PSS] [info] [22940|7724]transport_client_tcp3.cpp:59 Start: server= 127.0.0.1:54000, local=0.0.0.0:0, this= 0x2423ef66050
[2025-04-22 18:51:20.489] [PSS] [info] [22940|13296]streaming_client_impl.cpp:62 NotifyConnectResult: network connect to service result= 10061, this= 0x2429d20db20
[2025-04-22 18:51:20.489] [PSS] [error] [22940|13296]streaming_client_impl.cpp:64 NotifyConnectResult: connect to service network error= 10061, this= 0x2429d20db20
[2025-04-22 18:51:20.489] [PSS] [error] [22940|7724]streaming_driver_interface_impl.cpp:332 NotifyClientConnectResult: connect to service failed, Network Error, this= 0x2424ea62040
[2025-04-22 18:51:20.489] [PSS] [error] [22940|13296]transport_client_tcp3.cpp:129 HandleConnect: connected error= 由于目标计算机积极拒绝，无法连接。, this= 0x2423ef66050
[2025-04-22 18:52:49.990] [PSS] [debug] [22940|18068]streaming_driver_interface_impl.cpp:19 StreamingDriverInterfaceImpl: callback= 0x2424efdb210, this= 0x241f6df4b40
[2025-04-22 18:52:49.990] [PSS] [error] [22940|18068]streaming_driver_interface_impl.cpp:115 SetTrackingOrigin: streaming not started, this= 0x241f6df4b40
[2025-04-22 18:52:49.990] [PSS] [info] [22940|18068]streaming_driver_interface_impl.cpp:24 ConnectToService: connect to service, client_id= RGiB2kR21YmmDcZQ, this= 0x241f6df4b40
[2025-04-22 18:52:49.990] [PSS] [info] [22940|18068]streaming_client_impl.cpp:25 ConnectToService: client_id= RGiB2kR21YmmDcZQ, name= 3D Engine, desp= StreamingSceneRender, this= 0x241f7485270
[2025-04-22 18:52:49.990] [PSS] [debug] [22940|8300]streaming_client_impl.cpp:137 InvokeConnectToService: connect to service through the network, port= 54000, this= 0x241f7485270
[2025-04-22 18:52:49.990] [PSS] [debug] [22940|8300]transport_client_tcp3.cpp:34 Start: buffer size(send\recv): 2097152\2097152, this= 0x2423ef67550
[2025-04-22 18:52:49.990] [PSS] [info] [22940|8300]transport_client_tcp3.cpp:59 Start: server= 127.0.0.1:54000, local=0.0.0.0:0, this= 0x2423ef67550
[2025-04-22 18:52:52.022] [PSS] [info] [22940|1932]streaming_client_impl.cpp:62 NotifyConnectResult: network connect to service result= 10061, this= 0x241f7485270
[2025-04-22 18:52:52.022] [PSS] [error] [22940|1932]streaming_client_impl.cpp:64 NotifyConnectResult: connect to service network error= 10061, this= 0x241f7485270
[2025-04-22 18:52:52.022] [PSS] [error] [22940|8300]streaming_driver_interface_impl.cpp:332 NotifyClientConnectResult: connect to service failed, Network Error, this= 0x241f6df4b40
[2025-04-22 18:52:52.022] [PSS] [error] [22940|1932]transport_client_tcp3.cpp:129 HandleConnect: connected error= 由于目标计算机积极拒绝，无法连接。, this= 0x2423ef67550
[2025-04-22 22:11:10.469] [PSS] [info] ***********  Log Begin **********
[2025-04-22 22:11:10.469] [PSS] [info] process id= 25408
[2025-04-22 22:11:10.469] [PSS] [debug] [25408|6424]streaming_driver_interface_impl.cpp:19 StreamingDriverInterfaceImpl: callback= 0x1aad0b18240, this= 0x1a8eb16acc0
[2025-04-22 22:11:10.470] [PSS] [error] [25408|6424]streaming_driver_interface_impl.cpp:115 SetTrackingOrigin: streaming not started, this= 0x1a8eb16acc0
[2025-04-22 22:11:10.470] [PSS] [info] [25408|6424]streaming_driver_interface_impl.cpp:24 ConnectToService: connect to service, client_id= 48ciz5ArrrxrsOHy, this= 0x1a8eb16acc0
[2025-04-22 22:11:10.470] [PSS] [info] [25408|6424]streaming_client_impl.cpp:25 ConnectToService: client_id= 48ciz5ArrrxrsOHy, name= 3D Engine, desp= StreamingSceneRender, this= 0x1a8e79dcb70
[2025-04-22 22:11:10.470] [PSS] [debug] [25408|6728]streaming_client_impl.cpp:137 InvokeConnectToService: connect to service through the network, port= 54000, this= 0x1a8e79dcb70
[2025-04-22 22:11:10.471] [PSS] [debug] [25408|6728]transport_client_tcp3.cpp:34 Start: buffer size(send\recv): 2097152\2097152, this= 0x1aa6b046020
[2025-04-22 22:11:10.471] [PSS] [info] [25408|6728]transport_client_tcp3.cpp:59 Start: server= 127.0.0.1:54000, local=0.0.0.0:0, this= 0x1aa6b046020
[2025-04-22 22:11:12.518] [PSS] [info] [25408|9524]streaming_client_impl.cpp:62 NotifyConnectResult: network connect to service result= 10061, this= 0x1a8e79dcb70
[2025-04-22 22:11:12.518] [PSS] [error] [25408|9524]streaming_client_impl.cpp:64 NotifyConnectResult: connect to service network error= 10061, this= 0x1a8e79dcb70
[2025-04-22 22:11:12.518] [PSS] [error] [25408|6728]streaming_driver_interface_impl.cpp:332 NotifyClientConnectResult: connect to service failed, Network Error, this= 0x1a8eb16acc0
[2025-04-22 22:11:12.518] [PSS] [error] [25408|9524]transport_client_tcp3.cpp:129 HandleConnect: connected error= 由于目标计算机积极拒绝，无法连接。, this= 0x1aa6b046020
[2025-04-22 22:11:33.804] [PSS] [debug] [25408|6424]streaming_driver_interface_impl.cpp:19 StreamingDriverInterfaceImpl: callback= 0x1aa1d1c7ca0, this= 0x1a8eaec04c0
[2025-04-22 22:11:33.805] [PSS] [error] [25408|6424]streaming_driver_interface_impl.cpp:115 SetTrackingOrigin: streaming not started, this= 0x1a8eaec04c0
[2025-04-22 22:11:33.805] [PSS] [info] [25408|6424]streaming_driver_interface_impl.cpp:24 ConnectToService: connect to service, client_id= HxiziXMNxLacRbIV, this= 0x1a8eaec04c0
[2025-04-22 22:11:33.805] [PSS] [info] [25408|6424]streaming_client_impl.cpp:25 ConnectToService: client_id= HxiziXMNxLacRbIV, name= 3D Engine, desp= StreamingSceneRender, this= 0x1a8da03e470
[2025-04-22 22:11:33.805] [PSS] [debug] [25408|39460]streaming_client_impl.cpp:137 InvokeConnectToService: connect to service through the network, port= 54000, this= 0x1a8da03e470
[2025-04-22 22:11:33.805] [PSS] [debug] [25408|39460]transport_client_tcp3.cpp:34 Start: buffer size(send\recv): 2097152\2097152, this= 0x1aa6b0445e0
[2025-04-22 22:11:33.805] [PSS] [info] [25408|39460]transport_client_tcp3.cpp:59 Start: server= 127.0.0.1:54000, local=0.0.0.0:0, this= 0x1aa6b0445e0
[2025-04-22 22:11:35.822] [PSS] [info] [25408|34980]streaming_client_impl.cpp:62 NotifyConnectResult: network connect to service result= 10061, this= 0x1a8da03e470
[2025-04-22 22:11:35.822] [PSS] [error] [25408|34980]streaming_client_impl.cpp:64 NotifyConnectResult: connect to service network error= 10061, this= 0x1a8da03e470
[2025-04-22 22:11:35.822] [PSS] [error] [25408|39460]streaming_driver_interface_impl.cpp:332 NotifyClientConnectResult: connect to service failed, Network Error, this= 0x1a8eaec04c0
[2025-04-22 22:11:35.822] [PSS] [error] [25408|34980]transport_client_tcp3.cpp:129 HandleConnect: connected error= 由于目标计算机积极拒绝，无法连接。, this= 0x1aa6b0445e0
[2025-04-22 22:12:06.889] [PSS] [debug] [25408|6424]streaming_driver_interface_impl.cpp:19 StreamingDriverInterfaceImpl: callback= 0x1a8db67d260, this= 0x1aad0eb02e0
[2025-04-22 22:12:06.889] [PSS] [error] [25408|6424]streaming_driver_interface_impl.cpp:115 SetTrackingOrigin: streaming not started, this= 0x1aad0eb02e0
[2025-04-22 22:12:06.889] [PSS] [info] [25408|6424]streaming_driver_interface_impl.cpp:24 ConnectToService: connect to service, client_id= jJXL8auGkGm4Ap58, this= 0x1aad0eb02e0
[2025-04-22 22:12:06.889] [PSS] [info] [25408|6424]streaming_client_impl.cpp:25 ConnectToService: client_id= jJXL8auGkGm4Ap58, name= 3D Engine, desp= StreamingSceneRender, this= 0x1a8e6f9e670
[2025-04-22 22:12:06.889] [PSS] [debug] [25408|35848]streaming_client_impl.cpp:137 InvokeConnectToService: connect to service through the network, port= 54000, this= 0x1a8e6f9e670
[2025-04-22 22:12:06.890] [PSS] [debug] [25408|35848]transport_client_tcp3.cpp:34 Start: buffer size(send\recv): 2097152\2097152, this= 0x1aa6b0440a0
[2025-04-22 22:12:06.890] [PSS] [info] [25408|35848]transport_client_tcp3.cpp:59 Start: server= 127.0.0.1:54000, local=0.0.0.0:0, this= 0x1aa6b0440a0
[2025-04-22 22:12:08.918] [PSS] [info] [25408|36744]streaming_client_impl.cpp:62 NotifyConnectResult: network connect to service result= 10061, this= 0x1a8e6f9e670
[2025-04-22 22:12:08.918] [PSS] [error] [25408|36744]streaming_client_impl.cpp:64 NotifyConnectResult: connect to service network error= 10061, this= 0x1a8e6f9e670
[2025-04-22 22:12:08.918] [PSS] [error] [25408|35848]streaming_driver_interface_impl.cpp:332 NotifyClientConnectResult: connect to service failed, Network Error, this= 0x1aad0eb02e0
[2025-04-22 22:12:08.918] [PSS] [error] [25408|36744]transport_client_tcp3.cpp:129 HandleConnect: connected error= 由于目标计算机积极拒绝，无法连接。, this= 0x1aa6b0440a0
[2025-04-22 22:13:08.410] [PSS] [debug] [25408|6424]streaming_driver_interface_impl.cpp:19 StreamingDriverInterfaceImpl: callback= 0x1a8e86d67d0, this= 0x1aa3f4a4700
[2025-04-22 22:13:08.411] [PSS] [error] [25408|6424]streaming_driver_interface_impl.cpp:115 SetTrackingOrigin: streaming not started, this= 0x1aa3f4a4700
[2025-04-22 22:13:08.411] [PSS] [info] [25408|6424]streaming_driver_interface_impl.cpp:24 ConnectToService: connect to service, client_id= ZbsLqGi6xjJ7vphB, this= 0x1aa3f4a4700
[2025-04-22 22:13:08.411] [PSS] [info] [25408|6424]streaming_client_impl.cpp:25 ConnectToService: client_id= ZbsLqGi6xjJ7vphB, name= 3D Engine, desp= StreamingSceneRender, this= 0x1a755bad090
[2025-04-22 22:13:08.411] [PSS] [debug] [25408|33608]streaming_client_impl.cpp:137 InvokeConnectToService: connect to service through the network, port= 54000, this= 0x1a755bad090
[2025-04-22 22:13:08.411] [PSS] [debug] [25408|33608]transport_client_tcp3.cpp:34 Start: buffer size(send\recv): 2097152\2097152, this= 0x1aa6b046aa0
[2025-04-22 22:13:08.411] [PSS] [info] [25408|33608]transport_client_tcp3.cpp:59 Start: server= 127.0.0.1:54000, local=0.0.0.0:0, this= 0x1aa6b046aa0
[2025-04-22 22:13:10.469] [PSS] [info] [25408|27484]streaming_client_impl.cpp:62 NotifyConnectResult: network connect to service result= 10061, this= 0x1a755bad090
[2025-04-22 22:13:10.469] [PSS] [error] [25408|27484]streaming_client_impl.cpp:64 NotifyConnectResult: connect to service network error= 10061, this= 0x1a755bad090
[2025-04-22 22:13:10.469] [PSS] [error] [25408|27484]transport_client_tcp3.cpp:129 HandleConnect: connected error= 由于目标计算机积极拒绝，无法连接。, this= 0x1aa6b046aa0
[2025-04-22 22:13:10.469] [PSS] [error] [25408|33608]streaming_driver_interface_impl.cpp:332 NotifyClientConnectResult: connect to service failed, Network Error, this= 0x1aa3f4a4700
[2025-04-22 22:16:06.394] [PSS] [debug] [25408|6424]streaming_driver_interface_impl.cpp:19 StreamingDriverInterfaceImpl: callback= 0x1a8d9ba6fb0, this= 0x1a8eaec04c0
[2025-04-22 22:16:06.395] [PSS] [error] [25408|6424]streaming_driver_interface_impl.cpp:115 SetTrackingOrigin: streaming not started, this= 0x1a8eaec04c0
[2025-04-22 22:16:06.395] [PSS] [info] [25408|6424]streaming_driver_interface_impl.cpp:24 ConnectToService: connect to service, client_id= fRCW9aIcGpCfhofA, this= 0x1a8eaec04c0
[2025-04-22 22:16:06.395] [PSS] [info] [25408|6424]streaming_client_impl.cpp:25 ConnectToService: client_id= fRCW9aIcGpCfhofA, name= 3D Engine, desp= StreamingSceneRender, this= 0x1a8e79e0a20
[2025-04-22 22:16:06.395] [PSS] [debug] [25408|4916]streaming_client_impl.cpp:137 InvokeConnectToService: connect to service through the network, port= 54000, this= 0x1a8e79e0a20
[2025-04-22 22:16:06.395] [PSS] [debug] [25408|4916]transport_client_tcp3.cpp:34 Start: buffer size(send\recv): 2097152\2097152, this= 0x1aa6b046560
[2025-04-22 22:16:06.395] [PSS] [info] [25408|4916]transport_client_tcp3.cpp:59 Start: server= 127.0.0.1:54000, local=0.0.0.0:0, this= 0x1aa6b046560
[2025-04-22 22:16:08.427] [PSS] [info] [25408|18380]streaming_client_impl.cpp:62 NotifyConnectResult: network connect to service result= 10061, this= 0x1a8e79e0a20
[2025-04-22 22:16:08.427] [PSS] [error] [25408|18380]streaming_client_impl.cpp:64 NotifyConnectResult: connect to service network error= 10061, this= 0x1a8e79e0a20
[2025-04-22 22:16:08.427] [PSS] [error] [25408|18380]transport_client_tcp3.cpp:129 HandleConnect: connected error= 由于目标计算机积极拒绝，无法连接。, this= 0x1aa6b046560
[2025-04-22 22:16:08.427] [PSS] [error] [25408|4916]streaming_driver_interface_impl.cpp:332 NotifyClientConnectResult: connect to service failed, Network Error, this= 0x1a8eaec04c0
[2025-04-22 22:16:27.690] [PSS] [debug] [25408|6424]streaming_driver_interface_impl.cpp:19 StreamingDriverInterfaceImpl: callback= 0x1a8d91ba530, this= 0x1a8d75ba040
[2025-04-22 22:16:27.691] [PSS] [error] [25408|6424]streaming_driver_interface_impl.cpp:115 SetTrackingOrigin: streaming not started, this= 0x1a8d75ba040
[2025-04-22 22:16:27.691] [PSS] [info] [25408|6424]streaming_driver_interface_impl.cpp:24 ConnectToService: connect to service, client_id= mcbFVZWvou7nrDSY, this= 0x1a8d75ba040
[2025-04-22 22:16:27.691] [PSS] [info] [25408|6424]streaming_client_impl.cpp:25 ConnectToService: client_id= mcbFVZWvou7nrDSY, name= 3D Engine, desp= StreamingSceneRender, this= 0x1a8e523d4e0
[2025-04-22 22:16:27.691] [PSS] [debug] [25408|28716]streaming_client_impl.cpp:137 InvokeConnectToService: connect to service through the network, port= 54000, this= 0x1a8e523d4e0
[2025-04-22 22:16:27.691] [PSS] [debug] [25408|28716]transport_client_tcp3.cpp:34 Start: buffer size(send\recv): 2097152\2097152, this= 0x1aa6b047280
[2025-04-22 22:16:27.691] [PSS] [info] [25408|28716]transport_client_tcp3.cpp:59 Start: server= 127.0.0.1:54000, local=0.0.0.0:0, this= 0x1aa6b047280
[2025-04-22 22:16:29.728] [PSS] [info] [25408|1628]streaming_client_impl.cpp:62 NotifyConnectResult: network connect to service result= 10061, this= 0x1a8e523d4e0
[2025-04-22 22:16:29.728] [PSS] [error] [25408|1628]streaming_client_impl.cpp:64 NotifyConnectResult: connect to service network error= 10061, this= 0x1a8e523d4e0
[2025-04-22 22:16:29.728] [PSS] [error] [25408|1628]transport_client_tcp3.cpp:129 HandleConnect: connected error= 由于目标计算机积极拒绝，无法连接。, this= 0x1aa6b047280
[2025-04-22 22:16:29.728] [PSS] [error] [25408|28716]streaming_driver_interface_impl.cpp:332 NotifyClientConnectResult: connect to service failed, Network Error, this= 0x1a8d75ba040
[2025-04-22 22:17:48.696] [PSS] [debug] [25408|6424]streaming_driver_interface_impl.cpp:19 StreamingDriverInterfaceImpl: callback= 0x1aa1cefdf50, this= 0x1a8e650eb50
[2025-04-22 22:17:48.696] [PSS] [error] [25408|6424]streaming_driver_interface_impl.cpp:115 SetTrackingOrigin: streaming not started, this= 0x1a8e650eb50
[2025-04-22 22:17:48.696] [PSS] [info] [25408|6424]streaming_driver_interface_impl.cpp:24 ConnectToService: connect to service, client_id= nYmN6nWY2YIxFKiW, this= 0x1a8e650eb50
[2025-04-22 22:17:48.696] [PSS] [info] [25408|6424]streaming_client_impl.cpp:25 ConnectToService: client_id= nYmN6nWY2YIxFKiW, name= 3D Engine, desp= StreamingSceneRender, this= 0x1aa3ee15b20
[2025-04-22 22:17:48.697] [PSS] [debug] [25408|24468]streaming_client_impl.cpp:137 InvokeConnectToService: connect to service through the network, port= 54000, this= 0x1aa3ee15b20
[2025-04-22 22:17:48.697] [PSS] [debug] [25408|24468]transport_client_tcp3.cpp:34 Start: buffer size(send\recv): 2097152\2097152, this= 0x1aa6b044340
[2025-04-22 22:17:48.697] [PSS] [info] [25408|24468]transport_client_tcp3.cpp:59 Start: server= 127.0.0.1:54000, local=0.0.0.0:0, this= 0x1aa6b044340
[2025-04-22 22:17:50.740] [PSS] [info] [25408|17268]streaming_client_impl.cpp:62 NotifyConnectResult: network connect to service result= 10061, this= 0x1aa3ee15b20
[2025-04-22 22:17:50.740] [PSS] [error] [25408|17268]streaming_client_impl.cpp:64 NotifyConnectResult: connect to service network error= 10061, this= 0x1aa3ee15b20
[2025-04-22 22:17:50.740] [PSS] [error] [25408|17268]transport_client_tcp3.cpp:129 HandleConnect: connected error= 由于目标计算机积极拒绝，无法连接。, this= 0x1aa6b044340
[2025-04-22 22:17:50.740] [PSS] [error] [25408|24468]streaming_driver_interface_impl.cpp:332 NotifyClientConnectResult: connect to service failed, Network Error, this= 0x1a8e650eb50
[2025-04-22 22:34:52.219] [PSS] [debug] [25408|6424]streaming_driver_interface_impl.cpp:19 StreamingDriverInterfaceImpl: callback= 0x1aa1cf6dd10, this= 0x1aad0eb02e0
[2025-04-22 22:34:52.219] [PSS] [error] [25408|6424]streaming_driver_interface_impl.cpp:115 SetTrackingOrigin: streaming not started, this= 0x1aad0eb02e0
[2025-04-22 22:34:52.219] [PSS] [info] [25408|6424]streaming_driver_interface_impl.cpp:24 ConnectToService: connect to service, client_id= eMBoNmMLhW9IGtn4, this= 0x1aad0eb02e0
[2025-04-22 22:34:52.219] [PSS] [info] [25408|6424]streaming_client_impl.cpp:25 ConnectToService: client_id= eMBoNmMLhW9IGtn4, name= 3D Engine, desp= StreamingSceneRender, this= 0x1a8e8497790
[2025-04-22 22:34:52.219] [PSS] [debug] [25408|23356]streaming_client_impl.cpp:137 InvokeConnectToService: connect to service through the network, port= 54000, this= 0x1a8e8497790
[2025-04-22 22:34:52.219] [PSS] [debug] [25408|23356]transport_client_tcp3.cpp:34 Start: buffer size(send\recv): 2097152\2097152, this= 0x1aa6b0445e0
[2025-04-22 22:34:52.219] [PSS] [info] [25408|23356]transport_client_tcp3.cpp:59 Start: server= 127.0.0.1:54000, local=0.0.0.0:0, this= 0x1aa6b0445e0
[2025-04-22 22:34:54.247] [PSS] [info] [25408|8132]streaming_client_impl.cpp:62 NotifyConnectResult: network connect to service result= 10061, this= 0x1a8e8497790
[2025-04-22 22:34:54.247] [PSS] [error] [25408|8132]streaming_client_impl.cpp:64 NotifyConnectResult: connect to service network error= 10061, this= 0x1a8e8497790
[2025-04-22 22:34:54.247] [PSS] [error] [25408|23356]streaming_driver_interface_impl.cpp:332 NotifyClientConnectResult: connect to service failed, Network Error, this= 0x1aad0eb02e0
[2025-04-22 22:34:54.247] [PSS] [error] [25408|8132]transport_client_tcp3.cpp:129 HandleConnect: connected error= 由于目标计算机积极拒绝，无法连接。, this= 0x1aa6b0445e0
[2025-04-22 22:36:16.823] [PSS] [debug] [25408|6424]streaming_driver_interface_impl.cpp:19 StreamingDriverInterfaceImpl: callback= 0x1aa6a7aad50, this= 0x1aad1624480
[2025-04-22 22:36:16.823] [PSS] [error] [25408|6424]streaming_driver_interface_impl.cpp:115 SetTrackingOrigin: streaming not started, this= 0x1aad1624480
[2025-04-22 22:36:16.823] [PSS] [info] [25408|6424]streaming_driver_interface_impl.cpp:24 ConnectToService: connect to service, client_id= jxMBKdbCStvLk1z6, this= 0x1aad1624480
[2025-04-22 22:36:16.823] [PSS] [info] [25408|6424]streaming_client_impl.cpp:25 ConnectToService: client_id= jxMBKdbCStvLk1z6, name= 3D Engine, desp= StreamingSceneRender, this= 0x1aa3e5247f0
[2025-04-22 22:36:16.823] [PSS] [debug] [25408|16188]streaming_client_impl.cpp:137 InvokeConnectToService: connect to service through the network, port= 54000, this= 0x1aa3e5247f0
[2025-04-22 22:36:16.823] [PSS] [debug] [25408|16188]transport_client_tcp3.cpp:34 Start: buffer size(send\recv): 2097152\2097152, this= 0x1aa6b046020
[2025-04-22 22:36:16.823] [PSS] [info] [25408|16188]transport_client_tcp3.cpp:59 Start: server= 127.0.0.1:54000, local=0.0.0.0:0, this= 0x1aa6b046020
[2025-04-22 22:36:18.849] [PSS] [info] [25408|31152]streaming_client_impl.cpp:62 NotifyConnectResult: network connect to service result= 10061, this= 0x1aa3e5247f0
[2025-04-22 22:36:18.849] [PSS] [error] [25408|31152]streaming_client_impl.cpp:64 NotifyConnectResult: connect to service network error= 10061, this= 0x1aa3e5247f0
[2025-04-22 22:36:18.849] [PSS] [error] [25408|31152]transport_client_tcp3.cpp:129 HandleConnect: connected error= 由于目标计算机积极拒绝，无法连接。, this= 0x1aa6b046020
[2025-04-22 22:36:18.849] [PSS] [error] [25408|16188]streaming_driver_interface_impl.cpp:332 NotifyClientConnectResult: connect to service failed, Network Error, this= 0x1aad1624480
[2025-04-23 00:08:52.732] [PSS] [info] ***********  Log Begin **********
[2025-04-23 00:08:52.732] [PSS] [info] process id= 20332
[2025-04-23 00:08:52.732] [PSS] [debug] [20332|10548]streaming_driver_interface_impl.cpp:19 StreamingDriverInterfaceImpl: callback= 0x1f5b689e6b0, this= 0x1f4b34ebc40
[2025-04-23 00:08:52.732] [PSS] [error] [20332|10548]streaming_driver_interface_impl.cpp:115 SetTrackingOrigin: streaming not started, this= 0x1f4b34ebc40
[2025-04-23 00:08:52.732] [PSS] [info] [20332|10548]streaming_driver_interface_impl.cpp:24 ConnectToService: connect to service, client_id= xGmDvwPCxexpX2oK, this= 0x1f4b34ebc40
[2025-04-23 00:08:52.732] [PSS] [info] [20332|10548]streaming_client_impl.cpp:25 ConnectToService: client_id= xGmDvwPCxexpX2oK, name= 3D Engine, desp= StreamingSceneRender, this= 0x1f5ef706400
[2025-04-23 00:08:52.732] [PSS] [debug] [20332|17412]streaming_client_impl.cpp:137 InvokeConnectToService: connect to service through the network, port= 54000, this= 0x1f5ef706400
[2025-04-23 00:08:52.733] [PSS] [debug] [20332|17412]transport_client_tcp3.cpp:34 Start: buffer size(send\recv): 2097152\2097152, this= 0x1f4d4f56560
[2025-04-23 00:08:52.733] [PSS] [info] [20332|17412]transport_client_tcp3.cpp:59 Start: server= 127.0.0.1:54000, local=0.0.0.0:0, this= 0x1f4d4f56560
[2025-04-23 00:08:54.765] [PSS] [info] [20332|3976]streaming_client_impl.cpp:62 NotifyConnectResult: network connect to service result= 10061, this= 0x1f5ef706400
[2025-04-23 00:08:54.765] [PSS] [error] [20332|3976]streaming_client_impl.cpp:64 NotifyConnectResult: connect to service network error= 10061, this= 0x1f5ef706400
[2025-04-23 00:08:54.765] [PSS] [error] [20332|17412]streaming_driver_interface_impl.cpp:332 NotifyClientConnectResult: connect to service failed, Network Error, this= 0x1f4b34ebc40
[2025-04-23 00:08:54.765] [PSS] [error] [20332|3976]transport_client_tcp3.cpp:129 HandleConnect: connected error= 由于目标计算机积极拒绝，无法连接。, this= 0x1f4d4f56560
[2025-04-23 00:26:27.529] [PSS] [debug] [20332|10548]streaming_driver_interface_impl.cpp:19 StreamingDriverInterfaceImpl: callback= 0x1f5cd76acf0, this= 0x1f4b2fd4f10
[2025-04-23 00:26:27.530] [PSS] [error] [20332|10548]streaming_driver_interface_impl.cpp:115 SetTrackingOrigin: streaming not started, this= 0x1f4b2fd4f10
[2025-04-23 00:26:27.530] [PSS] [info] [20332|10548]streaming_driver_interface_impl.cpp:24 ConnectToService: connect to service, client_id= WFeVQ4yGziLq4tlS, this= 0x1f4b2fd4f10
[2025-04-23 00:26:27.530] [PSS] [info] [20332|10548]streaming_client_impl.cpp:25 ConnectToService: client_id= WFeVQ4yGziLq4tlS, name= 3D Engine, desp= StreamingSceneRender, this= 0x1f4f80a23c0
[2025-04-23 00:26:27.530] [PSS] [debug] [20332|17908]streaming_client_impl.cpp:137 InvokeConnectToService: connect to service through the network, port= 54000, this= 0x1f4f80a23c0
[2025-04-23 00:26:27.531] [PSS] [debug] [20332|17908]transport_client_tcp3.cpp:34 Start: buffer size(send\recv): 2097152\2097152, this= 0x1f4d4f56800
[2025-04-23 00:26:27.531] [PSS] [info] [20332|17908]transport_client_tcp3.cpp:59 Start: server= 127.0.0.1:54000, local=0.0.0.0:0, this= 0x1f4d4f56800
[2025-04-23 00:26:29.580] [PSS] [info] [20332|35092]streaming_client_impl.cpp:62 NotifyConnectResult: network connect to service result= 10061, this= 0x1f4f80a23c0
[2025-04-23 00:26:29.580] [PSS] [error] [20332|35092]streaming_client_impl.cpp:64 NotifyConnectResult: connect to service network error= 10061, this= 0x1f4f80a23c0
[2025-04-23 00:26:29.580] [PSS] [error] [20332|35092]transport_client_tcp3.cpp:129 HandleConnect: connected error= 由于目标计算机积极拒绝，无法连接。, this= 0x1f4d4f56800
[2025-04-23 00:26:29.580] [PSS] [error] [20332|17908]streaming_driver_interface_impl.cpp:332 NotifyClientConnectResult: connect to service failed, Network Error, this= 0x1f4b2fd4f10
[2025-04-23 00:38:40.066] [PSS] [debug] [20332|10548]streaming_driver_interface_impl.cpp:19 StreamingDriverInterfaceImpl: callback= 0x1f2a0144290, this= 0x1f4b2e09040
[2025-04-23 00:38:40.067] [PSS] [error] [20332|10548]streaming_driver_interface_impl.cpp:115 SetTrackingOrigin: streaming not started, this= 0x1f4b2e09040
[2025-04-23 00:38:40.067] [PSS] [info] [20332|10548]streaming_driver_interface_impl.cpp:24 ConnectToService: connect to service, client_id= 4zjr4v6BixERlagT, this= 0x1f4b2e09040
[2025-04-23 00:38:40.067] [PSS] [info] [20332|10548]streaming_client_impl.cpp:25 ConnectToService: client_id= 4zjr4v6BixERlagT, name= 3D Engine, desp= StreamingSceneRender, this= 0x1f5b5b50fe0
[2025-04-23 00:38:40.067] [PSS] [debug] [20332|20964]streaming_client_impl.cpp:137 InvokeConnectToService: connect to service through the network, port= 54000, this= 0x1f5b5b50fe0
[2025-04-23 00:38:40.067] [PSS] [debug] [20332|20964]transport_client_tcp3.cpp:34 Start: buffer size(send\recv): 2097152\2097152, this= 0x1f4d4f56aa0
[2025-04-23 00:38:40.067] [PSS] [info] [20332|20964]transport_client_tcp3.cpp:59 Start: server= 127.0.0.1:54000, local=0.0.0.0:0, this= 0x1f4d4f56aa0
[2025-04-23 00:38:42.119] [PSS] [info] [20332|10776]streaming_client_impl.cpp:62 NotifyConnectResult: network connect to service result= 10061, this= 0x1f5b5b50fe0
[2025-04-23 00:38:42.119] [PSS] [error] [20332|10776]streaming_client_impl.cpp:64 NotifyConnectResult: connect to service network error= 10061, this= 0x1f5b5b50fe0
[2025-04-23 00:38:42.119] [PSS] [error] [20332|10776]transport_client_tcp3.cpp:129 HandleConnect: connected error= 由于目标计算机积极拒绝，无法连接。, this= 0x1f4d4f56aa0
[2025-04-23 00:38:42.119] [PSS] [error] [20332|20964]streaming_driver_interface_impl.cpp:332 NotifyClientConnectResult: connect to service failed, Network Error, this= 0x1f4b2e09040
[2025-04-23 00:39:00.429] [PSS] [debug] [20332|10548]streaming_driver_interface_impl.cpp:19 StreamingDriverInterfaceImpl: callback= 0x1f5660bc1d0, this= 0x1f5d978dba0
[2025-04-23 00:39:00.430] [PSS] [error] [20332|10548]streaming_driver_interface_impl.cpp:115 SetTrackingOrigin: streaming not started, this= 0x1f5d978dba0
[2025-04-23 00:39:00.430] [PSS] [info] [20332|10548]streaming_driver_interface_impl.cpp:24 ConnectToService: connect to service, client_id= rpxtYuyH1CCJBume, this= 0x1f5d978dba0
[2025-04-23 00:39:00.430] [PSS] [info] [20332|10548]streaming_client_impl.cpp:25 ConnectToService: client_id= rpxtYuyH1CCJBume, name= 3D Engine, desp= StreamingSceneRender, this= 0x1f520ee4e10
[2025-04-23 00:39:00.430] [PSS] [debug] [20332|5868]streaming_client_impl.cpp:137 InvokeConnectToService: connect to service through the network, port= 54000, this= 0x1f520ee4e10
[2025-04-23 00:39:00.430] [PSS] [debug] [20332|5868]transport_client_tcp3.cpp:34 Start: buffer size(send\recv): 2097152\2097152, this= 0x1f4d4f56560
[2025-04-23 00:39:00.430] [PSS] [info] [20332|5868]transport_client_tcp3.cpp:59 Start: server= 127.0.0.1:54000, local=0.0.0.0:0, this= 0x1f4d4f56560
[2025-04-23 00:39:02.474] [PSS] [info] [20332|23580]streaming_client_impl.cpp:62 NotifyConnectResult: network connect to service result= 10061, this= 0x1f520ee4e10
[2025-04-23 00:39:02.474] [PSS] [error] [20332|23580]streaming_client_impl.cpp:64 NotifyConnectResult: connect to service network error= 10061, this= 0x1f520ee4e10
[2025-04-23 00:39:02.474] [PSS] [error] [20332|23580]transport_client_tcp3.cpp:129 HandleConnect: connected error= 由于目标计算机积极拒绝，无法连接。, this= 0x1f4d4f56560
[2025-04-23 00:39:02.474] [PSS] [error] [20332|5868]streaming_driver_interface_impl.cpp:332 NotifyClientConnectResult: connect to service failed, Network Error, this= 0x1f5d978dba0
[2025-04-23 00:42:55.733] [PSS] [debug] [20332|10548]streaming_driver_interface_impl.cpp:19 StreamingDriverInterfaceImpl: callback= 0x1f5cdca10a0, this= 0x1f4b2e09040
[2025-04-23 00:42:55.733] [PSS] [error] [20332|10548]streaming_driver_interface_impl.cpp:115 SetTrackingOrigin: streaming not started, this= 0x1f4b2e09040
[2025-04-23 00:42:55.733] [PSS] [info] [20332|10548]streaming_driver_interface_impl.cpp:24 ConnectToService: connect to service, client_id= 7zdPVfeVERfmJEPU, this= 0x1f4b2e09040
[2025-04-23 00:42:55.733] [PSS] [info] [20332|10548]streaming_client_impl.cpp:25 ConnectToService: client_id= 7zdPVfeVERfmJEPU, name= 3D Engine, desp= StreamingSceneRender, this= 0x1f4f7c40430
[2025-04-23 00:42:55.733] [PSS] [debug] [20332|34008]streaming_client_impl.cpp:137 InvokeConnectToService: connect to service through the network, port= 54000, this= 0x1f4f7c40430
[2025-04-23 00:42:55.733] [PSS] [debug] [20332|34008]transport_client_tcp3.cpp:34 Start: buffer size(send\recv): 2097152\2097152, this= 0x1f4d4f56fe0
[2025-04-23 00:42:55.733] [PSS] [info] [20332|34008]transport_client_tcp3.cpp:59 Start: server= 127.0.0.1:54000, local=0.0.0.0:0, this= 0x1f4d4f56fe0
[2025-04-23 00:42:57.767] [PSS] [info] [20332|9444]streaming_client_impl.cpp:62 NotifyConnectResult: network connect to service result= 10061, this= 0x1f4f7c40430
[2025-04-23 00:42:57.767] [PSS] [error] [20332|9444]streaming_client_impl.cpp:64 NotifyConnectResult: connect to service network error= 10061, this= 0x1f4f7c40430
[2025-04-23 00:42:57.767] [PSS] [error] [20332|34008]streaming_driver_interface_impl.cpp:332 NotifyClientConnectResult: connect to service failed, Network Error, this= 0x1f4b2e09040
[2025-04-23 00:42:57.767] [PSS] [error] [20332|9444]transport_client_tcp3.cpp:129 HandleConnect: connected error= 由于目标计算机积极拒绝，无法连接。, this= 0x1f4d4f56fe0
[2025-04-23 00:47:33.611] [PSS] [debug] [20332|10548]streaming_driver_interface_impl.cpp:19 StreamingDriverInterfaceImpl: callback= 0x1f565577560, this= 0x1f5d978dba0
[2025-04-23 00:47:33.611] [PSS] [error] [20332|10548]streaming_driver_interface_impl.cpp:115 SetTrackingOrigin: streaming not started, this= 0x1f5d978dba0
[2025-04-23 00:47:33.611] [PSS] [info] [20332|10548]streaming_driver_interface_impl.cpp:24 ConnectToService: connect to service, client_id= IsvtWMRi4nsuVCbN, this= 0x1f5d978dba0
[2025-04-23 00:47:33.611] [PSS] [info] [20332|10548]streaming_client_impl.cpp:25 ConnectToService: client_id= IsvtWMRi4nsuVCbN, name= 3D Engine, desp= StreamingSceneRender, this= 0x1f4f809e950
[2025-04-23 00:47:33.611] [PSS] [debug] [20332|34696]streaming_client_impl.cpp:137 InvokeConnectToService: connect to service through the network, port= 54000, this= 0x1f4f809e950
[2025-04-23 00:47:33.611] [PSS] [debug] [20332|34696]transport_client_tcp3.cpp:34 Start: buffer size(send\recv): 2097152\2097152, this= 0x1f4d4f562c0
[2025-04-23 00:47:33.611] [PSS] [info] [20332|34696]transport_client_tcp3.cpp:59 Start: server= 127.0.0.1:54000, local=0.0.0.0:0, this= 0x1f4d4f562c0
[2025-04-23 00:47:35.653] [PSS] [info] [20332|12052]streaming_client_impl.cpp:62 NotifyConnectResult: network connect to service result= 10061, this= 0x1f4f809e950
[2025-04-23 00:47:35.653] [PSS] [error] [20332|12052]streaming_client_impl.cpp:64 NotifyConnectResult: connect to service network error= 10061, this= 0x1f4f809e950
[2025-04-23 00:47:35.653] [PSS] [error] [20332|34696]streaming_driver_interface_impl.cpp:332 NotifyClientConnectResult: connect to service failed, Network Error, this= 0x1f5d978dba0
[2025-04-23 00:47:35.653] [PSS] [error] [20332|12052]transport_client_tcp3.cpp:129 HandleConnect: connected error= 由于目标计算机积极拒绝，无法连接。, this= 0x1f4d4f562c0
[2025-04-23 00:49:34.886] [PSS] [debug] [20332|10548]streaming_driver_interface_impl.cpp:19 StreamingDriverInterfaceImpl: callback= 0x1f4b3483d20, this= 0x1f4b2e09040
[2025-04-23 00:49:34.886] [PSS] [error] [20332|10548]streaming_driver_interface_impl.cpp:115 SetTrackingOrigin: streaming not started, this= 0x1f4b2e09040
[2025-04-23 00:49:34.886] [PSS] [info] [20332|10548]streaming_driver_interface_impl.cpp:24 ConnectToService: connect to service, client_id= p8xowFmTQHPxsxc4, this= 0x1f4b2e09040
[2025-04-23 00:49:34.886] [PSS] [info] [20332|10548]streaming_client_impl.cpp:25 ConnectToService: client_id= p8xowFmTQHPxsxc4, name= 3D Engine, desp= StreamingSceneRender, this= 0x1f5da95f2b0
[2025-04-23 00:49:34.886] [PSS] [debug] [20332|23060]streaming_client_impl.cpp:137 InvokeConnectToService: connect to service through the network, port= 54000, this= 0x1f5da95f2b0
[2025-04-23 00:49:34.886] [PSS] [debug] [20332|23060]transport_client_tcp3.cpp:34 Start: buffer size(send\recv): 2097152\2097152, this= 0x1f4d4f57520
[2025-04-23 00:49:34.886] [PSS] [info] [20332|23060]transport_client_tcp3.cpp:59 Start: server= 127.0.0.1:54000, local=0.0.0.0:0, this= 0x1f4d4f57520
[2025-04-23 00:49:36.927] [PSS] [info] [20332|3124]streaming_client_impl.cpp:62 NotifyConnectResult: network connect to service result= 10061, this= 0x1f5da95f2b0
[2025-04-23 00:49:36.927] [PSS] [error] [20332|3124]streaming_client_impl.cpp:64 NotifyConnectResult: connect to service network error= 10061, this= 0x1f5da95f2b0
[2025-04-23 00:49:36.927] [PSS] [error] [20332|23060]streaming_driver_interface_impl.cpp:332 NotifyClientConnectResult: connect to service failed, Network Error, this= 0x1f4b2e09040
[2025-04-23 00:49:36.927] [PSS] [error] [20332|3124]transport_client_tcp3.cpp:129 HandleConnect: connected error= 由于目标计算机积极拒绝，无法连接。, this= 0x1f4d4f57520
[2025-04-23 00:50:07.599] [PSS] [debug] [20332|10548]streaming_driver_interface_impl.cpp:19 StreamingDriverInterfaceImpl: callback= 0x1f5d9ab4040, this= 0x1f5d978dba0
[2025-04-23 00:50:07.600] [PSS] [error] [20332|10548]streaming_driver_interface_impl.cpp:115 SetTrackingOrigin: streaming not started, this= 0x1f5d978dba0
[2025-04-23 00:50:07.600] [PSS] [info] [20332|10548]streaming_driver_interface_impl.cpp:24 ConnectToService: connect to service, client_id= bEEWSwYzO3LeCVsI, this= 0x1f5d978dba0
[2025-04-23 00:50:07.600] [PSS] [info] [20332|10548]streaming_client_impl.cpp:25 ConnectToService: client_id= bEEWSwYzO3LeCVsI, name= 3D Engine, desp= StreamingSceneRender, this= 0x1f5b63f7a80
[2025-04-23 00:50:07.600] [PSS] [debug] [20332|32184]streaming_client_impl.cpp:137 InvokeConnectToService: connect to service through the network, port= 54000, this= 0x1f5b63f7a80
[2025-04-23 00:50:07.600] [PSS] [debug] [20332|32184]transport_client_tcp3.cpp:34 Start: buffer size(send\recv): 2097152\2097152, this= 0x1f4d4f562c0
[2025-04-23 00:50:07.600] [PSS] [info] [20332|32184]transport_client_tcp3.cpp:59 Start: server= 127.0.0.1:54000, local=0.0.0.0:0, this= 0x1f4d4f562c0
[2025-04-23 00:50:09.632] [PSS] [info] [20332|31060]streaming_client_impl.cpp:62 NotifyConnectResult: network connect to service result= 10061, this= 0x1f5b63f7a80
[2025-04-23 00:50:09.633] [PSS] [error] [20332|31060]streaming_client_impl.cpp:64 NotifyConnectResult: connect to service network error= 10061, this= 0x1f5b63f7a80
[2025-04-23 00:50:09.633] [PSS] [error] [20332|32184]streaming_driver_interface_impl.cpp:332 NotifyClientConnectResult: connect to service failed, Network Error, this= 0x1f5d978dba0
[2025-04-23 00:50:09.633] [PSS] [error] [20332|31060]transport_client_tcp3.cpp:129 HandleConnect: connected error= 由于目标计算机积极拒绝，无法连接。, this= 0x1f4d4f562c0
[2025-04-23 00:50:23.321] [PSS] [debug] [20332|10548]streaming_driver_interface_impl.cpp:19 StreamingDriverInterfaceImpl: callback= 0x1f520b82f00, this= 0x1f4b2e09040
[2025-04-23 00:50:23.321] [PSS] [error] [20332|10548]streaming_driver_interface_impl.cpp:115 SetTrackingOrigin: streaming not started, this= 0x1f4b2e09040
[2025-04-23 00:50:23.321] [PSS] [info] [20332|10548]streaming_driver_interface_impl.cpp:24 ConnectToService: connect to service, client_id= BmKHg3N7efGzMN86, this= 0x1f4b2e09040
[2025-04-23 00:50:23.321] [PSS] [info] [20332|10548]streaming_client_impl.cpp:25 ConnectToService: client_id= BmKHg3N7efGzMN86, name= 3D Engine, desp= StreamingSceneRender, this= 0x1f5eed30300
[2025-04-23 00:50:23.321] [PSS] [debug] [20332|32912]streaming_client_impl.cpp:137 InvokeConnectToService: connect to service through the network, port= 54000, this= 0x1f5eed30300
[2025-04-23 00:50:23.322] [PSS] [debug] [20332|32912]transport_client_tcp3.cpp:34 Start: buffer size(send\recv): 2097152\2097152, this= 0x1f4d4f56800
[2025-04-23 00:50:23.322] [PSS] [info] [20332|32912]transport_client_tcp3.cpp:59 Start: server= 127.0.0.1:54000, local=0.0.0.0:0, this= 0x1f4d4f56800
[2025-04-23 00:50:25.365] [PSS] [info] [20332|16604]streaming_client_impl.cpp:62 NotifyConnectResult: network connect to service result= 10061, this= 0x1f5eed30300
[2025-04-23 00:50:25.365] [PSS] [error] [20332|16604]streaming_client_impl.cpp:64 NotifyConnectResult: connect to service network error= 10061, this= 0x1f5eed30300
[2025-04-23 00:50:25.365] [PSS] [error] [20332|32912]streaming_driver_interface_impl.cpp:332 NotifyClientConnectResult: connect to service failed, Network Error, this= 0x1f4b2e09040
[2025-04-23 00:50:25.365] [PSS] [error] [20332|16604]transport_client_tcp3.cpp:129 HandleConnect: connected error= 由于目标计算机积极拒绝，无法连接。, this= 0x1f4d4f56800
[2025-04-23 00:50:36.567] [PSS] [debug] [20332|10548]streaming_driver_interface_impl.cpp:19 StreamingDriverInterfaceImpl: callback= 0x1f5e8291620, this= 0x1f5d978dba0
[2025-04-23 00:50:36.567] [PSS] [error] [20332|10548]streaming_driver_interface_impl.cpp:115 SetTrackingOrigin: streaming not started, this= 0x1f5d978dba0
[2025-04-23 00:50:36.567] [PSS] [info] [20332|10548]streaming_driver_interface_impl.cpp:24 ConnectToService: connect to service, client_id= hBnPa3BppOO9vSR9, this= 0x1f5d978dba0
[2025-04-23 00:50:36.567] [PSS] [info] [20332|10548]streaming_client_impl.cpp:25 ConnectToService: client_id= hBnPa3BppOO9vSR9, name= 3D Engine, desp= StreamingSceneRender, this= 0x1f5213e1060
[2025-04-23 00:50:36.567] [PSS] [debug] [20332|34356]streaming_client_impl.cpp:137 InvokeConnectToService: connect to service through the network, port= 54000, this= 0x1f5213e1060
[2025-04-23 00:50:36.567] [PSS] [debug] [20332|34356]transport_client_tcp3.cpp:34 Start: buffer size(send\recv): 2097152\2097152, this= 0x1f4d4f562c0
[2025-04-23 00:50:36.567] [PSS] [info] [20332|34356]transport_client_tcp3.cpp:59 Start: server= 127.0.0.1:54000, local=0.0.0.0:0, this= 0x1f4d4f562c0
[2025-04-23 00:50:38.593] [PSS] [info] [20332|33372]streaming_client_impl.cpp:62 NotifyConnectResult: network connect to service result= 10061, this= 0x1f5213e1060
[2025-04-23 00:50:38.593] [PSS] [error] [20332|33372]streaming_client_impl.cpp:64 NotifyConnectResult: connect to service network error= 10061, this= 0x1f5213e1060
[2025-04-23 00:50:38.593] [PSS] [error] [20332|34356]streaming_driver_interface_impl.cpp:332 NotifyClientConnectResult: connect to service failed, Network Error, this= 0x1f5d978dba0
[2025-04-23 00:50:38.593] [PSS] [error] [20332|33372]transport_client_tcp3.cpp:129 HandleConnect: connected error= 由于目标计算机积极拒绝，无法连接。, this= 0x1f4d4f562c0
[2025-04-23 00:51:47.358] [PSS] [debug] [20332|10548]streaming_driver_interface_impl.cpp:19 StreamingDriverInterfaceImpl: callback= 0x1f5f96b88e0, this= 0x1f4b2e09040
[2025-04-23 00:51:47.358] [PSS] [error] [20332|10548]streaming_driver_interface_impl.cpp:115 SetTrackingOrigin: streaming not started, this= 0x1f4b2e09040
[2025-04-23 00:51:47.358] [PSS] [info] [20332|10548]streaming_driver_interface_impl.cpp:24 ConnectToService: connect to service, client_id= GOwQOSZ2mdXaymZj, this= 0x1f4b2e09040
[2025-04-23 00:51:47.358] [PSS] [info] [20332|10548]streaming_client_impl.cpp:25 ConnectToService: client_id= GOwQOSZ2mdXaymZj, name= 3D Engine, desp= StreamingSceneRender, this= 0x1f5b75a6cb0
[2025-04-23 00:51:47.358] [PSS] [debug] [20332|29452]streaming_client_impl.cpp:137 InvokeConnectToService: connect to service through the network, port= 54000, this= 0x1f5b75a6cb0
[2025-04-23 00:51:47.359] [PSS] [debug] [20332|29452]transport_client_tcp3.cpp:34 Start: buffer size(send\recv): 2097152\2097152, this= 0x1f4d4f56aa0
[2025-04-23 00:51:47.359] [PSS] [info] [20332|29452]transport_client_tcp3.cpp:59 Start: server= 127.0.0.1:54000, local=0.0.0.0:0, this= 0x1f4d4f56aa0
[2025-04-23 00:51:49.396] [PSS] [info] [20332|35180]streaming_client_impl.cpp:62 NotifyConnectResult: network connect to service result= 10061, this= 0x1f5b75a6cb0
[2025-04-23 00:51:49.396] [PSS] [error] [20332|35180]streaming_client_impl.cpp:64 NotifyConnectResult: connect to service network error= 10061, this= 0x1f5b75a6cb0
[2025-04-23 00:51:49.396] [PSS] [error] [20332|29452]streaming_driver_interface_impl.cpp:332 NotifyClientConnectResult: connect to service failed, Network Error, this= 0x1f4b2e09040
[2025-04-23 00:51:49.396] [PSS] [error] [20332|35180]transport_client_tcp3.cpp:129 HandleConnect: connected error= 由于目标计算机积极拒绝，无法连接。, this= 0x1f4d4f56aa0
[2025-04-23 00:52:10.349] [PSS] [debug] [20332|10548]streaming_driver_interface_impl.cpp:19 StreamingDriverInterfaceImpl: callback= 0x1f5671f0e30, this= 0x1f2a0c41bb0
[2025-04-23 00:52:10.350] [PSS] [error] [20332|10548]streaming_driver_interface_impl.cpp:115 SetTrackingOrigin: streaming not started, this= 0x1f2a0c41bb0
[2025-04-23 00:52:10.350] [PSS] [info] [20332|10548]streaming_driver_interface_impl.cpp:24 ConnectToService: connect to service, client_id= UUKim582Ax2LFPWE, this= 0x1f2a0c41bb0
[2025-04-23 00:52:10.350] [PSS] [info] [20332|10548]streaming_client_impl.cpp:25 ConnectToService: client_id= UUKim582Ax2LFPWE, name= 3D Engine, desp= StreamingSceneRender, this= 0x1f5211993f0
[2025-04-23 00:52:10.350] [PSS] [debug] [20332|15860]streaming_client_impl.cpp:137 InvokeConnectToService: connect to service through the network, port= 54000, this= 0x1f5211993f0
[2025-04-23 00:52:10.350] [PSS] [debug] [20332|15860]transport_client_tcp3.cpp:34 Start: buffer size(send\recv): 2097152\2097152, this= 0x1f4d4f56800
[2025-04-23 00:52:10.350] [PSS] [info] [20332|15860]transport_client_tcp3.cpp:59 Start: server= 127.0.0.1:54000, local=0.0.0.0:0, this= 0x1f4d4f56800
[2025-04-23 00:52:12.366] [PSS] [info] [20332|37184]streaming_client_impl.cpp:62 NotifyConnectResult: network connect to service result= 10061, this= 0x1f5211993f0
[2025-04-23 00:52:12.366] [PSS] [error] [20332|37184]streaming_client_impl.cpp:64 NotifyConnectResult: connect to service network error= 10061, this= 0x1f5211993f0
[2025-04-23 00:52:12.366] [PSS] [error] [20332|37184]transport_client_tcp3.cpp:129 HandleConnect: connected error= 由于目标计算机积极拒绝，无法连接。, this= 0x1f4d4f56800
[2025-04-23 00:52:12.366] [PSS] [error] [20332|15860]streaming_driver_interface_impl.cpp:332 NotifyClientConnectResult: connect to service failed, Network Error, this= 0x1f2a0c41bb0
[2025-04-23 00:52:41.754] [PSS] [debug] [20332|10548]streaming_driver_interface_impl.cpp:19 StreamingDriverInterfaceImpl: callback= 0x1f5f96b1180, this= 0x1f4b2e09040
[2025-04-23 00:52:41.754] [PSS] [error] [20332|10548]streaming_driver_interface_impl.cpp:115 SetTrackingOrigin: streaming not started, this= 0x1f4b2e09040
[2025-04-23 00:52:41.754] [PSS] [info] [20332|10548]streaming_driver_interface_impl.cpp:24 ConnectToService: connect to service, client_id= lQJ1CD7hjRHDyJSh, this= 0x1f4b2e09040
[2025-04-23 00:52:41.754] [PSS] [info] [20332|10548]streaming_client_impl.cpp:25 ConnectToService: client_id= lQJ1CD7hjRHDyJSh, name= 3D Engine, desp= StreamingSceneRender, this= 0x1f5b75a5000
[2025-04-23 00:52:41.755] [PSS] [debug] [20332|8108]streaming_client_impl.cpp:137 InvokeConnectToService: connect to service through the network, port= 54000, this= 0x1f5b75a5000
[2025-04-23 00:52:41.755] [PSS] [debug] [20332|8108]transport_client_tcp3.cpp:34 Start: buffer size(send\recv): 2097152\2097152, this= 0x1f4d4f56aa0
[2025-04-23 00:52:41.755] [PSS] [info] [20332|8108]transport_client_tcp3.cpp:59 Start: server= 127.0.0.1:54000, local=0.0.0.0:0, this= 0x1f4d4f56aa0
[2025-04-23 00:52:43.780] [PSS] [info] [20332|33640]streaming_client_impl.cpp:62 NotifyConnectResult: network connect to service result= 10061, this= 0x1f5b75a5000
[2025-04-23 00:52:43.780] [PSS] [error] [20332|33640]streaming_client_impl.cpp:64 NotifyConnectResult: connect to service network error= 10061, this= 0x1f5b75a5000
[2025-04-23 00:52:43.780] [PSS] [error] [20332|8108]streaming_driver_interface_impl.cpp:332 NotifyClientConnectResult: connect to service failed, Network Error, this= 0x1f4b2e09040
[2025-04-23 00:52:43.780] [PSS] [error] [20332|33640]transport_client_tcp3.cpp:129 HandleConnect: connected error= 由于目标计算机积极拒绝，无法连接。, this= 0x1f4d4f56aa0
[2025-04-23 00:52:57.728] [PSS] [debug] [20332|10548]streaming_driver_interface_impl.cpp:19 StreamingDriverInterfaceImpl: callback= 0x1f5eafc53d0, this= 0x1f2a0c41bb0
[2025-04-23 00:52:57.729] [PSS] [error] [20332|10548]streaming_driver_interface_impl.cpp:115 SetTrackingOrigin: streaming not started, this= 0x1f2a0c41bb0
[2025-04-23 00:52:57.729] [PSS] [info] [20332|10548]streaming_driver_interface_impl.cpp:24 ConnectToService: connect to service, client_id= yrmADDnhCVIHSDfg, this= 0x1f2a0c41bb0
[2025-04-23 00:52:57.729] [PSS] [info] [20332|10548]streaming_client_impl.cpp:25 ConnectToService: client_id= yrmADDnhCVIHSDfg, name= 3D Engine, desp= StreamingSceneRender, this= 0x1f5eed30c90
[2025-04-23 00:52:57.729] [PSS] [debug] [20332|39208]streaming_client_impl.cpp:137 InvokeConnectToService: connect to service through the network, port= 54000, this= 0x1f5eed30c90
[2025-04-23 00:52:57.729] [PSS] [debug] [20332|39208]transport_client_tcp3.cpp:34 Start: buffer size(send\recv): 2097152\2097152, this= 0x1f4d4f56fe0
[2025-04-23 00:52:57.729] [PSS] [info] [20332|39208]transport_client_tcp3.cpp:59 Start: server= 127.0.0.1:54000, local=0.0.0.0:0, this= 0x1f4d4f56fe0
[2025-04-23 00:52:59.770] [PSS] [info] [20332|29800]streaming_client_impl.cpp:62 NotifyConnectResult: network connect to service result= 10061, this= 0x1f5eed30c90
[2025-04-23 00:52:59.770] [PSS] [error] [20332|29800]streaming_client_impl.cpp:64 NotifyConnectResult: connect to service network error= 10061, this= 0x1f5eed30c90
[2025-04-23 00:52:59.770] [PSS] [error] [20332|39208]streaming_driver_interface_impl.cpp:332 NotifyClientConnectResult: connect to service failed, Network Error, this= 0x1f2a0c41bb0
[2025-04-23 00:52:59.770] [PSS] [error] [20332|29800]transport_client_tcp3.cpp:129 HandleConnect: connected error= 由于目标计算机积极拒绝，无法连接。, this= 0x1f4d4f56fe0
[2025-04-23 00:53:30.238] [PSS] [debug] [20332|10548]streaming_driver_interface_impl.cpp:19 StreamingDriverInterfaceImpl: callback= 0x1f4d58df840, this= 0x1f4b2e09040
[2025-04-23 00:53:30.239] [PSS] [error] [20332|10548]streaming_driver_interface_impl.cpp:115 SetTrackingOrigin: streaming not started, this= 0x1f4b2e09040
[2025-04-23 00:53:30.239] [PSS] [info] [20332|10548]streaming_driver_interface_impl.cpp:24 ConnectToService: connect to service, client_id= MIkWTobeOTtLhS98, this= 0x1f4b2e09040
[2025-04-23 00:53:30.239] [PSS] [info] [20332|10548]streaming_client_impl.cpp:25 ConnectToService: client_id= MIkWTobeOTtLhS98, name= 3D Engine, desp= StreamingSceneRender, this= 0x1f5b7997180
[2025-04-23 00:53:30.239] [PSS] [debug] [20332|34372]streaming_client_impl.cpp:137 InvokeConnectToService: connect to service through the network, port= 54000, this= 0x1f5b7997180
[2025-04-23 00:53:30.239] [PSS] [debug] [20332|34372]transport_client_tcp3.cpp:34 Start: buffer size(send\recv): 2097152\2097152, this= 0x1f4d4f56800
[2025-04-23 00:53:30.239] [PSS] [info] [20332|34372]transport_client_tcp3.cpp:59 Start: server= 127.0.0.1:54000, local=0.0.0.0:0, this= 0x1f4d4f56800
[2025-04-23 00:53:32.290] [PSS] [info] [20332|14584]streaming_client_impl.cpp:62 NotifyConnectResult: network connect to service result= 10061, this= 0x1f5b7997180
[2025-04-23 00:53:32.290] [PSS] [error] [20332|14584]streaming_client_impl.cpp:64 NotifyConnectResult: connect to service network error= 10061, this= 0x1f5b7997180
[2025-04-23 00:53:32.290] [PSS] [error] [20332|34372]streaming_driver_interface_impl.cpp:332 NotifyClientConnectResult: connect to service failed, Network Error, this= 0x1f4b2e09040
[2025-04-23 00:53:32.290] [PSS] [error] [20332|14584]transport_client_tcp3.cpp:129 HandleConnect: connected error= 由于目标计算机积极拒绝，无法连接。, this= 0x1f4d4f56800
[2025-04-23 00:58:15.523] [PSS] [debug] [20332|10548]streaming_driver_interface_impl.cpp:19 StreamingDriverInterfaceImpl: callback= 0x1f520b62d40, this= 0x1f4d4e1b450
[2025-04-23 00:58:15.523] [PSS] [error] [20332|10548]streaming_driver_interface_impl.cpp:115 SetTrackingOrigin: streaming not started, this= 0x1f4d4e1b450
[2025-04-23 00:58:15.523] [PSS] [info] [20332|10548]streaming_driver_interface_impl.cpp:24 ConnectToService: connect to service, client_id= 9QtcTUSNcegAFSqC, this= 0x1f4d4e1b450
[2025-04-23 00:58:15.523] [PSS] [info] [20332|10548]streaming_client_impl.cpp:25 ConnectToService: client_id= 9QtcTUSNcegAFSqC, name= 3D Engine, desp= StreamingSceneRender, this= 0x1f521199940
[2025-04-23 00:58:15.523] [PSS] [debug] [20332|17084]streaming_client_impl.cpp:137 InvokeConnectToService: connect to service through the network, port= 54000, this= 0x1f521199940
[2025-04-23 00:58:15.523] [PSS] [debug] [20332|17084]transport_client_tcp3.cpp:34 Start: buffer size(send\recv): 2097152\2097152, this= 0x1f4d4f57280
[2025-04-23 00:58:15.523] [PSS] [info] [20332|17084]transport_client_tcp3.cpp:59 Start: server= 127.0.0.1:54000, local=0.0.0.0:0, this= 0x1f4d4f57280
[2025-04-23 00:58:17.576] [PSS] [info] [20332|7840]streaming_client_impl.cpp:62 NotifyConnectResult: network connect to service result= 10061, this= 0x1f521199940
[2025-04-23 00:58:17.576] [PSS] [error] [20332|7840]streaming_client_impl.cpp:64 NotifyConnectResult: connect to service network error= 10061, this= 0x1f521199940
[2025-04-23 00:58:17.576] [PSS] [error] [20332|17084]streaming_driver_interface_impl.cpp:332 NotifyClientConnectResult: connect to service failed, Network Error, this= 0x1f4d4e1b450
[2025-04-23 00:58:17.576] [PSS] [error] [20332|7840]transport_client_tcp3.cpp:129 HandleConnect: connected error= 由于目标计算机积极拒绝，无法连接。, this= 0x1f4d4f57280
[2025-04-23 00:58:28.181] [PSS] [debug] [20332|10548]streaming_driver_interface_impl.cpp:19 StreamingDriverInterfaceImpl: callback= 0x1f5f96af510, this= 0x1f4b2e09040
[2025-04-23 00:58:28.181] [PSS] [error] [20332|10548]streaming_driver_interface_impl.cpp:115 SetTrackingOrigin: streaming not started, this= 0x1f4b2e09040
[2025-04-23 00:58:28.181] [PSS] [info] [20332|10548]streaming_driver_interface_impl.cpp:24 ConnectToService: connect to service, client_id= pY3bHinLtgPZaYmn, this= 0x1f4b2e09040
[2025-04-23 00:58:28.181] [PSS] [info] [20332|10548]streaming_client_impl.cpp:25 ConnectToService: client_id= pY3bHinLtgPZaYmn, name= 3D Engine, desp= StreamingSceneRender, this= 0x1f5b75a6210
[2025-04-23 00:58:28.181] [PSS] [debug] [20332|31040]streaming_client_impl.cpp:137 InvokeConnectToService: connect to service through the network, port= 54000, this= 0x1f5b75a6210
[2025-04-23 00:58:28.181] [PSS] [debug] [20332|31040]transport_client_tcp3.cpp:34 Start: buffer size(send\recv): 2097152\2097152, this= 0x1f4d4f56800
[2025-04-23 00:58:28.181] [PSS] [info] [20332|31040]transport_client_tcp3.cpp:59 Start: server= 127.0.0.1:54000, local=0.0.0.0:0, this= 0x1f4d4f56800
[2025-04-23 00:58:30.209] [PSS] [info] [20332|29212]streaming_client_impl.cpp:62 NotifyConnectResult: network connect to service result= 10061, this= 0x1f5b75a6210
[2025-04-23 00:58:30.210] [PSS] [error] [20332|29212]streaming_client_impl.cpp:64 NotifyConnectResult: connect to service network error= 10061, this= 0x1f5b75a6210
[2025-04-23 00:58:30.210] [PSS] [error] [20332|31040]streaming_driver_interface_impl.cpp:332 NotifyClientConnectResult: connect to service failed, Network Error, this= 0x1f4b2e09040
[2025-04-23 00:58:30.210] [PSS] [error] [20332|29212]transport_client_tcp3.cpp:129 HandleConnect: connected error= 由于目标计算机积极拒绝，无法连接。, this= 0x1f4d4f56800
[2025-04-23 01:13:23.073] [PSS] [info] ***********  Log Begin **********
[2025-04-23 01:13:23.073] [PSS] [info] process id= 30064
[2025-04-23 01:13:23.073] [PSS] [debug] [30064|32348]streaming_driver_interface_impl.cpp:19 StreamingDriverInterfaceImpl: callback= 0x20b8017eae0, this= 0x20b88c0fca0
[2025-04-23 01:13:23.073] [PSS] [error] [30064|32348]streaming_driver_interface_impl.cpp:115 SetTrackingOrigin: streaming not started, this= 0x20b88c0fca0
[2025-04-23 01:13:23.073] [PSS] [info] [30064|32348]streaming_driver_interface_impl.cpp:24 ConnectToService: connect to service, client_id= A4uhCBoClqwajNS7, this= 0x20b88c0fca0
[2025-04-23 01:13:23.073] [PSS] [info] [30064|32348]streaming_client_impl.cpp:25 ConnectToService: client_id= A4uhCBoClqwajNS7, name= 3D Engine, desp= StreamingSceneRender, this= 0x20ed612e2a0
[2025-04-23 01:13:23.073] [PSS] [debug] [30064|23292]streaming_client_impl.cpp:137 InvokeConnectToService: connect to service through the network, port= 54000, this= 0x20ed612e2a0
[2025-04-23 01:13:23.073] [PSS] [debug] [30064|23292]transport_client_tcp3.cpp:34 Start: buffer size(send\recv): 2097152\2097152, this= 0x20ddc93e5c0
[2025-04-23 01:13:23.073] [PSS] [info] [30064|23292]transport_client_tcp3.cpp:59 Start: server= 127.0.0.1:54000, local=0.0.0.0:0, this= 0x20ddc93e5c0
[2025-04-23 01:13:25.113] [PSS] [info] [30064|32596]streaming_client_impl.cpp:62 NotifyConnectResult: network connect to service result= 10061, this= 0x20ed612e2a0
[2025-04-23 01:13:25.113] [PSS] [error] [30064|32596]streaming_client_impl.cpp:64 NotifyConnectResult: connect to service network error= 10061, this= 0x20ed612e2a0
[2025-04-23 01:13:25.113] [PSS] [error] [30064|23292]streaming_driver_interface_impl.cpp:332 NotifyClientConnectResult: connect to service failed, Network Error, this= 0x20b88c0fca0
[2025-04-23 01:13:25.113] [PSS] [error] [30064|32596]transport_client_tcp3.cpp:129 HandleConnect: connected error= 由于目标计算机积极拒绝，无法连接。, this= 0x20ddc93e5c0
[2025-04-24 01:12:52.070] [PSS] [info] ***********  Log Begin **********
[2025-04-24 01:12:52.070] [PSS] [info] process id= 27948
[2025-04-24 01:12:52.070] [PSS] [debug] [27948|14100]streaming_driver_interface_impl.cpp:19 StreamingDriverInterfaceImpl: callback= 0x2885d2ffbd0, this= 0x288929acc40
[2025-04-24 01:12:52.070] [PSS] [error] [27948|14100]streaming_driver_interface_impl.cpp:115 SetTrackingOrigin: streaming not started, this= 0x288929acc40
[2025-04-24 01:12:52.070] [PSS] [info] [27948|14100]streaming_driver_interface_impl.cpp:24 ConnectToService: connect to service, client_id= 9bDv4J5lGA9cD4PJ, this= 0x288929acc40
[2025-04-24 01:12:52.070] [PSS] [info] [27948|14100]streaming_client_impl.cpp:25 ConnectToService: client_id= 9bDv4J5lGA9cD4PJ, name= 3D Engine, desp= StreamingSceneRender, this= 0x287f21c5510
[2025-04-24 01:12:52.070] [PSS] [debug] [27948|4320]streaming_client_impl.cpp:137 InvokeConnectToService: connect to service through the network, port= 54000, this= 0x287f21c5510
[2025-04-24 01:12:52.071] [PSS] [debug] [27948|4320]transport_client_tcp3.cpp:34 Start: buffer size(send\recv): 2097152\2097152, this= 0x287e65bcd10
[2025-04-24 01:12:52.071] [PSS] [info] [27948|4320]transport_client_tcp3.cpp:59 Start: server= 127.0.0.1:54000, local=0.0.0.0:0, this= 0x287e65bcd10
[2025-04-24 01:12:54.101] [PSS] [info] [27948|24760]streaming_client_impl.cpp:62 NotifyConnectResult: network connect to service result= 10061, this= 0x287f21c5510
[2025-04-24 01:12:54.101] [PSS] [error] [27948|24760]streaming_client_impl.cpp:64 NotifyConnectResult: connect to service network error= 10061, this= 0x287f21c5510
[2025-04-24 01:12:54.101] [PSS] [error] [27948|4320]streaming_driver_interface_impl.cpp:332 NotifyClientConnectResult: connect to service failed, Network Error, this= 0x288929acc40
[2025-04-24 01:12:54.101] [PSS] [error] [27948|24760]transport_client_tcp3.cpp:129 HandleConnect: connected error= 由于目标计算机积极拒绝，无法连接。, this= 0x287e65bcd10
[2025-04-24 01:14:23.194] [PSS] [debug] [27948|14100]streaming_driver_interface_impl.cpp:19 StreamingDriverInterfaceImpl: callback= 0x287f0beff40, this= 0x287c390fca0
[2025-04-24 01:14:23.195] [PSS] [error] [27948|14100]streaming_driver_interface_impl.cpp:115 SetTrackingOrigin: streaming not started, this= 0x287c390fca0
[2025-04-24 01:14:23.195] [PSS] [info] [27948|14100]streaming_driver_interface_impl.cpp:24 ConnectToService: connect to service, client_id= HDkhc1xo9rkfUNE7, this= 0x287c390fca0
[2025-04-24 01:14:23.195] [PSS] [info] [27948|14100]streaming_client_impl.cpp:25 ConnectToService: client_id= HDkhc1xo9rkfUNE7, name= 3D Engine, desp= StreamingSceneRender, this= 0x287efe59760
[2025-04-24 01:14:23.195] [PSS] [debug] [27948|31496]streaming_client_impl.cpp:137 InvokeConnectToService: connect to service through the network, port= 54000, this= 0x287efe59760
[2025-04-24 01:14:23.195] [PSS] [debug] [27948|31496]transport_client_tcp3.cpp:34 Start: buffer size(send\recv): 2097152\2097152, this= 0x287e65bcfb0
[2025-04-24 01:14:23.195] [PSS] [info] [27948|31496]transport_client_tcp3.cpp:59 Start: server= 127.0.0.1:54000, local=0.0.0.0:0, this= 0x287e65bcfb0
[2025-04-24 01:14:25.243] [PSS] [info] [27948|36244]streaming_client_impl.cpp:62 NotifyConnectResult: network connect to service result= 10061, this= 0x287efe59760
[2025-04-24 01:14:25.243] [PSS] [error] [27948|36244]streaming_client_impl.cpp:64 NotifyConnectResult: connect to service network error= 10061, this= 0x287efe59760
[2025-04-24 01:14:25.243] [PSS] [error] [27948|31496]streaming_driver_interface_impl.cpp:332 NotifyClientConnectResult: connect to service failed, Network Error, this= 0x287c390fca0
[2025-04-24 01:14:25.243] [PSS] [error] [27948|36244]transport_client_tcp3.cpp:129 HandleConnect: connected error= 由于目标计算机积极拒绝，无法连接。, this= 0x287e65bcfb0
[2025-04-24 01:15:04.093] [PSS] [debug] [27948|14100]streaming_driver_interface_impl.cpp:19 StreamingDriverInterfaceImpl: callback= 0x288929a6a30, this= 0x288b690bba0
[2025-04-24 01:15:04.093] [PSS] [error] [27948|14100]streaming_driver_interface_impl.cpp:115 SetTrackingOrigin: streaming not started, this= 0x288b690bba0
[2025-04-24 01:15:04.093] [PSS] [info] [27948|14100]streaming_driver_interface_impl.cpp:24 ConnectToService: connect to service, client_id= nzJiBrT7yzCNfgcj, this= 0x288b690bba0
[2025-04-24 01:15:04.093] [PSS] [info] [27948|14100]streaming_client_impl.cpp:25 ConnectToService: client_id= nzJiBrT7yzCNfgcj, name= 3D Engine, desp= StreamingSceneRender, this= 0x287f04cd7f0
[2025-04-24 01:15:04.094] [PSS] [debug] [27948|23028]streaming_client_impl.cpp:137 InvokeConnectToService: connect to service through the network, port= 54000, this= 0x287f04cd7f0
[2025-04-24 01:15:04.094] [PSS] [debug] [27948|23028]transport_client_tcp3.cpp:34 Start: buffer size(send\recv): 2097152\2097152, this= 0x287e65bd790
[2025-04-24 01:15:04.094] [PSS] [info] [27948|23028]transport_client_tcp3.cpp:59 Start: server= 127.0.0.1:54000, local=0.0.0.0:0, this= 0x287e65bd790
[2025-04-24 01:15:06.136] [PSS] [info] [27948|35128]streaming_client_impl.cpp:62 NotifyConnectResult: network connect to service result= 10061, this= 0x287f04cd7f0
[2025-04-24 01:15:06.136] [PSS] [error] [27948|35128]streaming_client_impl.cpp:64 NotifyConnectResult: connect to service network error= 10061, this= 0x287f04cd7f0
[2025-04-24 01:15:06.136] [PSS] [error] [27948|23028]streaming_driver_interface_impl.cpp:332 NotifyClientConnectResult: connect to service failed, Network Error, this= 0x288b690bba0
[2025-04-24 01:15:06.136] [PSS] [error] [27948|35128]transport_client_tcp3.cpp:129 HandleConnect: connected error= 由于目标计算机积极拒绝，无法连接。, this= 0x287e65bd790
[2025-04-24 01:15:19.270] [PSS] [debug] [27948|14100]streaming_driver_interface_impl.cpp:19 StreamingDriverInterfaceImpl: callback= 0x2885c980460, this= 0x2885e750f20
[2025-04-24 01:15:19.270] [PSS] [error] [27948|14100]streaming_driver_interface_impl.cpp:115 SetTrackingOrigin: streaming not started, this= 0x2885e750f20
[2025-04-24 01:15:19.270] [PSS] [info] [27948|14100]streaming_driver_interface_impl.cpp:24 ConnectToService: connect to service, client_id= lKxgTlh7AFTmjzXe, this= 0x2885e750f20
[2025-04-24 01:15:19.270] [PSS] [info] [27948|14100]streaming_client_impl.cpp:25 ConnectToService: client_id= lKxgTlh7AFTmjzXe, name= 3D Engine, desp= StreamingSceneRender, this= 0x288b2034220
[2025-04-24 01:15:19.270] [PSS] [debug] [27948|20048]streaming_client_impl.cpp:137 InvokeConnectToService: connect to service through the network, port= 54000, this= 0x288b2034220
[2025-04-24 01:15:19.270] [PSS] [debug] [27948|20048]transport_client_tcp3.cpp:34 Start: buffer size(send\recv): 2097152\2097152, this= 0x287e65bda30
[2025-04-24 01:15:19.270] [PSS] [info] [27948|20048]transport_client_tcp3.cpp:59 Start: server= 127.0.0.1:54000, local=0.0.0.0:0, this= 0x287e65bda30
[2025-04-24 01:15:21.308] [PSS] [info] [27948|35444]streaming_client_impl.cpp:62 NotifyConnectResult: network connect to service result= 10061, this= 0x288b2034220
[2025-04-24 01:15:21.308] [PSS] [error] [27948|35444]streaming_client_impl.cpp:64 NotifyConnectResult: connect to service network error= 10061, this= 0x288b2034220
[2025-04-24 01:15:21.308] [PSS] [error] [27948|20048]streaming_driver_interface_impl.cpp:332 NotifyClientConnectResult: connect to service failed, Network Error, this= 0x2885e750f20
[2025-04-24 01:15:21.308] [PSS] [error] [27948|35444]transport_client_tcp3.cpp:129 HandleConnect: connected error= 由于目标计算机积极拒绝，无法连接。, this= 0x287e65bda30
[2025-04-24 01:15:35.169] [PSS] [debug] [27948|14100]streaming_driver_interface_impl.cpp:19 StreamingDriverInterfaceImpl: callback= 0x288b6306e10, this= 0x288b690bba0
[2025-04-24 01:15:35.170] [PSS] [error] [27948|14100]streaming_driver_interface_impl.cpp:115 SetTrackingOrigin: streaming not started, this= 0x288b690bba0
[2025-04-24 01:15:35.170] [PSS] [info] [27948|14100]streaming_driver_interface_impl.cpp:24 ConnectToService: connect to service, client_id= sX3vm4thNRLjZo7O, this= 0x288b690bba0
[2025-04-24 01:15:35.170] [PSS] [info] [27948|14100]streaming_client_impl.cpp:25 ConnectToService: client_id= sX3vm4thNRLjZo7O, name= 3D Engine, desp= StreamingSceneRender, this= 0x287f13698f0
[2025-04-24 01:15:35.170] [PSS] [debug] [27948|8232]streaming_client_impl.cpp:137 InvokeConnectToService: connect to service through the network, port= 54000, this= 0x287f13698f0
[2025-04-24 01:15:35.170] [PSS] [debug] [27948|8232]transport_client_tcp3.cpp:34 Start: buffer size(send\recv): 2097152\2097152, this= 0x287e65bcd10
[2025-04-24 01:15:35.170] [PSS] [info] [27948|8232]transport_client_tcp3.cpp:59 Start: server= 127.0.0.1:54000, local=0.0.0.0:0, this= 0x287e65bcd10
[2025-04-24 01:15:37.200] [PSS] [info] [27948|19956]streaming_client_impl.cpp:62 NotifyConnectResult: network connect to service result= 10061, this= 0x287f13698f0
[2025-04-24 01:15:37.200] [PSS] [error] [27948|19956]streaming_client_impl.cpp:64 NotifyConnectResult: connect to service network error= 10061, this= 0x287f13698f0
[2025-04-24 01:15:37.200] [PSS] [error] [27948|8232]streaming_driver_interface_impl.cpp:332 NotifyClientConnectResult: connect to service failed, Network Error, this= 0x288b690bba0
[2025-04-24 01:15:37.200] [PSS] [error] [27948|19956]transport_client_tcp3.cpp:129 HandleConnect: connected error= 由于目标计算机积极拒绝，无法连接。, this= 0x287e65bcd10
[2025-04-24 01:17:25.957] [PSS] [debug] [27948|14100]streaming_driver_interface_impl.cpp:19 StreamingDriverInterfaceImpl: callback= 0x288b8691e40, this= 0x2885e750f20
[2025-04-24 01:17:25.957] [PSS] [error] [27948|14100]streaming_driver_interface_impl.cpp:115 SetTrackingOrigin: streaming not started, this= 0x2885e750f20
[2025-04-24 01:17:25.957] [PSS] [info] [27948|14100]streaming_driver_interface_impl.cpp:24 ConnectToService: connect to service, client_id= RKTNvwDAzCzSI3UJ, this= 0x2885e750f20
[2025-04-24 01:17:25.957] [PSS] [info] [27948|14100]streaming_client_impl.cpp:25 ConnectToService: client_id= RKTNvwDAzCzSI3UJ, name= 3D Engine, desp= StreamingSceneRender, this= 0x28882ff2ce0
[2025-04-24 01:17:25.958] [PSS] [debug] [27948|14480]streaming_client_impl.cpp:137 InvokeConnectToService: connect to service through the network, port= 54000, this= 0x28882ff2ce0
[2025-04-24 01:17:25.958] [PSS] [debug] [27948|14480]transport_client_tcp3.cpp:34 Start: buffer size(send\recv): 2097152\2097152, this= 0x287e65bcfb0
[2025-04-24 01:17:25.958] [PSS] [info] [27948|14480]transport_client_tcp3.cpp:59 Start: server= 127.0.0.1:54000, local=0.0.0.0:0, this= 0x287e65bcfb0
[2025-04-24 01:17:27.991] [PSS] [info] [27948|19268]streaming_client_impl.cpp:62 NotifyConnectResult: network connect to service result= 10061, this= 0x28882ff2ce0
[2025-04-24 01:17:27.991] [PSS] [error] [27948|19268]streaming_client_impl.cpp:64 NotifyConnectResult: connect to service network error= 10061, this= 0x28882ff2ce0
[2025-04-24 01:17:27.991] [PSS] [error] [27948|14480]streaming_driver_interface_impl.cpp:332 NotifyClientConnectResult: connect to service failed, Network Error, this= 0x2885e750f20
[2025-04-24 01:17:27.991] [PSS] [error] [27948|19268]transport_client_tcp3.cpp:129 HandleConnect: connected error= 由于目标计算机积极拒绝，无法连接。, this= 0x287e65bcfb0
[2025-04-24 01:21:10.899] [PSS] [debug] [27948|14100]streaming_driver_interface_impl.cpp:19 StreamingDriverInterfaceImpl: callback= 0x28897702a90, this= 0x288ae108740
[2025-04-24 01:21:10.900] [PSS] [error] [27948|14100]streaming_driver_interface_impl.cpp:115 SetTrackingOrigin: streaming not started, this= 0x288ae108740
[2025-04-24 01:21:10.900] [PSS] [info] [27948|14100]streaming_driver_interface_impl.cpp:24 ConnectToService: connect to service, client_id= nnkI5QplZFez8EfL, this= 0x288ae108740
[2025-04-24 01:21:10.900] [PSS] [info] [27948|14100]streaming_client_impl.cpp:25 ConnectToService: client_id= nnkI5QplZFez8EfL, name= 3D Engine, desp= StreamingSceneRender, this= 0x288adc661a0
[2025-04-24 01:21:10.900] [PSS] [debug] [27948|18252]streaming_client_impl.cpp:137 InvokeConnectToService: connect to service through the network, port= 54000, this= 0x288adc661a0
[2025-04-24 01:21:10.900] [PSS] [debug] [27948|18252]transport_client_tcp3.cpp:34 Start: buffer size(send\recv): 2097152\2097152, this= 0x287e65bd4f0
[2025-04-24 01:21:10.900] [PSS] [info] [27948|18252]transport_client_tcp3.cpp:59 Start: server= 127.0.0.1:54000, local=0.0.0.0:0, this= 0x287e65bd4f0
[2025-04-24 01:21:12.951] [PSS] [info] [27948|32212]streaming_client_impl.cpp:62 NotifyConnectResult: network connect to service result= 10061, this= 0x288adc661a0
[2025-04-24 01:21:12.951] [PSS] [error] [27948|32212]streaming_client_impl.cpp:64 NotifyConnectResult: connect to service network error= 10061, this= 0x288adc661a0
[2025-04-24 01:21:12.951] [PSS] [error] [27948|18252]streaming_driver_interface_impl.cpp:332 NotifyClientConnectResult: connect to service failed, Network Error, this= 0x288ae108740
[2025-04-24 01:21:12.951] [PSS] [error] [27948|32212]transport_client_tcp3.cpp:129 HandleConnect: connected error= 由于目标计算机积极拒绝，无法连接。, this= 0x287e65bd4f0
[2025-04-24 10:09:48.478] [PSS] [info] ***********  Log Begin **********
[2025-04-24 10:09:48.478] [PSS] [info] process id= 22944
[2025-04-24 10:09:48.478] [PSS] [debug] [22944|30404]streaming_driver_interface_impl.cpp:19 StreamingDriverInterfaceImpl: callback= 0x2490beb1470, this= 0x248b8b26030
[2025-04-24 10:09:48.479] [PSS] [error] [22944|30404]streaming_driver_interface_impl.cpp:115 SetTrackingOrigin: streaming not started, this= 0x248b8b26030
[2025-04-24 10:09:48.479] [PSS] [info] [22944|30404]streaming_driver_interface_impl.cpp:24 ConnectToService: connect to service, client_id= FXBOElDJWkgKkeUi, this= 0x248b8b26030
[2025-04-24 10:09:48.479] [PSS] [info] [22944|30404]streaming_client_impl.cpp:25 ConnectToService: client_id= FXBOElDJWkgKkeUi, name= 3D Engine, desp= StreamingSceneRender, this= 0x249d42d1d70
[2025-04-24 10:09:48.479] [PSS] [debug] [22944|25652]streaming_client_impl.cpp:137 InvokeConnectToService: connect to service through the network, port= 54000, this= 0x249d42d1d70
[2025-04-24 10:09:48.480] [PSS] [debug] [22944|25652]transport_client_tcp3.cpp:34 Start: buffer size(send\recv): 2097152\2097152, this= 0x249d3789b20
[2025-04-24 10:09:48.480] [PSS] [info] [22944|25652]transport_client_tcp3.cpp:59 Start: server= 127.0.0.1:54000, local=0.0.0.0:0, this= 0x249d3789b20
[2025-04-24 10:09:50.535] [PSS] [info] [22944|30020]streaming_client_impl.cpp:62 NotifyConnectResult: network connect to service result= 10061, this= 0x249d42d1d70
[2025-04-24 10:09:50.535] [PSS] [error] [22944|30020]streaming_client_impl.cpp:64 NotifyConnectResult: connect to service network error= 10061, this= 0x249d42d1d70
[2025-04-24 10:09:50.535] [PSS] [error] [22944|25652]streaming_driver_interface_impl.cpp:332 NotifyClientConnectResult: connect to service failed, Network Error, this= 0x248b8b26030
[2025-04-24 10:09:50.535] [PSS] [error] [22944|30020]transport_client_tcp3.cpp:129 HandleConnect: connected error= 由于目标计算机积极拒绝，无法连接。, this= 0x249d3789b20
[2025-04-24 10:10:02.430] [PSS] [debug] [22944|30404]streaming_driver_interface_impl.cpp:19 StreamingDriverInterfaceImpl: callback= 0x248de04b120, this= 0x24a0190cc50
[2025-04-24 10:10:02.431] [PSS] [error] [22944|30404]streaming_driver_interface_impl.cpp:115 SetTrackingOrigin: streaming not started, this= 0x24a0190cc50
[2025-04-24 10:10:02.431] [PSS] [info] [22944|30404]streaming_driver_interface_impl.cpp:24 ConnectToService: connect to service, client_id= IqhbAVWBNxYh4OSX, this= 0x24a0190cc50
[2025-04-24 10:10:02.431] [PSS] [info] [22944|30404]streaming_client_impl.cpp:25 ConnectToService: client_id= IqhbAVWBNxYh4OSX, name= 3D Engine, desp= StreamingSceneRender, this= 0x249e039c490
[2025-04-24 10:10:02.431] [PSS] [debug] [22944|36416]streaming_client_impl.cpp:137 InvokeConnectToService: connect to service through the network, port= 54000, this= 0x249e039c490
[2025-04-24 10:10:02.431] [PSS] [debug] [22944|36416]transport_client_tcp3.cpp:34 Start: buffer size(send\recv): 2097152\2097152, this= 0x249d3788e00
[2025-04-24 10:10:02.431] [PSS] [info] [22944|36416]transport_client_tcp3.cpp:59 Start: server= 127.0.0.1:54000, local=0.0.0.0:0, this= 0x249d3788e00
[2025-04-24 10:10:04.481] [PSS] [info] [22944|8172]streaming_client_impl.cpp:62 NotifyConnectResult: network connect to service result= 10061, this= 0x249e039c490
[2025-04-24 10:10:04.481] [PSS] [error] [22944|8172]streaming_client_impl.cpp:64 NotifyConnectResult: connect to service network error= 10061, this= 0x249e039c490
[2025-04-24 10:10:04.481] [PSS] [error] [22944|8172]transport_client_tcp3.cpp:129 HandleConnect: connected error= 由于目标计算机积极拒绝，无法连接。, this= 0x249d3788e00
[2025-04-24 10:10:04.481] [PSS] [error] [22944|36416]streaming_driver_interface_impl.cpp:332 NotifyClientConnectResult: connect to service failed, Network Error, this= 0x24a0190cc50
[2025-04-24 10:10:31.645] [PSS] [debug] [22944|30404]streaming_driver_interface_impl.cpp:19 StreamingDriverInterfaceImpl: callback= 0x249017a2b20, this= 0x2490a668b50
[2025-04-24 10:10:31.645] [PSS] [error] [22944|30404]streaming_driver_interface_impl.cpp:115 SetTrackingOrigin: streaming not started, this= 0x2490a668b50
[2025-04-24 10:10:31.645] [PSS] [info] [22944|30404]streaming_driver_interface_impl.cpp:24 ConnectToService: connect to service, client_id= DxWLehzKXZrkaN8e, this= 0x2490a668b50
[2025-04-24 10:10:31.645] [PSS] [info] [22944|30404]streaming_client_impl.cpp:25 ConnectToService: client_id= DxWLehzKXZrkaN8e, name= 3D Engine, desp= StreamingSceneRender, this= 0x249d3e17920
[2025-04-24 10:10:31.645] [PSS] [debug] [22944|23656]streaming_client_impl.cpp:137 InvokeConnectToService: connect to service through the network, port= 54000, this= 0x249d3e17920
[2025-04-24 10:10:31.645] [PSS] [debug] [22944|23656]transport_client_tcp3.cpp:34 Start: buffer size(send\recv): 2097152\2097152, this= 0x249d37890a0
[2025-04-24 10:10:31.646] [PSS] [info] [22944|23656]transport_client_tcp3.cpp:59 Start: server= 127.0.0.1:54000, local=0.0.0.0:0, this= 0x249d37890a0
[2025-04-24 10:10:33.692] [PSS] [info] [22944|26568]streaming_client_impl.cpp:62 NotifyConnectResult: network connect to service result= 10061, this= 0x249d3e17920
[2025-04-24 10:10:33.692] [PSS] [error] [22944|26568]streaming_client_impl.cpp:64 NotifyConnectResult: connect to service network error= 10061, this= 0x249d3e17920
[2025-04-24 10:10:33.692] [PSS] [error] [22944|23656]streaming_driver_interface_impl.cpp:332 NotifyClientConnectResult: connect to service failed, Network Error, this= 0x2490a668b50
[2025-04-24 10:10:33.692] [PSS] [error] [22944|26568]transport_client_tcp3.cpp:129 HandleConnect: connected error= 由于目标计算机积极拒绝，无法连接。, this= 0x249d37890a0
[2025-04-24 10:10:55.041] [PSS] [debug] [22944|30404]streaming_driver_interface_impl.cpp:19 StreamingDriverInterfaceImpl: callback= 0x2492d6f7960, this= 0x249a12da690
[2025-04-24 10:10:55.041] [PSS] [error] [22944|30404]streaming_driver_interface_impl.cpp:115 SetTrackingOrigin: streaming not started, this= 0x249a12da690
[2025-04-24 10:10:55.041] [PSS] [info] [22944|30404]streaming_driver_interface_impl.cpp:24 ConnectToService: connect to service, client_id= xVLgJVEPcGqbIUup, this= 0x249a12da690
[2025-04-24 10:10:55.041] [PSS] [info] [22944|30404]streaming_client_impl.cpp:25 ConnectToService: client_id= xVLgJVEPcGqbIUup, name= 3D Engine, desp= StreamingSceneRender, this= 0x249e039bd20
[2025-04-24 10:10:55.041] [PSS] [debug] [22944|33968]streaming_client_impl.cpp:137 InvokeConnectToService: connect to service through the network, port= 54000, this= 0x249e039bd20
[2025-04-24 10:10:55.041] [PSS] [debug] [22944|33968]transport_client_tcp3.cpp:34 Start: buffer size(send\recv): 2097152\2097152, this= 0x249d37895e0
[2025-04-24 10:10:55.041] [PSS] [info] [22944|33968]transport_client_tcp3.cpp:59 Start: server= 127.0.0.1:54000, local=0.0.0.0:0, this= 0x249d37895e0
[2025-04-24 10:10:57.073] [PSS] [info] [22944|23108]streaming_client_impl.cpp:62 NotifyConnectResult: network connect to service result= 10061, this= 0x249e039bd20
[2025-04-24 10:10:57.073] [PSS] [error] [22944|23108]streaming_client_impl.cpp:64 NotifyConnectResult: connect to service network error= 10061, this= 0x249e039bd20
[2025-04-24 10:10:57.073] [PSS] [error] [22944|23108]transport_client_tcp3.cpp:129 HandleConnect: connected error= 由于目标计算机积极拒绝，无法连接。, this= 0x249d37895e0
[2025-04-24 10:10:57.073] [PSS] [error] [22944|33968]streaming_driver_interface_impl.cpp:332 NotifyClientConnectResult: connect to service failed, Network Error, this= 0x249a12da690
[2025-04-24 10:11:13.816] [PSS] [debug] [22944|30404]streaming_driver_interface_impl.cpp:19 StreamingDriverInterfaceImpl: callback= 0x249017a2210, this= 0x248b8b26030
[2025-04-24 10:11:13.817] [PSS] [error] [22944|30404]streaming_driver_interface_impl.cpp:115 SetTrackingOrigin: streaming not started, this= 0x248b8b26030
[2025-04-24 10:11:13.817] [PSS] [info] [22944|30404]streaming_driver_interface_impl.cpp:24 ConnectToService: connect to service, client_id= E3EpEpPPdU4kp3rw, this= 0x248b8b26030
[2025-04-24 10:11:13.817] [PSS] [info] [22944|30404]streaming_client_impl.cpp:25 ConnectToService: client_id= E3EpEpPPdU4kp3rw, name= 3D Engine, desp= StreamingSceneRender, this= 0x249d3e16e80
[2025-04-24 10:11:13.817] [PSS] [debug] [22944|14900]streaming_client_impl.cpp:137 InvokeConnectToService: connect to service through the network, port= 54000, this= 0x249d3e16e80
[2025-04-24 10:11:13.817] [PSS] [debug] [22944|14900]transport_client_tcp3.cpp:34 Start: buffer size(send\recv): 2097152\2097152, this= 0x249d378a300
[2025-04-24 10:11:13.817] [PSS] [info] [22944|14900]transport_client_tcp3.cpp:59 Start: server= 127.0.0.1:54000, local=0.0.0.0:0, this= 0x249d378a300
[2025-04-24 10:11:15.867] [PSS] [info] [22944|18864]streaming_client_impl.cpp:62 NotifyConnectResult: network connect to service result= 10061, this= 0x249d3e16e80
[2025-04-24 10:11:15.867] [PSS] [error] [22944|18864]streaming_client_impl.cpp:64 NotifyConnectResult: connect to service network error= 10061, this= 0x249d3e16e80
[2025-04-24 10:11:15.867] [PSS] [error] [22944|18864]transport_client_tcp3.cpp:129 HandleConnect: connected error= 由于目标计算机积极拒绝，无法连接。, this= 0x249d378a300
[2025-04-24 10:11:15.867] [PSS] [error] [22944|14900]streaming_driver_interface_impl.cpp:332 NotifyClientConnectResult: connect to service failed, Network Error, this= 0x248b8b26030
[2025-04-24 10:11:28.852] [PSS] [debug] [22944|30404]streaming_driver_interface_impl.cpp:19 StreamingDriverInterfaceImpl: callback= 0x249d3d56e80, this= 0x248bc17f490
[2025-04-24 10:11:28.853] [PSS] [error] [22944|30404]streaming_driver_interface_impl.cpp:115 SetTrackingOrigin: streaming not started, this= 0x248bc17f490
[2025-04-24 10:11:28.853] [PSS] [info] [22944|30404]streaming_driver_interface_impl.cpp:24 ConnectToService: connect to service, client_id= NO5fkgiWxZkkh3m1, this= 0x248bc17f490
[2025-04-24 10:11:28.853] [PSS] [info] [22944|30404]streaming_client_impl.cpp:25 ConnectToService: client_id= NO5fkgiWxZkkh3m1, name= 3D Engine, desp= StreamingSceneRender, this= 0x249d3e17e70
[2025-04-24 10:11:28.853] [PSS] [debug] [22944|40912]streaming_client_impl.cpp:137 InvokeConnectToService: connect to service through the network, port= 54000, this= 0x249d3e17e70
[2025-04-24 10:11:28.853] [PSS] [debug] [22944|40912]transport_client_tcp3.cpp:34 Start: buffer size(send\recv): 2097152\2097152, this= 0x249d37888c0
[2025-04-24 10:11:28.853] [PSS] [info] [22944|40912]transport_client_tcp3.cpp:59 Start: server= 127.0.0.1:54000, local=0.0.0.0:0, this= 0x249d37888c0
[2025-04-24 10:11:30.903] [PSS] [info] [22944|33700]streaming_client_impl.cpp:62 NotifyConnectResult: network connect to service result= 10061, this= 0x249d3e17e70
[2025-04-24 10:11:30.904] [PSS] [error] [22944|33700]streaming_client_impl.cpp:64 NotifyConnectResult: connect to service network error= 10061, this= 0x249d3e17e70
[2025-04-24 10:11:30.904] [PSS] [error] [22944|40912]streaming_driver_interface_impl.cpp:332 NotifyClientConnectResult: connect to service failed, Network Error, this= 0x248bc17f490
[2025-04-24 10:11:30.904] [PSS] [error] [22944|33700]transport_client_tcp3.cpp:129 HandleConnect: connected error= 由于目标计算机积极拒绝，无法连接。, this= 0x249d37888c0
[2025-04-24 10:11:45.194] [PSS] [debug] [22944|30404]streaming_driver_interface_impl.cpp:19 StreamingDriverInterfaceImpl: callback= 0x249c67e3840, this= 0x248bc17d080
[2025-04-24 10:11:45.194] [PSS] [error] [22944|30404]streaming_driver_interface_impl.cpp:115 SetTrackingOrigin: streaming not started, this= 0x248bc17d080
[2025-04-24 10:11:45.194] [PSS] [info] [22944|30404]streaming_driver_interface_impl.cpp:24 ConnectToService: connect to service, client_id= BRLW8pOaM2eCNi6X, this= 0x248bc17d080
[2025-04-24 10:11:45.194] [PSS] [info] [22944|30404]streaming_client_impl.cpp:25 ConnectToService: client_id= BRLW8pOaM2eCNi6X, name= 3D Engine, desp= StreamingSceneRender, this= 0x249a17469b0
[2025-04-24 10:11:45.194] [PSS] [debug] [22944|18228]streaming_client_impl.cpp:137 InvokeConnectToService: connect to service through the network, port= 54000, this= 0x249a17469b0
[2025-04-24 10:11:45.194] [PSS] [debug] [22944|18228]transport_client_tcp3.cpp:34 Start: buffer size(send\recv): 2097152\2097152, this= 0x249d378a060
[2025-04-24 10:11:45.194] [PSS] [info] [22944|18228]transport_client_tcp3.cpp:59 Start: server= 127.0.0.1:54000, local=0.0.0.0:0, this= 0x249d378a060
[2025-04-24 10:11:47.229] [PSS] [info] [22944|5908]streaming_client_impl.cpp:62 NotifyConnectResult: network connect to service result= 10061, this= 0x249a17469b0
[2025-04-24 10:11:47.229] [PSS] [error] [22944|5908]streaming_client_impl.cpp:64 NotifyConnectResult: connect to service network error= 10061, this= 0x249a17469b0
[2025-04-24 10:11:47.229] [PSS] [error] [22944|18228]streaming_driver_interface_impl.cpp:332 NotifyClientConnectResult: connect to service failed, Network Error, this= 0x248bc17d080
[2025-04-24 10:11:47.229] [PSS] [error] [22944|5908]transport_client_tcp3.cpp:129 HandleConnect: connected error= 由于目标计算机积极拒绝，无法连接。, this= 0x249d378a060
[2025-04-24 10:12:04.981] [PSS] [debug] [22944|30404]streaming_driver_interface_impl.cpp:19 StreamingDriverInterfaceImpl: callback= 0x249c6f999c0, this= 0x248bc1860c0
[2025-04-24 10:12:04.981] [PSS] [error] [22944|30404]streaming_driver_interface_impl.cpp:115 SetTrackingOrigin: streaming not started, this= 0x248bc1860c0
[2025-04-24 10:12:04.981] [PSS] [info] [22944|30404]streaming_driver_interface_impl.cpp:24 ConnectToService: connect to service, client_id= QJL7f4Wn1G1SihGV, this= 0x248bc1860c0
[2025-04-24 10:12:04.981] [PSS] [info] [22944|30404]streaming_client_impl.cpp:25 ConnectToService: client_id= QJL7f4Wn1G1SihGV, name= 3D Engine, desp= StreamingSceneRender, this= 0x248ded10610
[2025-04-24 10:12:04.981] [PSS] [debug] [22944|12384]streaming_client_impl.cpp:137 InvokeConnectToService: connect to service through the network, port= 54000, this= 0x248ded10610
[2025-04-24 10:12:04.982] [PSS] [debug] [22944|12384]transport_client_tcp3.cpp:34 Start: buffer size(send\recv): 2097152\2097152, this= 0x249d378a300
[2025-04-24 10:12:04.982] [PSS] [info] [22944|12384]transport_client_tcp3.cpp:59 Start: server= 127.0.0.1:54000, local=0.0.0.0:0, this= 0x249d378a300
[2025-04-24 10:12:07.014] [PSS] [info] [22944|17736]streaming_client_impl.cpp:62 NotifyConnectResult: network connect to service result= 10061, this= 0x248ded10610
[2025-04-24 10:12:07.014] [PSS] [error] [22944|17736]streaming_client_impl.cpp:64 NotifyConnectResult: connect to service network error= 10061, this= 0x248ded10610
[2025-04-24 10:12:07.014] [PSS] [error] [22944|12384]streaming_driver_interface_impl.cpp:332 NotifyClientConnectResult: connect to service failed, Network Error, this= 0x248bc1860c0
[2025-04-24 10:12:07.014] [PSS] [error] [22944|17736]transport_client_tcp3.cpp:129 HandleConnect: connected error= 由于目标计算机积极拒绝，无法连接。, this= 0x249d378a300
[2025-04-24 10:12:28.310] [PSS] [debug] [22944|30404]streaming_driver_interface_impl.cpp:19 StreamingDriverInterfaceImpl: callback= 0x249c6d27ea0, this= 0x248bc183cb0
[2025-04-24 10:12:28.311] [PSS] [error] [22944|30404]streaming_driver_interface_impl.cpp:115 SetTrackingOrigin: streaming not started, this= 0x248bc183cb0
[2025-04-24 10:12:28.311] [PSS] [info] [22944|30404]streaming_driver_interface_impl.cpp:24 ConnectToService: connect to service, client_id= FBqtkzsDpHz21wTE, this= 0x248bc183cb0
[2025-04-24 10:12:28.311] [PSS] [info] [22944|30404]streaming_client_impl.cpp:25 ConnectToService: client_id= FBqtkzsDpHz21wTE, name= 3D Engine, desp= StreamingSceneRender, this= 0x249012cbe40
[2025-04-24 10:12:28.311] [PSS] [debug] [22944|7244]streaming_client_impl.cpp:137 InvokeConnectToService: connect to service through the network, port= 54000, this= 0x249012cbe40
[2025-04-24 10:12:28.311] [PSS] [debug] [22944|7244]transport_client_tcp3.cpp:34 Start: buffer size(send\recv): 2097152\2097152, this= 0x249d3789340
[2025-04-24 10:12:28.311] [PSS] [info] [22944|7244]transport_client_tcp3.cpp:59 Start: server= 127.0.0.1:54000, local=0.0.0.0:0, this= 0x249d3789340
[2025-04-24 10:12:30.348] [PSS] [info] [22944|25376]streaming_client_impl.cpp:62 NotifyConnectResult: network connect to service result= 10061, this= 0x249012cbe40
[2025-04-24 10:12:30.348] [PSS] [error] [22944|25376]streaming_client_impl.cpp:64 NotifyConnectResult: connect to service network error= 10061, this= 0x249012cbe40
[2025-04-24 10:12:30.348] [PSS] [error] [22944|25376]transport_client_tcp3.cpp:129 HandleConnect: connected error= 由于目标计算机积极拒绝，无法连接。, this= 0x249d3789340
[2025-04-24 10:12:30.348] [PSS] [error] [22944|7244]streaming_driver_interface_impl.cpp:332 NotifyClientConnectResult: connect to service failed, Network Error, this= 0x248bc183cb0
[2025-04-24 10:13:53.769] [PSS] [debug] [22944|30404]streaming_driver_interface_impl.cpp:19 StreamingDriverInterfaceImpl: callback= 0x2487be6c7f0, this= 0x248bc17d080
[2025-04-24 10:13:53.770] [PSS] [error] [22944|30404]streaming_driver_interface_impl.cpp:115 SetTrackingOrigin: streaming not started, this= 0x248bc17d080
[2025-04-24 10:13:53.770] [PSS] [info] [22944|30404]streaming_driver_interface_impl.cpp:24 ConnectToService: connect to service, client_id= PapFhv9IqD8NvvKz, this= 0x248bc17d080
[2025-04-24 10:13:53.770] [PSS] [info] [22944|30404]streaming_client_impl.cpp:25 ConnectToService: client_id= PapFhv9IqD8NvvKz, name= 3D Engine, desp= StreamingSceneRender, this= 0x249df7f4c20
[2025-04-24 10:13:53.770] [PSS] [debug] [22944|35444]streaming_client_impl.cpp:137 InvokeConnectToService: connect to service through the network, port= 54000, this= 0x249df7f4c20
[2025-04-24 10:13:53.770] [PSS] [debug] [22944|35444]transport_client_tcp3.cpp:34 Start: buffer size(send\recv): 2097152\2097152, this= 0x249d378a5a0
[2025-04-24 10:13:53.770] [PSS] [info] [22944|35444]transport_client_tcp3.cpp:59 Start: server= 127.0.0.1:54000, local=0.0.0.0:0, this= 0x249d378a5a0
[2025-04-24 10:13:55.816] [PSS] [info] [22944|13796]streaming_client_impl.cpp:62 NotifyConnectResult: network connect to service result= 10061, this= 0x249df7f4c20
[2025-04-24 10:13:55.816] [PSS] [error] [22944|13796]streaming_client_impl.cpp:64 NotifyConnectResult: connect to service network error= 10061, this= 0x249df7f4c20
[2025-04-24 10:13:55.816] [PSS] [error] [22944|35444]streaming_driver_interface_impl.cpp:332 NotifyClientConnectResult: connect to service failed, Network Error, this= 0x248bc17d080
[2025-04-24 10:13:55.816] [PSS] [error] [22944|13796]transport_client_tcp3.cpp:129 HandleConnect: connected error= 由于目标计算机积极拒绝，无法连接。, this= 0x249d378a5a0
[2025-04-24 10:13:59.491] [PSS] [debug] [22944|30404]streaming_driver_interface_impl.cpp:19 StreamingDriverInterfaceImpl: callback= 0x249c6e72380, this= 0x248bc1818a0
[2025-04-24 10:13:59.492] [PSS] [error] [22944|30404]streaming_driver_interface_impl.cpp:115 SetTrackingOrigin: streaming not started, this= 0x248bc1818a0
[2025-04-24 10:13:59.492] [PSS] [info] [22944|30404]streaming_driver_interface_impl.cpp:24 ConnectToService: connect to service, client_id= LtLhZDmDK97G1Kof, this= 0x248bc1818a0
[2025-04-24 10:13:59.492] [PSS] [info] [22944|30404]streaming_client_impl.cpp:25 ConnectToService: client_id= LtLhZDmDK97G1Kof, name= 3D Engine, desp= StreamingSceneRender, this= 0x249d3e16e80
[2025-04-24 10:13:59.492] [PSS] [debug] [22944|20148]streaming_client_impl.cpp:137 InvokeConnectToService: connect to service through the network, port= 54000, this= 0x249d3e16e80
[2025-04-24 10:13:59.492] [PSS] [debug] [22944|20148]transport_client_tcp3.cpp:34 Start: buffer size(send\recv): 2097152\2097152, this= 0x249d3789340
[2025-04-24 10:13:59.492] [PSS] [info] [22944|20148]transport_client_tcp3.cpp:59 Start: server= 127.0.0.1:54000, local=0.0.0.0:0, this= 0x249d3789340
[2025-04-24 10:14:01.538] [PSS] [info] [22944|13540]streaming_client_impl.cpp:62 NotifyConnectResult: network connect to service result= 10061, this= 0x249d3e16e80
[2025-04-24 10:14:01.538] [PSS] [error] [22944|13540]streaming_client_impl.cpp:64 NotifyConnectResult: connect to service network error= 10061, this= 0x249d3e16e80
[2025-04-24 10:14:01.538] [PSS] [error] [22944|20148]streaming_driver_interface_impl.cpp:332 NotifyClientConnectResult: connect to service failed, Network Error, this= 0x248bc1818a0
[2025-04-24 10:14:01.538] [PSS] [error] [22944|13540]transport_client_tcp3.cpp:129 HandleConnect: connected error= 由于目标计算机积极拒绝，无法连接。, this= 0x249d3789340
[2025-04-24 10:14:27.107] [PSS] [debug] [22944|30404]streaming_driver_interface_impl.cpp:19 StreamingDriverInterfaceImpl: callback= 0x248de8f4390, this= 0x248bc17d080
[2025-04-24 10:14:27.107] [PSS] [error] [22944|30404]streaming_driver_interface_impl.cpp:115 SetTrackingOrigin: streaming not started, this= 0x248bc17d080
[2025-04-24 10:14:27.107] [PSS] [info] [22944|30404]streaming_driver_interface_impl.cpp:24 ConnectToService: connect to service, client_id= ZrjuueqpfqLA9q4z, this= 0x248bc17d080
[2025-04-24 10:14:27.107] [PSS] [info] [22944|30404]streaming_client_impl.cpp:25 ConnectToService: client_id= ZrjuueqpfqLA9q4z, name= 3D Engine, desp= StreamingSceneRender, this= 0x248de6bda90
[2025-04-24 10:14:27.107] [PSS] [debug] [22944|36480]streaming_client_impl.cpp:137 InvokeConnectToService: connect to service through the network, port= 54000, this= 0x248de6bda90
[2025-04-24 10:14:27.107] [PSS] [debug] [22944|36480]transport_client_tcp3.cpp:34 Start: buffer size(send\recv): 2097152\2097152, this= 0x249d3789b20
[2025-04-24 10:14:27.107] [PSS] [info] [22944|36480]transport_client_tcp3.cpp:59 Start: server= 127.0.0.1:54000, local=0.0.0.0:0, this= 0x249d3789b20
[2025-04-24 10:14:29.153] [PSS] [info] [22944|30460]streaming_client_impl.cpp:62 NotifyConnectResult: network connect to service result= 10061, this= 0x248de6bda90
[2025-04-24 10:14:29.153] [PSS] [error] [22944|30460]streaming_client_impl.cpp:64 NotifyConnectResult: connect to service network error= 10061, this= 0x248de6bda90
[2025-04-24 10:14:29.153] [PSS] [error] [22944|30460]transport_client_tcp3.cpp:129 HandleConnect: connected error= 由于目标计算机积极拒绝，无法连接。, this= 0x249d3789b20
[2025-04-24 10:14:29.153] [PSS] [error] [22944|36480]streaming_driver_interface_impl.cpp:332 NotifyClientConnectResult: connect to service failed, Network Error, this= 0x248bc17d080
[2025-04-24 10:16:51.890] [PSS] [debug] [22944|30404]streaming_driver_interface_impl.cpp:19 StreamingDriverInterfaceImpl: callback= 0x248df84c1f0, this= 0x248bc17f490
[2025-04-24 10:16:51.890] [PSS] [error] [22944|30404]streaming_driver_interface_impl.cpp:115 SetTrackingOrigin: streaming not started, this= 0x248bc17f490
[2025-04-24 10:16:51.890] [PSS] [info] [22944|30404]streaming_driver_interface_impl.cpp:24 ConnectToService: connect to service, client_id= uvLf7XWmUi15w3EJ, this= 0x248bc17f490
[2025-04-24 10:16:51.890] [PSS] [info] [22944|30404]streaming_client_impl.cpp:25 ConnectToService: client_id= uvLf7XWmUi15w3EJ, name= 3D Engine, desp= StreamingSceneRender, this= 0x248ddfc9550
[2025-04-24 10:16:51.890] [PSS] [debug] [22944|38492]streaming_client_impl.cpp:137 InvokeConnectToService: connect to service through the network, port= 54000, this= 0x248ddfc9550
[2025-04-24 10:16:51.890] [PSS] [debug] [22944|38492]transport_client_tcp3.cpp:34 Start: buffer size(send\recv): 2097152\2097152, this= 0x249d37890a0
[2025-04-24 10:16:51.891] [PSS] [info] [22944|38492]transport_client_tcp3.cpp:59 Start: server= 127.0.0.1:54000, local=0.0.0.0:0, this= 0x249d37890a0
[2025-04-24 10:16:53.933] [PSS] [info] [22944|7288]streaming_client_impl.cpp:62 NotifyConnectResult: network connect to service result= 10061, this= 0x248ddfc9550
[2025-04-24 10:16:53.933] [PSS] [error] [22944|7288]streaming_client_impl.cpp:64 NotifyConnectResult: connect to service network error= 10061, this= 0x248ddfc9550
[2025-04-24 10:16:53.933] [PSS] [error] [22944|38492]streaming_driver_interface_impl.cpp:332 NotifyClientConnectResult: connect to service failed, Network Error, this= 0x248bc17f490
[2025-04-24 10:16:53.934] [PSS] [error] [22944|7288]transport_client_tcp3.cpp:129 HandleConnect: connected error= 由于目标计算机积极拒绝，无法连接。, this= 0x249d37890a0
[2025-04-24 10:18:41.692] [PSS] [debug] [22944|30404]streaming_driver_interface_impl.cpp:19 StreamingDriverInterfaceImpl: callback= 0x248bc73da80, this= 0x248bc1818a0
[2025-04-24 10:18:41.693] [PSS] [error] [22944|30404]streaming_driver_interface_impl.cpp:115 SetTrackingOrigin: streaming not started, this= 0x248bc1818a0
[2025-04-24 10:18:41.693] [PSS] [info] [22944|30404]streaming_driver_interface_impl.cpp:24 ConnectToService: connect to service, client_id= EVhcmEVURMRliux7, this= 0x248bc1818a0
[2025-04-24 10:18:41.693] [PSS] [info] [22944|30404]streaming_client_impl.cpp:25 ConnectToService: client_id= EVhcmEVURMRliux7, name= 3D Engine, desp= StreamingSceneRender, this= 0x24a00c3ebc0
[2025-04-24 10:18:41.693] [PSS] [debug] [22944|16540]streaming_client_impl.cpp:137 InvokeConnectToService: connect to service through the network, port= 54000, this= 0x24a00c3ebc0
[2025-04-24 10:18:41.693] [PSS] [debug] [22944|16540]transport_client_tcp3.cpp:34 Start: buffer size(send\recv): 2097152\2097152, this= 0x249d3789340
[2025-04-24 10:18:41.693] [PSS] [info] [22944|16540]transport_client_tcp3.cpp:59 Start: server= 127.0.0.1:54000, local=0.0.0.0:0, this= 0x249d3789340
[2025-04-24 10:18:43.725] [PSS] [info] [22944|14964]streaming_client_impl.cpp:62 NotifyConnectResult: network connect to service result= 10061, this= 0x24a00c3ebc0
[2025-04-24 10:18:43.725] [PSS] [error] [22944|14964]streaming_client_impl.cpp:64 NotifyConnectResult: connect to service network error= 10061, this= 0x24a00c3ebc0
[2025-04-24 10:18:43.725] [PSS] [error] [22944|14964]transport_client_tcp3.cpp:129 HandleConnect: connected error= 由于目标计算机积极拒绝，无法连接。, this= 0x249d3789340
[2025-04-24 10:18:43.725] [PSS] [error] [22944|16540]streaming_driver_interface_impl.cpp:332 NotifyClientConnectResult: connect to service failed, Network Error, this= 0x248bc1818a0
[2025-04-24 10:18:58.864] [PSS] [debug] [22944|30404]streaming_driver_interface_impl.cpp:19 StreamingDriverInterfaceImpl: callback= 0x249c6a393c0, this= 0x248bc183cb0
[2025-04-24 10:18:58.865] [PSS] [error] [22944|30404]streaming_driver_interface_impl.cpp:115 SetTrackingOrigin: streaming not started, this= 0x248bc183cb0
[2025-04-24 10:18:58.865] [PSS] [info] [22944|30404]streaming_driver_interface_impl.cpp:24 ConnectToService: connect to service, client_id= YgXtHL9mLIrIJEy6, this= 0x248bc183cb0
[2025-04-24 10:18:58.865] [PSS] [info] [22944|30404]streaming_client_impl.cpp:25 ConnectToService: client_id= YgXtHL9mLIrIJEy6, name= 3D Engine, desp= StreamingSceneRender, this= 0x248de6bd760
[2025-04-24 10:18:58.865] [PSS] [debug] [22944|23212]streaming_client_impl.cpp:137 InvokeConnectToService: connect to service through the network, port= 54000, this= 0x248de6bd760
[2025-04-24 10:18:58.865] [PSS] [debug] [22944|23212]transport_client_tcp3.cpp:34 Start: buffer size(send\recv): 2097152\2097152, this= 0x249d37890a0
[2025-04-24 10:18:58.865] [PSS] [info] [22944|23212]transport_client_tcp3.cpp:59 Start: server= 127.0.0.1:54000, local=0.0.0.0:0, this= 0x249d37890a0
[2025-04-24 10:19:00.897] [PSS] [info] [22944|40568]streaming_client_impl.cpp:62 NotifyConnectResult: network connect to service result= 10061, this= 0x248de6bd760
[2025-04-24 10:19:00.897] [PSS] [error] [22944|40568]streaming_client_impl.cpp:64 NotifyConnectResult: connect to service network error= 10061, this= 0x248de6bd760
[2025-04-24 10:19:00.897] [PSS] [error] [22944|23212]streaming_driver_interface_impl.cpp:332 NotifyClientConnectResult: connect to service failed, Network Error, this= 0x248bc183cb0
[2025-04-24 10:19:00.897] [PSS] [error] [22944|40568]transport_client_tcp3.cpp:129 HandleConnect: connected error= 由于目标计算机积极拒绝，无法连接。, this= 0x249d37890a0
[2025-04-24 10:19:27.242] [PSS] [debug] [22944|30404]streaming_driver_interface_impl.cpp:19 StreamingDriverInterfaceImpl: callback= 0x249a199dc10, this= 0x248bc1818a0
[2025-04-24 10:19:27.242] [PSS] [error] [22944|30404]streaming_driver_interface_impl.cpp:115 SetTrackingOrigin: streaming not started, this= 0x248bc1818a0
[2025-04-24 10:19:27.242] [PSS] [info] [22944|30404]streaming_driver_interface_impl.cpp:24 ConnectToService: connect to service, client_id= xT7yOwEv9bgUjxUV, this= 0x248bc1818a0
[2025-04-24 10:19:27.242] [PSS] [info] [22944|30404]streaming_client_impl.cpp:25 ConnectToService: client_id= xT7yOwEv9bgUjxUV, name= 3D Engine, desp= StreamingSceneRender, this= 0x249a19514a0
[2025-04-24 10:19:27.242] [PSS] [debug] [22944|19956]streaming_client_impl.cpp:137 InvokeConnectToService: connect to service through the network, port= 54000, this= 0x249a19514a0
[2025-04-24 10:19:27.242] [PSS] [debug] [22944|19956]transport_client_tcp3.cpp:34 Start: buffer size(send\recv): 2097152\2097152, this= 0x249d378a300
[2025-04-24 10:19:27.242] [PSS] [info] [22944|19956]transport_client_tcp3.cpp:59 Start: server= 127.0.0.1:54000, local=0.0.0.0:0, this= 0x249d378a300
[2025-04-24 10:19:29.278] [PSS] [info] [22944|10720]streaming_client_impl.cpp:62 NotifyConnectResult: network connect to service result= 10061, this= 0x249a19514a0
[2025-04-24 10:19:29.278] [PSS] [error] [22944|10720]streaming_client_impl.cpp:64 NotifyConnectResult: connect to service network error= 10061, this= 0x249a19514a0
[2025-04-24 10:19:29.278] [PSS] [error] [22944|19956]streaming_driver_interface_impl.cpp:332 NotifyClientConnectResult: connect to service failed, Network Error, this= 0x248bc1818a0
[2025-04-24 10:19:29.278] [PSS] [error] [22944|10720]transport_client_tcp3.cpp:129 HandleConnect: connected error= 由于目标计算机积极拒绝，无法连接。, this= 0x249d378a300
[2025-04-24 10:19:57.348] [PSS] [debug] [22944|30404]streaming_driver_interface_impl.cpp:19 StreamingDriverInterfaceImpl: callback= 0x249017a1f90, this= 0x248bc183cb0
[2025-04-24 10:19:57.349] [PSS] [error] [22944|30404]streaming_driver_interface_impl.cpp:115 SetTrackingOrigin: streaming not started, this= 0x248bc183cb0
[2025-04-24 10:19:57.349] [PSS] [info] [22944|30404]streaming_driver_interface_impl.cpp:24 ConnectToService: connect to service, client_id= t8Hv5Y6DAPYRaQSN, this= 0x248bc183cb0
[2025-04-24 10:19:57.349] [PSS] [info] [22944|30404]streaming_client_impl.cpp:25 ConnectToService: client_id= t8Hv5Y6DAPYRaQSN, name= 3D Engine, desp= StreamingSceneRender, this= 0x2497cee9b10
[2025-04-24 10:19:57.349] [PSS] [debug] [22944|35764]streaming_client_impl.cpp:137 InvokeConnectToService: connect to service through the network, port= 54000, this= 0x2497cee9b10
[2025-04-24 10:19:57.349] [PSS] [debug] [22944|35764]transport_client_tcp3.cpp:34 Start: buffer size(send\recv): 2097152\2097152, this= 0x249d378a5a0
[2025-04-24 10:19:57.349] [PSS] [info] [22944|35764]transport_client_tcp3.cpp:59 Start: server= 127.0.0.1:54000, local=0.0.0.0:0, this= 0x249d378a5a0
[2025-04-24 10:19:59.396] [PSS] [info] [22944|20744]streaming_client_impl.cpp:62 NotifyConnectResult: network connect to service result= 10061, this= 0x2497cee9b10
[2025-04-24 10:19:59.396] [PSS] [error] [22944|20744]streaming_client_impl.cpp:64 NotifyConnectResult: connect to service network error= 10061, this= 0x2497cee9b10
[2025-04-24 10:19:59.396] [PSS] [error] [22944|35764]streaming_driver_interface_impl.cpp:332 NotifyClientConnectResult: connect to service failed, Network Error, this= 0x248bc183cb0
[2025-04-24 10:19:59.396] [PSS] [error] [22944|20744]transport_client_tcp3.cpp:129 HandleConnect: connected error= 由于目标计算机积极拒绝，无法连接。, this= 0x249d378a5a0
[2025-04-24 10:20:24.873] [PSS] [debug] [22944|30404]streaming_driver_interface_impl.cpp:19 StreamingDriverInterfaceImpl: callback= 0x248decc6a50, this= 0x248bc17f490
[2025-04-24 10:20:24.874] [PSS] [error] [22944|30404]streaming_driver_interface_impl.cpp:115 SetTrackingOrigin: streaming not started, this= 0x248bc17f490
[2025-04-24 10:20:24.874] [PSS] [info] [22944|30404]streaming_driver_interface_impl.cpp:24 ConnectToService: connect to service, client_id= oatAriRLV8FGJ88t, this= 0x248bc17f490
[2025-04-24 10:20:24.874] [PSS] [info] [22944|30404]streaming_client_impl.cpp:25 ConnectToService: client_id= oatAriRLV8FGJ88t, name= 3D Engine, desp= StreamingSceneRender, this= 0x248e01eea50
[2025-04-24 10:20:24.874] [PSS] [debug] [22944|28120]streaming_client_impl.cpp:137 InvokeConnectToService: connect to service through the network, port= 54000, this= 0x248e01eea50
[2025-04-24 10:20:24.874] [PSS] [debug] [22944|28120]transport_client_tcp3.cpp:34 Start: buffer size(send\recv): 2097152\2097152, this= 0x249d378a060
[2025-04-24 10:20:24.874] [PSS] [info] [22944|28120]transport_client_tcp3.cpp:59 Start: server= 127.0.0.1:54000, local=0.0.0.0:0, this= 0x249d378a060
[2025-04-24 10:20:26.910] [PSS] [info] [22944|24624]streaming_client_impl.cpp:62 NotifyConnectResult: network connect to service result= 10061, this= 0x248e01eea50
[2025-04-24 10:20:26.910] [PSS] [error] [22944|24624]streaming_client_impl.cpp:64 NotifyConnectResult: connect to service network error= 10061, this= 0x248e01eea50
[2025-04-24 10:20:26.910] [PSS] [error] [22944|28120]streaming_driver_interface_impl.cpp:332 NotifyClientConnectResult: connect to service failed, Network Error, this= 0x248bc17f490
[2025-04-24 10:20:26.910] [PSS] [error] [22944|24624]transport_client_tcp3.cpp:129 HandleConnect: connected error= 由于目标计算机积极拒绝，无法连接。, this= 0x249d378a060
[2025-04-24 10:20:45.862] [PSS] [debug] [22944|30404]streaming_driver_interface_impl.cpp:19 StreamingDriverInterfaceImpl: callback= 0x248de048830, this= 0x248bc1818a0
[2025-04-24 10:20:45.862] [PSS] [error] [22944|30404]streaming_driver_interface_impl.cpp:115 SetTrackingOrigin: streaming not started, this= 0x248bc1818a0
[2025-04-24 10:20:45.862] [PSS] [info] [22944|30404]streaming_driver_interface_impl.cpp:24 ConnectToService: connect to service, client_id= Ygux2w3F6SfVq2w2, this= 0x248bc1818a0
[2025-04-24 10:20:45.862] [PSS] [info] [22944|30404]streaming_client_impl.cpp:25 ConnectToService: client_id= Ygux2w3F6SfVq2w2, name= 3D Engine, desp= StreamingSceneRender, this= 0x248de6bb120
[2025-04-24 10:20:45.862] [PSS] [debug] [22944|21292]streaming_client_impl.cpp:137 InvokeConnectToService: connect to service through the network, port= 54000, this= 0x248de6bb120
[2025-04-24 10:20:45.862] [PSS] [debug] [22944|21292]transport_client_tcp3.cpp:34 Start: buffer size(send\recv): 2097152\2097152, this= 0x249d3789340
[2025-04-24 10:20:45.863] [PSS] [info] [22944|21292]transport_client_tcp3.cpp:59 Start: server= 127.0.0.1:54000, local=0.0.0.0:0, this= 0x249d3789340
[2025-04-24 10:20:47.902] [PSS] [info] [22944|5132]streaming_client_impl.cpp:62 NotifyConnectResult: network connect to service result= 10061, this= 0x248de6bb120
[2025-04-24 10:20:47.902] [PSS] [error] [22944|5132]streaming_client_impl.cpp:64 NotifyConnectResult: connect to service network error= 10061, this= 0x248de6bb120
[2025-04-24 10:20:47.902] [PSS] [error] [22944|5132]transport_client_tcp3.cpp:129 HandleConnect: connected error= 由于目标计算机积极拒绝，无法连接。, this= 0x249d3789340
[2025-04-24 10:20:47.902] [PSS] [error] [22944|21292]streaming_driver_interface_impl.cpp:332 NotifyClientConnectResult: connect to service failed, Network Error, this= 0x248bc1818a0
[2025-04-24 10:24:09.093] [PSS] [debug] [22944|30404]streaming_driver_interface_impl.cpp:19 StreamingDriverInterfaceImpl: callback= 0x249eabc6710, this= 0x248bc183cb0
[2025-04-24 10:24:09.094] [PSS] [error] [22944|30404]streaming_driver_interface_impl.cpp:115 SetTrackingOrigin: streaming not started, this= 0x248bc183cb0
[2025-04-24 10:24:09.094] [PSS] [info] [22944|30404]streaming_driver_interface_impl.cpp:24 ConnectToService: connect to service, client_id= ESBZQEUC3Zl7J1ug, this= 0x248bc183cb0
[2025-04-24 10:24:09.094] [PSS] [info] [22944|30404]streaming_client_impl.cpp:25 ConnectToService: client_id= ESBZQEUC3Zl7J1ug, name= 3D Engine, desp= StreamingSceneRender, this= 0x2490a5f5c70
[2025-04-24 10:24:09.094] [PSS] [debug] [22944|24148]streaming_client_impl.cpp:137 InvokeConnectToService: connect to service through the network, port= 54000, this= 0x2490a5f5c70
[2025-04-24 10:24:09.094] [PSS] [debug] [22944|24148]transport_client_tcp3.cpp:34 Start: buffer size(send\recv): 2097152\2097152, this= 0x249d37888c0
[2025-04-24 10:24:09.094] [PSS] [info] [22944|24148]transport_client_tcp3.cpp:59 Start: server= 127.0.0.1:54000, local=0.0.0.0:0, this= 0x249d37888c0
[2025-04-24 10:24:11.148] [PSS] [info] [22944|24024]streaming_client_impl.cpp:62 NotifyConnectResult: network connect to service result= 10061, this= 0x2490a5f5c70
[2025-04-24 10:24:11.148] [PSS] [error] [22944|24024]streaming_client_impl.cpp:64 NotifyConnectResult: connect to service network error= 10061, this= 0x2490a5f5c70
[2025-04-24 10:24:11.148] [PSS] [error] [22944|24148]streaming_driver_interface_impl.cpp:332 NotifyClientConnectResult: connect to service failed, Network Error, this= 0x248bc183cb0
[2025-04-24 10:24:11.148] [PSS] [error] [22944|24024]transport_client_tcp3.cpp:129 HandleConnect: connected error= 由于目标计算机积极拒绝，无法连接。, this= 0x249d37888c0
[2025-04-24 10:24:48.532] [PSS] [debug] [22944|30404]streaming_driver_interface_impl.cpp:19 StreamingDriverInterfaceImpl: callback= 0x249ec8a0840, this= 0x248bc17f490
[2025-04-24 10:24:48.533] [PSS] [error] [22944|30404]streaming_driver_interface_impl.cpp:115 SetTrackingOrigin: streaming not started, this= 0x248bc17f490
[2025-04-24 10:24:48.533] [PSS] [info] [22944|30404]streaming_driver_interface_impl.cpp:24 ConnectToService: connect to service, client_id= dIaTpjS6oBIdGduI, this= 0x248bc17f490
[2025-04-24 10:24:48.533] [PSS] [info] [22944|30404]streaming_client_impl.cpp:25 ConnectToService: client_id= dIaTpjS6oBIdGduI, name= 3D Engine, desp= StreamingSceneRender, this= 0x2490125dc90
[2025-04-24 10:24:48.533] [PSS] [debug] [22944|21024]streaming_client_impl.cpp:137 InvokeConnectToService: connect to service through the network, port= 54000, this= 0x2490125dc90
[2025-04-24 10:24:48.533] [PSS] [debug] [22944|21024]transport_client_tcp3.cpp:34 Start: buffer size(send\recv): 2097152\2097152, this= 0x249d37890a0
[2025-04-24 10:24:48.533] [PSS] [info] [22944|21024]transport_client_tcp3.cpp:59 Start: server= 127.0.0.1:54000, local=0.0.0.0:0, this= 0x249d37890a0
[2025-04-24 10:24:50.575] [PSS] [info] [22944|26592]streaming_client_impl.cpp:62 NotifyConnectResult: network connect to service result= 10061, this= 0x2490125dc90
[2025-04-24 10:24:50.575] [PSS] [error] [22944|26592]streaming_client_impl.cpp:64 NotifyConnectResult: connect to service network error= 10061, this= 0x2490125dc90
[2025-04-24 10:24:50.575] [PSS] [error] [22944|26592]transport_client_tcp3.cpp:129 HandleConnect: connected error= 由于目标计算机积极拒绝，无法连接。, this= 0x249d37890a0
[2025-04-24 10:24:50.575] [PSS] [error] [22944|21024]streaming_driver_interface_impl.cpp:332 NotifyClientConnectResult: connect to service failed, Network Error, this= 0x248bc17f490
[2025-04-24 10:25:23.395] [PSS] [debug] [22944|30404]streaming_driver_interface_impl.cpp:19 StreamingDriverInterfaceImpl: callback= 0x24886e143f0, this= 0x248bc1818a0
[2025-04-24 10:25:23.395] [PSS] [error] [22944|30404]streaming_driver_interface_impl.cpp:115 SetTrackingOrigin: streaming not started, this= 0x248bc1818a0
[2025-04-24 10:25:23.395] [PSS] [info] [22944|30404]streaming_driver_interface_impl.cpp:24 ConnectToService: connect to service, client_id= libGwooovFofSqgK, this= 0x248bc1818a0
[2025-04-24 10:25:23.395] [PSS] [info] [22944|30404]streaming_client_impl.cpp:25 ConnectToService: client_id= libGwooovFofSqgK, name= 3D Engine, desp= StreamingSceneRender, this= 0x2492dad1930
[2025-04-24 10:25:23.395] [PSS] [debug] [22944|24100]streaming_client_impl.cpp:137 InvokeConnectToService: connect to service through the network, port= 54000, this= 0x2492dad1930
[2025-04-24 10:25:23.395] [PSS] [debug] [22944|24100]transport_client_tcp3.cpp:34 Start: buffer size(send\recv): 2097152\2097152, this= 0x249d3789340
[2025-04-24 10:25:23.395] [PSS] [info] [22944|24100]transport_client_tcp3.cpp:59 Start: server= 127.0.0.1:54000, local=0.0.0.0:0, this= 0x249d3789340
[2025-04-24 10:25:25.436] [PSS] [info] [22944|24972]streaming_client_impl.cpp:62 NotifyConnectResult: network connect to service result= 10061, this= 0x2492dad1930
[2025-04-24 10:25:25.436] [PSS] [error] [22944|24972]streaming_client_impl.cpp:64 NotifyConnectResult: connect to service network error= 10061, this= 0x2492dad1930
[2025-04-24 10:25:25.436] [PSS] [error] [22944|24972]transport_client_tcp3.cpp:129 HandleConnect: connected error= 由于目标计算机积极拒绝，无法连接。, this= 0x249d3789340
[2025-04-24 10:25:25.436] [PSS] [error] [22944|24100]streaming_driver_interface_impl.cpp:332 NotifyClientConnectResult: connect to service failed, Network Error, this= 0x248bc1818a0
[2025-04-24 10:25:54.032] [PSS] [debug] [22944|30404]streaming_driver_interface_impl.cpp:19 StreamingDriverInterfaceImpl: callback= 0x24886e8ca60, this= 0x248bc17d080
[2025-04-24 10:25:54.033] [PSS] [error] [22944|30404]streaming_driver_interface_impl.cpp:115 SetTrackingOrigin: streaming not started, this= 0x248bc17d080
[2025-04-24 10:25:54.033] [PSS] [info] [22944|30404]streaming_driver_interface_impl.cpp:24 ConnectToService: connect to service, client_id= 9OOagaTJK8irQtk9, this= 0x248bc17d080
[2025-04-24 10:25:54.033] [PSS] [info] [22944|30404]streaming_client_impl.cpp:25 ConnectToService: client_id= 9OOagaTJK8irQtk9, name= 3D Engine, desp= StreamingSceneRender, this= 0x2487bdf9900
[2025-04-24 10:25:54.033] [PSS] [debug] [22944|24912]streaming_client_impl.cpp:137 InvokeConnectToService: connect to service through the network, port= 54000, this= 0x2487bdf9900
[2025-04-24 10:25:54.033] [PSS] [debug] [22944|24912]transport_client_tcp3.cpp:34 Start: buffer size(send\recv): 2097152\2097152, this= 0x249d37895e0
[2025-04-24 10:25:54.033] [PSS] [info] [22944|24912]transport_client_tcp3.cpp:59 Start: server= 127.0.0.1:54000, local=0.0.0.0:0, this= 0x249d37895e0
[2025-04-24 10:25:56.073] [PSS] [info] [22944|30572]streaming_client_impl.cpp:62 NotifyConnectResult: network connect to service result= 10061, this= 0x2487bdf9900
[2025-04-24 10:25:56.073] [PSS] [error] [22944|30572]streaming_client_impl.cpp:64 NotifyConnectResult: connect to service network error= 10061, this= 0x2487bdf9900
[2025-04-24 10:25:56.073] [PSS] [error] [22944|24912]streaming_driver_interface_impl.cpp:332 NotifyClientConnectResult: connect to service failed, Network Error, this= 0x248bc17d080
[2025-04-24 10:25:56.073] [PSS] [error] [22944|30572]transport_client_tcp3.cpp:129 HandleConnect: connected error= 由于目标计算机积极拒绝，无法连接。, this= 0x249d37895e0
[2025-04-24 10:26:45.072] [PSS] [debug] [22944|30404]streaming_driver_interface_impl.cpp:19 StreamingDriverInterfaceImpl: callback= 0x248bbf22120, this= 0x248bc1860c0
[2025-04-24 10:26:45.073] [PSS] [error] [22944|30404]streaming_driver_interface_impl.cpp:115 SetTrackingOrigin: streaming not started, this= 0x248bc1860c0
[2025-04-24 10:26:45.073] [PSS] [info] [22944|30404]streaming_driver_interface_impl.cpp:24 ConnectToService: connect to service, client_id= 5GDZKtRWnD7dIq5v, this= 0x248bc1860c0
[2025-04-24 10:26:45.073] [PSS] [info] [22944|30404]streaming_client_impl.cpp:25 ConnectToService: client_id= 5GDZKtRWnD7dIq5v, name= 3D Engine, desp= StreamingSceneRender, this= 0x2492d4964c0
[2025-04-24 10:26:45.073] [PSS] [debug] [22944|19440]streaming_client_impl.cpp:137 InvokeConnectToService: connect to service through the network, port= 54000, this= 0x2492d4964c0
[2025-04-24 10:26:45.073] [PSS] [debug] [22944|19440]transport_client_tcp3.cpp:34 Start: buffer size(send\recv): 2097152\2097152, this= 0x249d378a300
[2025-04-24 10:26:45.073] [PSS] [info] [22944|19440]transport_client_tcp3.cpp:59 Start: server= 127.0.0.1:54000, local=0.0.0.0:0, this= 0x249d378a300
[2025-04-24 10:26:47.111] [PSS] [info] [22944|7472]streaming_client_impl.cpp:62 NotifyConnectResult: network connect to service result= 10061, this= 0x2492d4964c0
[2025-04-24 10:26:47.111] [PSS] [error] [22944|7472]streaming_client_impl.cpp:64 NotifyConnectResult: connect to service network error= 10061, this= 0x2492d4964c0
[2025-04-24 10:26:47.111] [PSS] [error] [22944|19440]streaming_driver_interface_impl.cpp:332 NotifyClientConnectResult: connect to service failed, Network Error, this= 0x248bc1860c0
[2025-04-24 10:26:47.111] [PSS] [error] [22944|7472]transport_client_tcp3.cpp:129 HandleConnect: connected error= 由于目标计算机积极拒绝，无法连接。, this= 0x249d378a300
[2025-04-24 10:27:12.589] [PSS] [debug] [22944|30404]streaming_driver_interface_impl.cpp:19 StreamingDriverInterfaceImpl: callback= 0x249e03b6050, this= 0x248bc17f490
[2025-04-24 10:27:12.590] [PSS] [error] [22944|30404]streaming_driver_interface_impl.cpp:115 SetTrackingOrigin: streaming not started, this= 0x248bc17f490
[2025-04-24 10:27:12.590] [PSS] [info] [22944|30404]streaming_driver_interface_impl.cpp:24 ConnectToService: connect to service, client_id= lRn2SjWljUNNV7SI, this= 0x248bc17f490
[2025-04-24 10:27:12.590] [PSS] [info] [22944|30404]streaming_client_impl.cpp:25 ConnectToService: client_id= lRn2SjWljUNNV7SI, name= 3D Engine, desp= StreamingSceneRender, this= 0x2492dad4080
[2025-04-24 10:27:12.590] [PSS] [debug] [22944|29044]streaming_client_impl.cpp:137 InvokeConnectToService: connect to service through the network, port= 54000, this= 0x2492dad4080
[2025-04-24 10:27:12.590] [PSS] [debug] [22944|29044]transport_client_tcp3.cpp:34 Start: buffer size(send\recv): 2097152\2097152, this= 0x249d37895e0
[2025-04-24 10:27:12.590] [PSS] [info] [22944|29044]transport_client_tcp3.cpp:59 Start: server= 127.0.0.1:54000, local=0.0.0.0:0, this= 0x249d37895e0
[2025-04-24 10:27:14.626] [PSS] [info] [22944|18664]streaming_client_impl.cpp:62 NotifyConnectResult: network connect to service result= 10061, this= 0x2492dad4080
[2025-04-24 10:27:14.626] [PSS] [error] [22944|18664]streaming_client_impl.cpp:64 NotifyConnectResult: connect to service network error= 10061, this= 0x2492dad4080
[2025-04-24 10:27:14.626] [PSS] [error] [22944|29044]streaming_driver_interface_impl.cpp:332 NotifyClientConnectResult: connect to service failed, Network Error, this= 0x248bc17f490
[2025-04-24 10:27:14.626] [PSS] [error] [22944|18664]transport_client_tcp3.cpp:129 HandleConnect: connected error= 由于目标计算机积极拒绝，无法连接。, this= 0x249d37895e0
[2025-04-24 10:34:26.860] [PSS] [debug] [22944|30404]streaming_driver_interface_impl.cpp:19 StreamingDriverInterfaceImpl: callback= 0x248bca34b20, this= 0x248bc17d080
[2025-04-24 10:34:26.861] [PSS] [error] [22944|30404]streaming_driver_interface_impl.cpp:115 SetTrackingOrigin: streaming not started, this= 0x248bc17d080
[2025-04-24 10:34:26.861] [PSS] [info] [22944|30404]streaming_driver_interface_impl.cpp:24 ConnectToService: connect to service, client_id= xvoSoRpZvboIFKGF, this= 0x248bc17d080
[2025-04-24 10:34:26.861] [PSS] [info] [22944|30404]streaming_client_impl.cpp:25 ConnectToService: client_id= xvoSoRpZvboIFKGF, name= 3D Engine, desp= StreamingSceneRender, this= 0x249eb15f6d0
[2025-04-24 10:34:26.861] [PSS] [debug] [22944|31908]streaming_client_impl.cpp:137 InvokeConnectToService: connect to service through the network, port= 54000, this= 0x249eb15f6d0
[2025-04-24 10:34:26.861] [PSS] [debug] [22944|31908]transport_client_tcp3.cpp:34 Start: buffer size(send\recv): 2097152\2097152, this= 0x249d37888c0
[2025-04-24 10:34:26.861] [PSS] [info] [22944|31908]transport_client_tcp3.cpp:59 Start: server= 127.0.0.1:54000, local=0.0.0.0:0, this= 0x249d37888c0
[2025-04-24 10:34:28.910] [PSS] [info] [22944|18472]streaming_client_impl.cpp:62 NotifyConnectResult: network connect to service result= 10061, this= 0x249eb15f6d0
[2025-04-24 10:34:28.910] [PSS] [error] [22944|18472]streaming_client_impl.cpp:64 NotifyConnectResult: connect to service network error= 10061, this= 0x249eb15f6d0
[2025-04-24 10:34:28.910] [PSS] [error] [22944|31908]streaming_driver_interface_impl.cpp:332 NotifyClientConnectResult: connect to service failed, Network Error, this= 0x248bc17d080
[2025-04-24 10:34:28.910] [PSS] [error] [22944|18472]transport_client_tcp3.cpp:129 HandleConnect: connected error= 由于目标计算机积极拒绝，无法连接。, this= 0x249d37888c0
[2025-04-24 10:34:40.968] [PSS] [debug] [22944|30404]streaming_driver_interface_impl.cpp:19 StreamingDriverInterfaceImpl: callback= 0x2490a549d30, this= 0x248bc1818a0
[2025-04-24 10:34:40.968] [PSS] [error] [22944|30404]streaming_driver_interface_impl.cpp:115 SetTrackingOrigin: streaming not started, this= 0x248bc1818a0
[2025-04-24 10:34:40.969] [PSS] [info] [22944|30404]streaming_driver_interface_impl.cpp:24 ConnectToService: connect to service, client_id= iToMIjhmZyxtrWoO, this= 0x248bc1818a0
[2025-04-24 10:34:40.969] [PSS] [info] [22944|30404]streaming_client_impl.cpp:25 ConnectToService: client_id= iToMIjhmZyxtrWoO, name= 3D Engine, desp= StreamingSceneRender, this= 0x249d401fb70
[2025-04-24 10:34:40.969] [PSS] [debug] [22944|6952]streaming_client_impl.cpp:137 InvokeConnectToService: connect to service through the network, port= 54000, this= 0x249d401fb70
[2025-04-24 10:34:40.969] [PSS] [debug] [22944|6952]transport_client_tcp3.cpp:34 Start: buffer size(send\recv): 2097152\2097152, this= 0x249d37890a0
[2025-04-24 10:34:40.969] [PSS] [info] [22944|6952]transport_client_tcp3.cpp:59 Start: server= 127.0.0.1:54000, local=0.0.0.0:0, this= 0x249d37890a0
[2025-04-24 10:34:43.015] [PSS] [info] [22944|21220]streaming_client_impl.cpp:62 NotifyConnectResult: network connect to service result= 10061, this= 0x249d401fb70
[2025-04-24 10:34:43.015] [PSS] [error] [22944|21220]streaming_client_impl.cpp:64 NotifyConnectResult: connect to service network error= 10061, this= 0x249d401fb70
[2025-04-24 10:34:43.015] [PSS] [error] [22944|6952]streaming_driver_interface_impl.cpp:332 NotifyClientConnectResult: connect to service failed, Network Error, this= 0x248bc1818a0
[2025-04-24 10:34:43.015] [PSS] [error] [22944|21220]transport_client_tcp3.cpp:129 HandleConnect: connected error= 由于目标计算机积极拒绝，无法连接。, this= 0x249d37890a0
[2025-04-24 10:35:33.945] [PSS] [debug] [22944|30404]streaming_driver_interface_impl.cpp:19 StreamingDriverInterfaceImpl: callback= 0x249a07d28b0, this= 0x248bc17d080
[2025-04-24 10:35:33.946] [PSS] [error] [22944|30404]streaming_driver_interface_impl.cpp:115 SetTrackingOrigin: streaming not started, this= 0x248bc17d080
[2025-04-24 10:35:33.946] [PSS] [info] [22944|30404]streaming_driver_interface_impl.cpp:24 ConnectToService: connect to service, client_id= eeGmXmGFs9O1QlHr, this= 0x248bc17d080
[2025-04-24 10:35:33.946] [PSS] [info] [22944|30404]streaming_client_impl.cpp:25 ConnectToService: client_id= eeGmXmGFs9O1QlHr, name= 3D Engine, desp= StreamingSceneRender, this= 0x249eb1609f0
[2025-04-24 10:35:33.946] [PSS] [debug] [22944|38244]streaming_client_impl.cpp:137 InvokeConnectToService: connect to service through the network, port= 54000, this= 0x249eb1609f0
[2025-04-24 10:35:33.946] [PSS] [debug] [22944|38244]transport_client_tcp3.cpp:34 Start: buffer size(send\recv): 2097152\2097152, this= 0x249d378a060
[2025-04-24 10:35:33.946] [PSS] [info] [22944|38244]transport_client_tcp3.cpp:59 Start: server= 127.0.0.1:54000, local=0.0.0.0:0, this= 0x249d378a060
[2025-04-24 10:35:35.967] [PSS] [info] [22944|27372]streaming_client_impl.cpp:62 NotifyConnectResult: network connect to service result= 10061, this= 0x249eb1609f0
[2025-04-24 10:35:35.967] [PSS] [error] [22944|27372]streaming_client_impl.cpp:64 NotifyConnectResult: connect to service network error= 10061, this= 0x249eb1609f0
[2025-04-24 10:35:35.967] [PSS] [error] [22944|38244]streaming_driver_interface_impl.cpp:332 NotifyClientConnectResult: connect to service failed, Network Error, this= 0x248bc17d080
[2025-04-24 10:35:35.967] [PSS] [error] [22944|27372]transport_client_tcp3.cpp:129 HandleConnect: connected error= 由于目标计算机积极拒绝，无法连接。, this= 0x249d378a060
[2025-04-24 10:35:59.979] [PSS] [debug] [22944|30404]streaming_driver_interface_impl.cpp:19 StreamingDriverInterfaceImpl: callback= 0x24901029240, this= 0x248bc17f490
[2025-04-24 10:35:59.980] [PSS] [error] [22944|30404]streaming_driver_interface_impl.cpp:115 SetTrackingOrigin: streaming not started, this= 0x248bc17f490
[2025-04-24 10:35:59.980] [PSS] [info] [22944|30404]streaming_driver_interface_impl.cpp:24 ConnectToService: connect to service, client_id= Cq8ZVd5uAmB831DN, this= 0x248bc17f490
[2025-04-24 10:35:59.980] [PSS] [info] [22944|30404]streaming_client_impl.cpp:25 ConnectToService: client_id= Cq8ZVd5uAmB831DN, name= 3D Engine, desp= StreamingSceneRender, this= 0x249eb15e2a0
[2025-04-24 10:35:59.980] [PSS] [debug] [22944|19068]streaming_client_impl.cpp:137 InvokeConnectToService: connect to service through the network, port= 54000, this= 0x249eb15e2a0
[2025-04-24 10:35:59.980] [PSS] [debug] [22944|19068]transport_client_tcp3.cpp:34 Start: buffer size(send\recv): 2097152\2097152, this= 0x249d37895e0
[2025-04-24 10:35:59.980] [PSS] [info] [22944|19068]transport_client_tcp3.cpp:59 Start: server= 127.0.0.1:54000, local=0.0.0.0:0, this= 0x249d37895e0
[2025-04-24 10:36:02.011] [PSS] [info] [22944|40484]streaming_client_impl.cpp:62 NotifyConnectResult: network connect to service result= 10061, this= 0x249eb15e2a0
[2025-04-24 10:36:02.011] [PSS] [error] [22944|40484]streaming_client_impl.cpp:64 NotifyConnectResult: connect to service network error= 10061, this= 0x249eb15e2a0
[2025-04-24 10:36:02.011] [PSS] [error] [22944|19068]streaming_driver_interface_impl.cpp:332 NotifyClientConnectResult: connect to service failed, Network Error, this= 0x248bc17f490
[2025-04-24 10:36:02.011] [PSS] [error] [22944|40484]transport_client_tcp3.cpp:129 HandleConnect: connected error= 由于目标计算机积极拒绝，无法连接。, this= 0x249d37895e0
[2025-04-24 10:37:09.070] [PSS] [debug] [22944|30404]streaming_driver_interface_impl.cpp:19 StreamingDriverInterfaceImpl: callback= 0x249a08d1da0, this= 0x248bc1818a0
[2025-04-24 10:37:09.070] [PSS] [error] [22944|30404]streaming_driver_interface_impl.cpp:115 SetTrackingOrigin: streaming not started, this= 0x248bc1818a0
[2025-04-24 10:37:09.070] [PSS] [info] [22944|30404]streaming_driver_interface_impl.cpp:24 ConnectToService: connect to service, client_id= NXc11b2MoVpRG7Ga, this= 0x248bc1818a0
[2025-04-24 10:37:09.070] [PSS] [info] [22944|30404]streaming_client_impl.cpp:25 ConnectToService: client_id= NXc11b2MoVpRG7Ga, name= 3D Engine, desp= StreamingSceneRender, this= 0x248930914b0
[2025-04-24 10:37:09.070] [PSS] [debug] [22944|37472]streaming_client_impl.cpp:137 InvokeConnectToService: connect to service through the network, port= 54000, this= 0x248930914b0
[2025-04-24 10:37:09.071] [PSS] [debug] [22944|37472]transport_client_tcp3.cpp:34 Start: buffer size(send\recv): 2097152\2097152, this= 0x249d37890a0
[2025-04-24 10:37:09.071] [PSS] [info] [22944|37472]transport_client_tcp3.cpp:59 Start: server= 127.0.0.1:54000, local=0.0.0.0:0, this= 0x249d37890a0
[2025-04-24 10:37:11.097] [PSS] [info] [22944|12056]streaming_client_impl.cpp:62 NotifyConnectResult: network connect to service result= 10061, this= 0x248930914b0
[2025-04-24 10:37:11.097] [PSS] [error] [22944|12056]streaming_client_impl.cpp:64 NotifyConnectResult: connect to service network error= 10061, this= 0x248930914b0
[2025-04-24 10:37:11.097] [PSS] [error] [22944|37472]streaming_driver_interface_impl.cpp:332 NotifyClientConnectResult: connect to service failed, Network Error, this= 0x248bc1818a0
[2025-04-24 10:37:11.097] [PSS] [error] [22944|12056]transport_client_tcp3.cpp:129 HandleConnect: connected error= 由于目标计算机积极拒绝，无法连接。, this= 0x249d37890a0
[2025-04-24 10:37:31.130] [PSS] [debug] [22944|30404]streaming_driver_interface_impl.cpp:19 StreamingDriverInterfaceImpl: callback= 0x2490bf18a40, this= 0x248bc17d080
[2025-04-24 10:37:31.130] [PSS] [error] [22944|30404]streaming_driver_interface_impl.cpp:115 SetTrackingOrigin: streaming not started, this= 0x248bc17d080
[2025-04-24 10:37:31.130] [PSS] [info] [22944|30404]streaming_driver_interface_impl.cpp:24 ConnectToService: connect to service, client_id= 7EpnBrsByiSu2CKq, this= 0x248bc17d080
[2025-04-24 10:37:31.130] [PSS] [info] [22944|30404]streaming_client_impl.cpp:25 ConnectToService: client_id= 7EpnBrsByiSu2CKq, name= 3D Engine, desp= StreamingSceneRender, this= 0x2489308bd10
[2025-04-24 10:37:31.130] [PSS] [debug] [22944|16276]streaming_client_impl.cpp:137 InvokeConnectToService: connect to service through the network, port= 54000, this= 0x2489308bd10
[2025-04-24 10:37:31.131] [PSS] [debug] [22944|16276]transport_client_tcp3.cpp:34 Start: buffer size(send\recv): 2097152\2097152, this= 0x249d37888c0
[2025-04-24 10:37:31.131] [PSS] [info] [22944|16276]transport_client_tcp3.cpp:59 Start: server= 127.0.0.1:54000, local=0.0.0.0:0, this= 0x249d37888c0
[2025-04-24 10:37:33.175] [PSS] [info] [22944|17692]streaming_client_impl.cpp:62 NotifyConnectResult: network connect to service result= 10061, this= 0x2489308bd10
[2025-04-24 10:37:33.175] [PSS] [error] [22944|17692]streaming_client_impl.cpp:64 NotifyConnectResult: connect to service network error= 10061, this= 0x2489308bd10
[2025-04-24 10:37:33.175] [PSS] [error] [22944|16276]streaming_driver_interface_impl.cpp:332 NotifyClientConnectResult: connect to service failed, Network Error, this= 0x248bc17d080
[2025-04-24 10:37:33.175] [PSS] [error] [22944|17692]transport_client_tcp3.cpp:129 HandleConnect: connected error= 由于目标计算机积极拒绝，无法连接。, this= 0x249d37888c0
[2025-04-24 10:42:41.445] [PSS] [debug] [22944|30404]streaming_driver_interface_impl.cpp:19 StreamingDriverInterfaceImpl: callback= 0x249ec720910, this= 0x248bc1818a0
[2025-04-24 10:42:41.446] [PSS] [error] [22944|30404]streaming_driver_interface_impl.cpp:115 SetTrackingOrigin: streaming not started, this= 0x248bc1818a0
[2025-04-24 10:42:41.446] [PSS] [info] [22944|30404]streaming_driver_interface_impl.cpp:24 ConnectToService: connect to service, client_id= JZ5mhcnQ4GDHElMd, this= 0x248bc1818a0
[2025-04-24 10:42:41.446] [PSS] [info] [22944|30404]streaming_client_impl.cpp:25 ConnectToService: client_id= JZ5mhcnQ4GDHElMd, name= 3D Engine, desp= StreamingSceneRender, this= 0x2489308b160
[2025-04-24 10:42:41.446] [PSS] [debug] [22944|36316]streaming_client_impl.cpp:137 InvokeConnectToService: connect to service through the network, port= 54000, this= 0x2489308b160
[2025-04-24 10:42:41.446] [PSS] [debug] [22944|36316]transport_client_tcp3.cpp:34 Start: buffer size(send\recv): 2097152\2097152, this= 0x249d37890a0
[2025-04-24 10:42:41.446] [PSS] [info] [22944|36316]transport_client_tcp3.cpp:59 Start: server= 127.0.0.1:54000, local=0.0.0.0:0, this= 0x249d37890a0
[2025-04-24 10:42:43.485] [PSS] [info] [22944|14640]streaming_client_impl.cpp:62 NotifyConnectResult: network connect to service result= 10061, this= 0x2489308b160
[2025-04-24 10:42:43.485] [PSS] [error] [22944|14640]streaming_client_impl.cpp:64 NotifyConnectResult: connect to service network error= 10061, this= 0x2489308b160
[2025-04-24 10:42:43.485] [PSS] [error] [22944|36316]streaming_driver_interface_impl.cpp:332 NotifyClientConnectResult: connect to service failed, Network Error, this= 0x248bc1818a0
[2025-04-24 10:42:43.485] [PSS] [error] [22944|14640]transport_client_tcp3.cpp:129 HandleConnect: connected error= 由于目标计算机积极拒绝，无法连接。, this= 0x249d37890a0
[2025-04-24 10:43:54.532] [PSS] [debug] [22944|30404]streaming_driver_interface_impl.cpp:19 StreamingDriverInterfaceImpl: callback= 0x248df846e80, this= 0x248bc17d080
[2025-04-24 10:43:54.533] [PSS] [error] [22944|30404]streaming_driver_interface_impl.cpp:115 SetTrackingOrigin: streaming not started, this= 0x248bc17d080
[2025-04-24 10:43:54.533] [PSS] [info] [22944|30404]streaming_driver_interface_impl.cpp:24 ConnectToService: connect to service, client_id= riIIGvRAuVkhv5KK, this= 0x248bc17d080
[2025-04-24 10:43:54.533] [PSS] [info] [22944|30404]streaming_client_impl.cpp:25 ConnectToService: client_id= riIIGvRAuVkhv5KK, name= 3D Engine, desp= StreamingSceneRender, this= 0x248dfcd3bb0
[2025-04-24 10:43:54.533] [PSS] [debug] [22944|5460]streaming_client_impl.cpp:137 InvokeConnectToService: connect to service through the network, port= 54000, this= 0x248dfcd3bb0
[2025-04-24 10:43:54.533] [PSS] [debug] [22944|5460]transport_client_tcp3.cpp:34 Start: buffer size(send\recv): 2097152\2097152, this= 0x249d37888c0
[2025-04-24 10:43:54.533] [PSS] [info] [22944|5460]transport_client_tcp3.cpp:59 Start: server= 127.0.0.1:54000, local=0.0.0.0:0, this= 0x249d37888c0
[2025-04-24 10:43:56.564] [PSS] [info] [22944|16864]streaming_client_impl.cpp:62 NotifyConnectResult: network connect to service result= 10061, this= 0x248dfcd3bb0
[2025-04-24 10:43:56.564] [PSS] [error] [22944|16864]streaming_client_impl.cpp:64 NotifyConnectResult: connect to service network error= 10061, this= 0x248dfcd3bb0
[2025-04-24 10:43:56.564] [PSS] [error] [22944|5460]streaming_driver_interface_impl.cpp:332 NotifyClientConnectResult: connect to service failed, Network Error, this= 0x248bc17d080
[2025-04-24 10:43:56.564] [PSS] [error] [22944|16864]transport_client_tcp3.cpp:129 HandleConnect: connected error= 由于目标计算机积极拒绝，无法连接。, this= 0x249d37888c0
[2025-04-24 10:45:20.152] [PSS] [debug] [22944|30404]streaming_driver_interface_impl.cpp:19 StreamingDriverInterfaceImpl: callback= 0x249ec722c60, this= 0x248bc1818a0
[2025-04-24 10:45:20.152] [PSS] [error] [22944|30404]streaming_driver_interface_impl.cpp:115 SetTrackingOrigin: streaming not started, this= 0x248bc1818a0
[2025-04-24 10:45:20.152] [PSS] [info] [22944|30404]streaming_driver_interface_impl.cpp:24 ConnectToService: connect to service, client_id= yhFdc2BUaJipn6e8, this= 0x248bc1818a0
[2025-04-24 10:45:20.152] [PSS] [info] [22944|30404]streaming_client_impl.cpp:25 ConnectToService: client_id= yhFdc2BUaJipn6e8, name= 3D Engine, desp= StreamingSceneRender, this= 0x2489308a6c0
[2025-04-24 10:45:20.152] [PSS] [debug] [22944|31068]streaming_client_impl.cpp:137 InvokeConnectToService: connect to service through the network, port= 54000, this= 0x2489308a6c0
[2025-04-24 10:45:20.152] [PSS] [debug] [22944|31068]transport_client_tcp3.cpp:34 Start: buffer size(send\recv): 2097152\2097152, this= 0x249d378a060
[2025-04-24 10:45:20.152] [PSS] [info] [22944|31068]transport_client_tcp3.cpp:59 Start: server= 127.0.0.1:54000, local=0.0.0.0:0, this= 0x249d378a060
[2025-04-24 10:45:22.200] [PSS] [info] [22944|38784]streaming_client_impl.cpp:62 NotifyConnectResult: network connect to service result= 10061, this= 0x2489308a6c0
[2025-04-24 10:45:22.200] [PSS] [error] [22944|38784]streaming_client_impl.cpp:64 NotifyConnectResult: connect to service network error= 10061, this= 0x2489308a6c0
[2025-04-24 10:45:22.200] [PSS] [error] [22944|38784]transport_client_tcp3.cpp:129 HandleConnect: connected error= 由于目标计算机积极拒绝，无法连接。, this= 0x249d378a060
[2025-04-24 10:45:22.200] [PSS] [error] [22944|31068]streaming_driver_interface_impl.cpp:332 NotifyClientConnectResult: connect to service failed, Network Error, this= 0x248bc1818a0
[2025-04-24 10:45:38.292] [PSS] [debug] [22944|30404]streaming_driver_interface_impl.cpp:19 StreamingDriverInterfaceImpl: callback= 0x249c7067540, this= 0x248bc17f490
[2025-04-24 10:45:38.293] [PSS] [error] [22944|30404]streaming_driver_interface_impl.cpp:115 SetTrackingOrigin: streaming not started, this= 0x248bc17f490
[2025-04-24 10:45:38.293] [PSS] [info] [22944|30404]streaming_driver_interface_impl.cpp:24 ConnectToService: connect to service, client_id= q8ffkI1bH6F4RyPn, this= 0x248bc17f490
[2025-04-24 10:45:38.293] [PSS] [info] [22944|30404]streaming_client_impl.cpp:25 ConnectToService: client_id= q8ffkI1bH6F4RyPn, name= 3D Engine, desp= StreamingSceneRender, this= 0x248930893a0
[2025-04-24 10:45:38.293] [PSS] [debug] [22944|29956]streaming_client_impl.cpp:137 InvokeConnectToService: connect to service through the network, port= 54000, this= 0x248930893a0
[2025-04-24 10:45:38.293] [PSS] [debug] [22944|29956]transport_client_tcp3.cpp:34 Start: buffer size(send\recv): 2097152\2097152, this= 0x249d3789dc0
[2025-04-24 10:45:38.293] [PSS] [info] [22944|29956]transport_client_tcp3.cpp:59 Start: server= 127.0.0.1:54000, local=0.0.0.0:0, this= 0x249d3789dc0
[2025-04-24 10:45:40.347] [PSS] [info] [22944|9484]streaming_client_impl.cpp:62 NotifyConnectResult: network connect to service result= 10061, this= 0x248930893a0
[2025-04-24 10:45:40.347] [PSS] [error] [22944|9484]streaming_client_impl.cpp:64 NotifyConnectResult: connect to service network error= 10061, this= 0x248930893a0
[2025-04-24 10:45:40.347] [PSS] [error] [22944|29956]streaming_driver_interface_impl.cpp:332 NotifyClientConnectResult: connect to service failed, Network Error, this= 0x248bc17f490
[2025-04-24 10:45:40.347] [PSS] [error] [22944|9484]transport_client_tcp3.cpp:129 HandleConnect: connected error= 由于目标计算机积极拒绝，无法连接。, this= 0x249d3789dc0
[2025-04-24 10:48:19.201] [PSS] [debug] [22944|30404]streaming_driver_interface_impl.cpp:19 StreamingDriverInterfaceImpl: callback= 0x2492d24b450, this= 0x248bc1818a0
[2025-04-24 10:48:19.201] [PSS] [error] [22944|30404]streaming_driver_interface_impl.cpp:115 SetTrackingOrigin: streaming not started, this= 0x248bc1818a0
[2025-04-24 10:48:19.201] [PSS] [info] [22944|30404]streaming_driver_interface_impl.cpp:24 ConnectToService: connect to service, client_id= UeEQujkssHonye6J, this= 0x248bc1818a0
[2025-04-24 10:48:19.201] [PSS] [info] [22944|30404]streaming_client_impl.cpp:25 ConnectToService: client_id= UeEQujkssHonye6J, name= 3D Engine, desp= StreamingSceneRender, this= 0x2499fcfe590
[2025-04-24 10:48:19.202] [PSS] [debug] [22944|19664]streaming_client_impl.cpp:137 InvokeConnectToService: connect to service through the network, port= 54000, this= 0x2499fcfe590
[2025-04-24 10:48:19.202] [PSS] [debug] [22944|19664]transport_client_tcp3.cpp:34 Start: buffer size(send\recv): 2097152\2097152, this= 0x249d378a060
[2025-04-24 10:48:19.202] [PSS] [info] [22944|19664]transport_client_tcp3.cpp:59 Start: server= 127.0.0.1:54000, local=0.0.0.0:0, this= 0x249d378a060
[2025-04-24 10:48:21.257] [PSS] [info] [22944|7448]streaming_client_impl.cpp:62 NotifyConnectResult: network connect to service result= 10061, this= 0x2499fcfe590
[2025-04-24 10:48:21.257] [PSS] [error] [22944|7448]streaming_client_impl.cpp:64 NotifyConnectResult: connect to service network error= 10061, this= 0x2499fcfe590
[2025-04-24 10:48:21.257] [PSS] [error] [22944|19664]streaming_driver_interface_impl.cpp:332 NotifyClientConnectResult: connect to service failed, Network Error, this= 0x248bc1818a0
[2025-04-24 10:48:21.257] [PSS] [error] [22944|7448]transport_client_tcp3.cpp:129 HandleConnect: connected error= 由于目标计算机积极拒绝，无法连接。, this= 0x249d378a060
[2025-04-24 11:22:02.783] [PSS] [debug] [22944|30404]streaming_driver_interface_impl.cpp:19 StreamingDriverInterfaceImpl: callback= 0x249df7a7dc0, this= 0x248bc17d080
[2025-04-24 11:22:02.784] [PSS] [error] [22944|30404]streaming_driver_interface_impl.cpp:115 SetTrackingOrigin: streaming not started, this= 0x248bc17d080
[2025-04-24 11:22:02.784] [PSS] [info] [22944|30404]streaming_driver_interface_impl.cpp:24 ConnectToService: connect to service, client_id= Xt6JX9YmEXEEgkmc, this= 0x248bc17d080
[2025-04-24 11:22:02.784] [PSS] [info] [22944|30404]streaming_client_impl.cpp:25 ConnectToService: client_id= Xt6JX9YmEXEEgkmc, name= 3D Engine, desp= StreamingSceneRender, this= 0x249093518f0
[2025-04-24 11:22:02.784] [PSS] [debug] [22944|34724]streaming_client_impl.cpp:137 InvokeConnectToService: connect to service through the network, port= 54000, this= 0x249093518f0
[2025-04-24 11:22:02.784] [PSS] [debug] [22944|34724]transport_client_tcp3.cpp:34 Start: buffer size(send\recv): 2097152\2097152, this= 0x249d37890a0
[2025-04-24 11:22:02.784] [PSS] [info] [22944|34724]transport_client_tcp3.cpp:59 Start: server= 127.0.0.1:54000, local=0.0.0.0:0, this= 0x249d37890a0
[2025-04-24 11:22:04.816] [PSS] [info] [22944|14704]streaming_client_impl.cpp:62 NotifyConnectResult: network connect to service result= 10061, this= 0x249093518f0
[2025-04-24 11:22:04.816] [PSS] [error] [22944|14704]streaming_client_impl.cpp:64 NotifyConnectResult: connect to service network error= 10061, this= 0x249093518f0
[2025-04-24 11:22:04.816] [PSS] [error] [22944|34724]streaming_driver_interface_impl.cpp:332 NotifyClientConnectResult: connect to service failed, Network Error, this= 0x248bc17d080
[2025-04-24 11:22:04.816] [PSS] [error] [22944|14704]transport_client_tcp3.cpp:129 HandleConnect: connected error= 由于目标计算机积极拒绝，无法连接。, this= 0x249d37890a0
[2025-04-24 11:22:46.312] [PSS] [debug] [22944|30404]streaming_driver_interface_impl.cpp:19 StreamingDriverInterfaceImpl: callback= 0x248bc1b3850, this= 0x248bc17f490
[2025-04-24 11:22:46.312] [PSS] [error] [22944|30404]streaming_driver_interface_impl.cpp:115 SetTrackingOrigin: streaming not started, this= 0x248bc17f490
[2025-04-24 11:22:46.312] [PSS] [info] [22944|30404]streaming_driver_interface_impl.cpp:24 ConnectToService: connect to service, client_id= x78H9N6CTQZWMHVh, this= 0x248bc17f490
[2025-04-24 11:22:46.312] [PSS] [info] [22944|30404]streaming_client_impl.cpp:25 ConnectToService: client_id= x78H9N6CTQZWMHVh, name= 3D Engine, desp= StreamingSceneRender, this= 0x249c6ec1d60
[2025-04-24 11:22:46.312] [PSS] [debug] [22944|40168]streaming_client_impl.cpp:137 InvokeConnectToService: connect to service through the network, port= 54000, this= 0x249c6ec1d60
[2025-04-24 11:22:46.312] [PSS] [debug] [22944|40168]transport_client_tcp3.cpp:34 Start: buffer size(send\recv): 2097152\2097152, this= 0x249d3789b20
[2025-04-24 11:22:46.313] [PSS] [info] [22944|40168]transport_client_tcp3.cpp:59 Start: server= 127.0.0.1:54000, local=0.0.0.0:0, this= 0x249d3789b20
[2025-04-24 11:22:48.368] [PSS] [info] [22944|38060]streaming_client_impl.cpp:62 NotifyConnectResult: network connect to service result= 10061, this= 0x249c6ec1d60
[2025-04-24 11:22:48.368] [PSS] [error] [22944|38060]streaming_client_impl.cpp:64 NotifyConnectResult: connect to service network error= 10061, this= 0x249c6ec1d60
[2025-04-24 11:22:48.368] [PSS] [error] [22944|38060]transport_client_tcp3.cpp:129 HandleConnect: connected error= 由于目标计算机积极拒绝，无法连接。, this= 0x249d3789b20
[2025-04-24 11:22:48.368] [PSS] [error] [22944|40168]streaming_driver_interface_impl.cpp:332 NotifyClientConnectResult: connect to service failed, Network Error, this= 0x248bc17f490
[2025-04-24 12:08:56.582] [PSS] [debug] [22944|30404]streaming_driver_interface_impl.cpp:19 StreamingDriverInterfaceImpl: callback= 0x24886e11380, this= 0x248bc17d080
[2025-04-24 12:08:56.583] [PSS] [error] [22944|30404]streaming_driver_interface_impl.cpp:115 SetTrackingOrigin: streaming not started, this= 0x248bc17d080
[2025-04-24 12:08:56.583] [PSS] [info] [22944|30404]streaming_driver_interface_impl.cpp:24 ConnectToService: connect to service, client_id= SGX2kYKBVJmF2rL4, this= 0x248bc17d080
[2025-04-24 12:08:56.583] [PSS] [info] [22944|30404]streaming_client_impl.cpp:25 ConnectToService: client_id= SGX2kYKBVJmF2rL4, name= 3D Engine, desp= StreamingSceneRender, this= 0x249012ca5d0
[2025-04-24 12:08:56.583] [PSS] [debug] [22944|38784]streaming_client_impl.cpp:137 InvokeConnectToService: connect to service through the network, port= 54000, this= 0x249012ca5d0
[2025-04-24 12:08:56.583] [PSS] [debug] [22944|38784]transport_client_tcp3.cpp:34 Start: buffer size(send\recv): 2097152\2097152, this= 0x249d37890a0
[2025-04-24 12:08:56.583] [PSS] [info] [22944|38784]transport_client_tcp3.cpp:59 Start: server= 127.0.0.1:54000, local=0.0.0.0:0, this= 0x249d37890a0
[2025-04-24 12:08:58.624] [PSS] [info] [22944|21492]streaming_client_impl.cpp:62 NotifyConnectResult: network connect to service result= 10061, this= 0x249012ca5d0
[2025-04-24 12:08:58.624] [PSS] [error] [22944|21492]streaming_client_impl.cpp:64 NotifyConnectResult: connect to service network error= 10061, this= 0x249012ca5d0
[2025-04-24 12:08:58.624] [PSS] [error] [22944|21492]transport_client_tcp3.cpp:129 HandleConnect: connected error= 由于目标计算机积极拒绝，无法连接。, this= 0x249d37890a0
[2025-04-24 12:08:58.624] [PSS] [error] [22944|38784]streaming_driver_interface_impl.cpp:332 NotifyClientConnectResult: connect to service failed, Network Error, this= 0x248bc17d080
[2025-04-24 22:03:55.717] [PSS] [info] ***********  Log Begin **********
[2025-04-24 22:03:55.717] [PSS] [info] process id= 5364
[2025-04-24 22:03:55.717] [PSS] [debug] [5364|19952]streaming_driver_interface_impl.cpp:19 StreamingDriverInterfaceImpl: callback= 0x1bcd7de2b30, this= 0x1bda92d86d0
[2025-04-24 22:03:55.717] [PSS] [error] [5364|19952]streaming_driver_interface_impl.cpp:115 SetTrackingOrigin: streaming not started, this= 0x1bda92d86d0
[2025-04-24 22:03:55.717] [PSS] [info] [5364|19952]streaming_driver_interface_impl.cpp:24 ConnectToService: connect to service, client_id= mQgwzYpClSAY3eUA, this= 0x1bda92d86d0
[2025-04-24 22:03:55.717] [PSS] [info] [5364|19952]streaming_client_impl.cpp:25 ConnectToService: client_id= mQgwzYpClSAY3eUA, name= 3D Engine, desp= StreamingSceneRender, this= 0x1be0360a6b0
[2025-04-24 22:03:55.718] [PSS] [debug] [5364|3120]streaming_client_impl.cpp:137 InvokeConnectToService: connect to service through the network, port= 54000, this= 0x1be0360a6b0
[2025-04-24 22:03:55.718] [PSS] [debug] [5364|3120]transport_client_tcp3.cpp:34 Start: buffer size(send\recv): 2097152\2097152, this= 0x1bd415ed060
[2025-04-24 22:03:55.718] [PSS] [info] [5364|3120]transport_client_tcp3.cpp:59 Start: server= 127.0.0.1:54000, local=0.0.0.0:0, this= 0x1bd415ed060
[2025-04-24 22:03:57.769] [PSS] [info] [5364|30816]streaming_client_impl.cpp:62 NotifyConnectResult: network connect to service result= 10061, this= 0x1be0360a6b0
[2025-04-24 22:03:57.769] [PSS] [error] [5364|30816]streaming_client_impl.cpp:64 NotifyConnectResult: connect to service network error= 10061, this= 0x1be0360a6b0
[2025-04-24 22:03:57.769] [PSS] [error] [5364|3120]streaming_driver_interface_impl.cpp:332 NotifyClientConnectResult: connect to service failed, Network Error, this= 0x1bda92d86d0
[2025-04-24 22:03:57.769] [PSS] [error] [5364|30816]transport_client_tcp3.cpp:129 HandleConnect: connected error= 由于目标计算机积极拒绝，无法连接。, this= 0x1bd415ed060
[2025-04-24 22:04:13.017] [PSS] [debug] [5364|19952]streaming_driver_interface_impl.cpp:19 StreamingDriverInterfaceImpl: callback= 0x1bcf89db860, this= 0x1bcd6ac9710
[2025-04-24 22:04:13.018] [PSS] [error] [5364|19952]streaming_driver_interface_impl.cpp:115 SetTrackingOrigin: streaming not started, this= 0x1bcd6ac9710
[2025-04-24 22:04:13.018] [PSS] [info] [5364|19952]streaming_driver_interface_impl.cpp:24 ConnectToService: connect to service, client_id= EBczV1foK64Mbvi4, this= 0x1bcd6ac9710
[2025-04-24 22:04:13.018] [PSS] [info] [5364|19952]streaming_client_impl.cpp:25 ConnectToService: client_id= EBczV1foK64Mbvi4, name= 3D Engine, desp= StreamingSceneRender, this= 0x1bdd5659f30
[2025-04-24 22:04:13.018] [PSS] [debug] [5364|24192]streaming_client_impl.cpp:137 InvokeConnectToService: connect to service through the network, port= 54000, this= 0x1bdd5659f30
[2025-04-24 22:04:13.018] [PSS] [debug] [5364|24192]transport_client_tcp3.cpp:34 Start: buffer size(send\recv): 2097152\2097152, this= 0x1bd415ecdc0
[2025-04-24 22:04:13.018] [PSS] [info] [5364|24192]transport_client_tcp3.cpp:59 Start: server= 127.0.0.1:54000, local=0.0.0.0:0, this= 0x1bd415ecdc0
[2025-04-24 22:04:15.050] [PSS] [info] [5364|38348]streaming_client_impl.cpp:62 NotifyConnectResult: network connect to service result= 10061, this= 0x1bdd5659f30
[2025-04-24 22:04:15.050] [PSS] [error] [5364|38348]streaming_client_impl.cpp:64 NotifyConnectResult: connect to service network error= 10061, this= 0x1bdd5659f30
[2025-04-24 22:04:15.050] [PSS] [error] [5364|38348]transport_client_tcp3.cpp:129 HandleConnect: connected error= 由于目标计算机积极拒绝，无法连接。, this= 0x1bd415ecdc0
[2025-04-24 22:04:15.050] [PSS] [error] [5364|24192]streaming_driver_interface_impl.cpp:332 NotifyClientConnectResult: connect to service failed, Network Error, this= 0x1bcd6ac9710
[2025-04-24 22:04:21.595] [PSS] [debug] [5364|19952]streaming_driver_interface_impl.cpp:19 StreamingDriverInterfaceImpl: callback= 0x1bd40db8910, this= 0x1bda92d86d0
[2025-04-24 22:04:21.595] [PSS] [error] [5364|19952]streaming_driver_interface_impl.cpp:115 SetTrackingOrigin: streaming not started, this= 0x1bda92d86d0
[2025-04-24 22:04:21.595] [PSS] [info] [5364|19952]streaming_driver_interface_impl.cpp:24 ConnectToService: connect to service, client_id= OJj7Ca14JftmcqCV, this= 0x1bda92d86d0
[2025-04-24 22:04:21.595] [PSS] [info] [5364|19952]streaming_client_impl.cpp:25 ConnectToService: client_id= OJj7Ca14JftmcqCV, name= 3D Engine, desp= StreamingSceneRender, this= 0x1bcb10f0b80
[2025-04-24 22:04:21.595] [PSS] [debug] [5364|23360]streaming_client_impl.cpp:137 InvokeConnectToService: connect to service through the network, port= 54000, this= 0x1bcb10f0b80
[2025-04-24 22:04:21.596] [PSS] [debug] [5364|23360]transport_client_tcp3.cpp:34 Start: buffer size(send\recv): 2097152\2097152, this= 0x1bd415eefe0
[2025-04-24 22:04:21.596] [PSS] [info] [5364|23360]transport_client_tcp3.cpp:59 Start: server= 127.0.0.1:54000, local=0.0.0.0:0, this= 0x1bd415eefe0
[2025-04-24 22:04:23.631] [PSS] [info] [5364|34236]streaming_client_impl.cpp:62 NotifyConnectResult: network connect to service result= 10061, this= 0x1bcb10f0b80
[2025-04-24 22:04:23.631] [PSS] [error] [5364|34236]streaming_client_impl.cpp:64 NotifyConnectResult: connect to service network error= 10061, this= 0x1bcb10f0b80
[2025-04-24 22:04:23.631] [PSS] [error] [5364|34236]transport_client_tcp3.cpp:129 HandleConnect: connected error= 由于目标计算机积极拒绝，无法连接。, this= 0x1bd415eefe0
[2025-04-24 22:04:23.631] [PSS] [error] [5364|23360]streaming_driver_interface_impl.cpp:332 NotifyClientConnectResult: connect to service failed, Network Error, this= 0x1bda92d86d0
[2025-04-24 22:07:23.002] [PSS] [debug] [5364|19952]streaming_driver_interface_impl.cpp:19 StreamingDriverInterfaceImpl: callback= 0x1be03f36180, this= 0x1bcf94f1020
[2025-04-24 22:07:23.003] [PSS] [error] [5364|19952]streaming_driver_interface_impl.cpp:115 SetTrackingOrigin: streaming not started, this= 0x1bcf94f1020
[2025-04-24 22:07:23.003] [PSS] [info] [5364|19952]streaming_driver_interface_impl.cpp:24 ConnectToService: connect to service, client_id= UYOKOaWuc2kjw14c, this= 0x1bcf94f1020
[2025-04-24 22:07:23.003] [PSS] [info] [5364|19952]streaming_client_impl.cpp:25 ConnectToService: client_id= UYOKOaWuc2kjw14c, name= 3D Engine, desp= StreamingSceneRender, this= 0x1bd416d3200
[2025-04-24 22:07:23.003] [PSS] [debug] [5364|6328]streaming_client_impl.cpp:137 InvokeConnectToService: connect to service through the network, port= 54000, this= 0x1bd416d3200
[2025-04-24 22:07:23.003] [PSS] [debug] [5364|6328]transport_client_tcp3.cpp:34 Start: buffer size(send\recv): 2097152\2097152, this= 0x1bd415ed840
[2025-04-24 22:07:23.003] [PSS] [info] [5364|6328]transport_client_tcp3.cpp:59 Start: server= 127.0.0.1:54000, local=0.0.0.0:0, this= 0x1bd415ed840
[2025-04-24 22:07:25.014] [PSS] [info] [5364|9872]streaming_client_impl.cpp:62 NotifyConnectResult: network connect to service result= 10061, this= 0x1bd416d3200
[2025-04-24 22:07:25.014] [PSS] [error] [5364|9872]streaming_client_impl.cpp:64 NotifyConnectResult: connect to service network error= 10061, this= 0x1bd416d3200
[2025-04-24 22:07:25.014] [PSS] [error] [5364|9872]transport_client_tcp3.cpp:129 HandleConnect: connected error= 由于目标计算机积极拒绝，无法连接。, this= 0x1bd415ed840
[2025-04-24 22:07:25.014] [PSS] [error] [5364|6328]streaming_driver_interface_impl.cpp:332 NotifyClientConnectResult: connect to service failed, Network Error, this= 0x1bcf94f1020
[2025-04-24 22:10:15.274] [PSS] [debug] [5364|19952]streaming_driver_interface_impl.cpp:19 StreamingDriverInterfaceImpl: callback= 0x1bd414e1e40, this= 0x1baa88c3b40
[2025-04-24 22:10:15.275] [PSS] [error] [5364|19952]streaming_driver_interface_impl.cpp:115 SetTrackingOrigin: streaming not started, this= 0x1baa88c3b40
[2025-04-24 22:10:15.275] [PSS] [info] [5364|19952]streaming_driver_interface_impl.cpp:24 ConnectToService: connect to service, client_id= nmKHLehfaH9EioJd, this= 0x1baa88c3b40
[2025-04-24 22:10:15.275] [PSS] [info] [5364|19952]streaming_client_impl.cpp:25 ConnectToService: client_id= nmKHLehfaH9EioJd, name= 3D Engine, desp= StreamingSceneRender, this= 0x1bdd4c385d0
[2025-04-24 22:10:15.275] [PSS] [debug] [5364|7552]streaming_client_impl.cpp:137 InvokeConnectToService: connect to service through the network, port= 54000, this= 0x1bdd4c385d0
[2025-04-24 22:10:15.275] [PSS] [debug] [5364|7552]transport_client_tcp3.cpp:34 Start: buffer size(send\recv): 2097152\2097152, this= 0x1bd415effa0
[2025-04-24 22:10:15.275] [PSS] [info] [5364|7552]transport_client_tcp3.cpp:59 Start: server= 127.0.0.1:54000, local=0.0.0.0:0, this= 0x1bd415effa0
[2025-04-24 22:10:17.307] [PSS] [info] [5364|40476]streaming_client_impl.cpp:62 NotifyConnectResult: network connect to service result= 10061, this= 0x1bdd4c385d0
[2025-04-24 22:10:17.307] [PSS] [error] [5364|40476]streaming_client_impl.cpp:64 NotifyConnectResult: connect to service network error= 10061, this= 0x1bdd4c385d0
[2025-04-24 22:10:17.307] [PSS] [error] [5364|40476]transport_client_tcp3.cpp:129 HandleConnect: connected error= 由于目标计算机积极拒绝，无法连接。, this= 0x1bd415effa0
[2025-04-24 22:10:17.307] [PSS] [error] [5364|7552]streaming_driver_interface_impl.cpp:332 NotifyClientConnectResult: connect to service failed, Network Error, this= 0x1baa88c3b40
[2025-04-24 22:10:24.989] [PSS] [debug] [5364|19952]streaming_driver_interface_impl.cpp:19 StreamingDriverInterfaceImpl: callback= 0x1baa2998980, this= 0x1bcf8f06b40
[2025-04-24 22:10:24.990] [PSS] [error] [5364|19952]streaming_driver_interface_impl.cpp:115 SetTrackingOrigin: streaming not started, this= 0x1bcf8f06b40
[2025-04-24 22:10:24.990] [PSS] [info] [5364|19952]streaming_driver_interface_impl.cpp:24 ConnectToService: connect to service, client_id= BskQSJQmk6MjvqBm, this= 0x1bcf8f06b40
[2025-04-24 22:10:24.990] [PSS] [info] [5364|19952]streaming_client_impl.cpp:25 ConnectToService: client_id= BskQSJQmk6MjvqBm, name= 3D Engine, desp= StreamingSceneRender, this= 0x1bd40d46b40
[2025-04-24 22:10:24.990] [PSS] [debug] [5364|22352]streaming_client_impl.cpp:137 InvokeConnectToService: connect to service through the network, port= 54000, this= 0x1bd40d46b40
[2025-04-24 22:10:24.990] [PSS] [debug] [5364|22352]transport_client_tcp3.cpp:34 Start: buffer size(send\recv): 2097152\2097152, this= 0x1bd415efd00
[2025-04-24 22:10:24.990] [PSS] [info] [5364|22352]transport_client_tcp3.cpp:59 Start: server= 127.0.0.1:54000, local=0.0.0.0:0, this= 0x1bd415efd00
[2025-04-24 22:10:27.043] [PSS] [info] [5364|28900]streaming_client_impl.cpp:62 NotifyConnectResult: network connect to service result= 10061, this= 0x1bd40d46b40
[2025-04-24 22:10:27.043] [PSS] [error] [5364|28900]streaming_client_impl.cpp:64 NotifyConnectResult: connect to service network error= 10061, this= 0x1bd40d46b40
[2025-04-24 22:10:27.043] [PSS] [error] [5364|22352]streaming_driver_interface_impl.cpp:332 NotifyClientConnectResult: connect to service failed, Network Error, this= 0x1bcf8f06b40
[2025-04-24 22:10:27.043] [PSS] [error] [5364|28900]transport_client_tcp3.cpp:129 HandleConnect: connected error= 由于目标计算机积极拒绝，无法连接。, this= 0x1bd415efd00
[2025-04-24 22:10:35.257] [PSS] [debug] [5364|19952]streaming_driver_interface_impl.cpp:19 StreamingDriverInterfaceImpl: callback= 0x1bd4164e120, this= 0x1bdc262c030
[2025-04-24 22:10:35.258] [PSS] [error] [5364|19952]streaming_driver_interface_impl.cpp:115 SetTrackingOrigin: streaming not started, this= 0x1bdc262c030
[2025-04-24 22:10:35.258] [PSS] [info] [5364|19952]streaming_driver_interface_impl.cpp:24 ConnectToService: connect to service, client_id= kaXReL6SW4RIj94p, this= 0x1bdc262c030
[2025-04-24 22:10:35.258] [PSS] [info] [5364|19952]streaming_client_impl.cpp:25 ConnectToService: client_id= kaXReL6SW4RIj94p, name= 3D Engine, desp= StreamingSceneRender, this= 0x1bd4048a8e0
[2025-04-24 22:10:35.258] [PSS] [debug] [5364|18592]streaming_client_impl.cpp:137 InvokeConnectToService: connect to service through the network, port= 54000, this= 0x1bd4048a8e0
[2025-04-24 22:10:35.258] [PSS] [debug] [5364|18592]transport_client_tcp3.cpp:34 Start: buffer size(send\recv): 2097152\2097152, this= 0x1bd415ecdc0
[2025-04-24 22:10:35.258] [PSS] [info] [5364|18592]transport_client_tcp3.cpp:59 Start: server= 127.0.0.1:54000, local=0.0.0.0:0, this= 0x1bd415ecdc0
[2025-04-24 22:10:37.306] [PSS] [info] [5364|19376]streaming_client_impl.cpp:62 NotifyConnectResult: network connect to service result= 10061, this= 0x1bd4048a8e0
[2025-04-24 22:10:37.306] [PSS] [error] [5364|19376]streaming_client_impl.cpp:64 NotifyConnectResult: connect to service network error= 10061, this= 0x1bd4048a8e0
[2025-04-24 22:10:37.306] [PSS] [error] [5364|18592]streaming_driver_interface_impl.cpp:332 NotifyClientConnectResult: connect to service failed, Network Error, this= 0x1bdc262c030
[2025-04-24 22:10:37.306] [PSS] [error] [5364|19376]transport_client_tcp3.cpp:129 HandleConnect: connected error= 由于目标计算机积极拒绝，无法连接。, this= 0x1bd415ecdc0
[2025-04-24 22:16:02.156] [PSS] [debug] [5364|19952]streaming_driver_interface_impl.cpp:19 StreamingDriverInterfaceImpl: callback= 0x1baa4103280, this= 0x1bd4ce46030
[2025-04-24 22:16:02.156] [PSS] [error] [5364|19952]streaming_driver_interface_impl.cpp:115 SetTrackingOrigin: streaming not started, this= 0x1bd4ce46030
[2025-04-24 22:16:02.156] [PSS] [info] [5364|19952]streaming_driver_interface_impl.cpp:24 ConnectToService: connect to service, client_id= x4YlpO2und8G6UHZ, this= 0x1bd4ce46030
[2025-04-24 22:16:02.156] [PSS] [info] [5364|19952]streaming_client_impl.cpp:25 ConnectToService: client_id= x4YlpO2und8G6UHZ, name= 3D Engine, desp= StreamingSceneRender, this= 0x1bcd6acbbe0
[2025-04-24 22:16:02.156] [PSS] [debug] [5364|40032]streaming_client_impl.cpp:137 InvokeConnectToService: connect to service through the network, port= 54000, this= 0x1bcd6acbbe0
[2025-04-24 22:16:02.156] [PSS] [debug] [5364|40032]transport_client_tcp3.cpp:34 Start: buffer size(send\recv): 2097152\2097152, this= 0x1bd415efa60
[2025-04-24 22:16:02.156] [PSS] [info] [5364|40032]transport_client_tcp3.cpp:59 Start: server= 127.0.0.1:54000, local=0.0.0.0:0, this= 0x1bd415efa60
[2025-04-24 22:16:04.189] [PSS] [info] [5364|14576]streaming_client_impl.cpp:62 NotifyConnectResult: network connect to service result= 10061, this= 0x1bcd6acbbe0
[2025-04-24 22:16:04.189] [PSS] [error] [5364|14576]streaming_client_impl.cpp:64 NotifyConnectResult: connect to service network error= 10061, this= 0x1bcd6acbbe0
[2025-04-24 22:16:04.189] [PSS] [error] [5364|40032]streaming_driver_interface_impl.cpp:332 NotifyClientConnectResult: connect to service failed, Network Error, this= 0x1bd4ce46030
[2025-04-24 22:16:04.189] [PSS] [error] [5364|14576]transport_client_tcp3.cpp:129 HandleConnect: connected error= 由于目标计算机积极拒绝，无法连接。, this= 0x1bd415efa60
[2025-04-24 22:32:50.478] [PSS] [debug] [5364|19952]streaming_driver_interface_impl.cpp:19 StreamingDriverInterfaceImpl: callback= 0x1bd84abce60, this= 0x1baa3ad7980
[2025-04-24 22:32:50.479] [PSS] [error] [5364|19952]streaming_driver_interface_impl.cpp:115 SetTrackingOrigin: streaming not started, this= 0x1baa3ad7980
[2025-04-24 22:32:50.479] [PSS] [info] [5364|19952]streaming_driver_interface_impl.cpp:24 ConnectToService: connect to service, client_id= j1KpW9eek1lQTm7a, this= 0x1baa3ad7980
[2025-04-24 22:32:50.479] [PSS] [info] [5364|19952]streaming_client_impl.cpp:25 ConnectToService: client_id= j1KpW9eek1lQTm7a, name= 3D Engine, desp= StreamingSceneRender, this= 0x1baf7dad690
[2025-04-24 22:32:50.479] [PSS] [debug] [5364|11888]streaming_client_impl.cpp:137 InvokeConnectToService: connect to service through the network, port= 54000, this= 0x1baf7dad690
[2025-04-24 22:32:50.479] [PSS] [debug] [5364|11888]transport_client_tcp3.cpp:34 Start: buffer size(send\recv): 2097152\2097152, this= 0x1bd415eeaa0
[2025-04-24 22:32:50.479] [PSS] [info] [5364|11888]transport_client_tcp3.cpp:59 Start: server= 127.0.0.1:54000, local=0.0.0.0:0, this= 0x1bd415eeaa0
[2025-04-24 22:32:52.524] [PSS] [info] [5364|10052]streaming_client_impl.cpp:62 NotifyConnectResult: network connect to service result= 10061, this= 0x1baf7dad690
[2025-04-24 22:32:52.524] [PSS] [error] [5364|10052]streaming_client_impl.cpp:64 NotifyConnectResult: connect to service network error= 10061, this= 0x1baf7dad690
[2025-04-24 22:32:52.524] [PSS] [error] [5364|10052]transport_client_tcp3.cpp:129 HandleConnect: connected error= 由于目标计算机积极拒绝，无法连接。, this= 0x1bd415eeaa0
[2025-04-24 22:32:52.524] [PSS] [error] [5364|11888]streaming_driver_interface_impl.cpp:332 NotifyClientConnectResult: connect to service failed, Network Error, this= 0x1baa3ad7980
[2025-04-24 22:40:22.612] [PSS] [debug] [5364|19952]streaming_driver_interface_impl.cpp:19 StreamingDriverInterfaceImpl: callback= 0x1bd4061b110, this= 0x1bd4ce46030
[2025-04-24 22:40:22.613] [PSS] [error] [5364|19952]streaming_driver_interface_impl.cpp:115 SetTrackingOrigin: streaming not started, this= 0x1bd4ce46030
[2025-04-24 22:40:22.613] [PSS] [info] [5364|19952]streaming_driver_interface_impl.cpp:24 ConnectToService: connect to service, client_id= YBFlA8YtsP7ouWO3, this= 0x1bd4ce46030
[2025-04-24 22:40:22.613] [PSS] [info] [5364|19952]streaming_client_impl.cpp:25 ConnectToService: client_id= YBFlA8YtsP7ouWO3, name= 3D Engine, desp= StreamingSceneRender, this= 0x1bda93d1bc0
[2025-04-24 22:40:22.613] [PSS] [debug] [5364|3320]streaming_client_impl.cpp:137 InvokeConnectToService: connect to service through the network, port= 54000, this= 0x1bda93d1bc0
[2025-04-24 22:40:22.613] [PSS] [debug] [5364|3320]transport_client_tcp3.cpp:34 Start: buffer size(send\recv): 2097152\2097152, this= 0x1bd415ecb20
[2025-04-24 22:40:22.613] [PSS] [info] [5364|3320]transport_client_tcp3.cpp:59 Start: server= 127.0.0.1:54000, local=0.0.0.0:0, this= 0x1bd415ecb20
[2025-04-24 22:40:24.655] [PSS] [info] [5364|16092]streaming_client_impl.cpp:62 NotifyConnectResult: network connect to service result= 10061, this= 0x1bda93d1bc0
[2025-04-24 22:40:24.655] [PSS] [error] [5364|16092]streaming_client_impl.cpp:64 NotifyConnectResult: connect to service network error= 10061, this= 0x1bda93d1bc0
[2025-04-24 22:40:24.655] [PSS] [error] [5364|3320]streaming_driver_interface_impl.cpp:332 NotifyClientConnectResult: connect to service failed, Network Error, this= 0x1bd4ce46030
[2025-04-24 22:40:24.655] [PSS] [error] [5364|16092]transport_client_tcp3.cpp:129 HandleConnect: connected error= 由于目标计算机积极拒绝，无法连接。, this= 0x1bd415ecb20
[2025-04-24 23:23:42.728] [PSS] [debug] [5364|19952]streaming_driver_interface_impl.cpp:19 StreamingDriverInterfaceImpl: callback= 0x1baa1decf60, this= 0x1baa8662020
[2025-04-24 23:23:42.733] [PSS] [error] [5364|19952]streaming_driver_interface_impl.cpp:115 SetTrackingOrigin: streaming not started, this= 0x1baa8662020
[2025-04-24 23:23:42.733] [PSS] [info] [5364|19952]streaming_driver_interface_impl.cpp:24 ConnectToService: connect to service, client_id= cFYrUXfK4Qrii5Bm, this= 0x1baa8662020
[2025-04-24 23:23:42.733] [PSS] [info] [5364|19952]streaming_client_impl.cpp:25 ConnectToService: client_id= cFYrUXfK4Qrii5Bm, name= 3D Engine, desp= StreamingSceneRender, this= 0x1bde1c62e50
[2025-04-24 23:23:42.733] [PSS] [debug] [5364|7764]streaming_client_impl.cpp:137 InvokeConnectToService: connect to service through the network, port= 54000, this= 0x1bde1c62e50
[2025-04-24 23:23:42.733] [PSS] [debug] [5364|7764]transport_client_tcp3.cpp:34 Start: buffer size(send\recv): 2097152\2097152, this= 0x1bd415ee560
[2025-04-24 23:23:42.733] [PSS] [info] [5364|7764]transport_client_tcp3.cpp:59 Start: server= 127.0.0.1:54000, local=0.0.0.0:0, this= 0x1bd415ee560
[2025-04-24 23:23:44.773] [PSS] [info] [5364|15148]streaming_client_impl.cpp:62 NotifyConnectResult: network connect to service result= 10061, this= 0x1bde1c62e50
[2025-04-24 23:23:44.773] [PSS] [error] [5364|15148]streaming_client_impl.cpp:64 NotifyConnectResult: connect to service network error= 10061, this= 0x1bde1c62e50
[2025-04-24 23:23:44.774] [PSS] [error] [5364|7764]streaming_driver_interface_impl.cpp:332 NotifyClientConnectResult: connect to service failed, Network Error, this= 0x1baa8662020
[2025-04-24 23:23:44.774] [PSS] [error] [5364|15148]transport_client_tcp3.cpp:129 HandleConnect: connected error= 由于目标计算机积极拒绝，无法连接。, this= 0x1bd415ee560
[2025-04-24 23:28:02.681] [PSS] [debug] [5364|19952]streaming_driver_interface_impl.cpp:19 StreamingDriverInterfaceImpl: callback= 0x1bdc0f59e60, this= 0x1bcd7d07f90
[2025-04-24 23:28:02.681] [PSS] [error] [5364|19952]streaming_driver_interface_impl.cpp:115 SetTrackingOrigin: streaming not started, this= 0x1bcd7d07f90
[2025-04-24 23:28:02.681] [PSS] [info] [5364|19952]streaming_driver_interface_impl.cpp:24 ConnectToService: connect to service, client_id= WUD7CFT7B47x88yg, this= 0x1bcd7d07f90
[2025-04-24 23:28:02.681] [PSS] [info] [5364|19952]streaming_client_impl.cpp:25 ConnectToService: client_id= WUD7CFT7B47x88yg, name= 3D Engine, desp= StreamingSceneRender, this= 0x1baa2ce62a0
[2025-04-24 23:28:02.681] [PSS] [debug] [5364|16120]streaming_client_impl.cpp:137 InvokeConnectToService: connect to service through the network, port= 54000, this= 0x1baa2ce62a0
[2025-04-24 23:28:02.682] [PSS] [debug] [5364|16120]transport_client_tcp3.cpp:34 Start: buffer size(send\recv): 2097152\2097152, this= 0x1bd415efa60
[2025-04-24 23:28:02.682] [PSS] [info] [5364|16120]transport_client_tcp3.cpp:59 Start: server= 127.0.0.1:54000, local=0.0.0.0:0, this= 0x1bd415efa60
[2025-04-24 23:28:04.732] [PSS] [info] [5364|712]streaming_client_impl.cpp:62 NotifyConnectResult: network connect to service result= 10061, this= 0x1baa2ce62a0
[2025-04-24 23:28:04.732] [PSS] [error] [5364|712]streaming_client_impl.cpp:64 NotifyConnectResult: connect to service network error= 10061, this= 0x1baa2ce62a0
[2025-04-24 23:28:04.732] [PSS] [error] [5364|16120]streaming_driver_interface_impl.cpp:332 NotifyClientConnectResult: connect to service failed, Network Error, this= 0x1bcd7d07f90
[2025-04-24 23:28:04.732] [PSS] [error] [5364|712]transport_client_tcp3.cpp:129 HandleConnect: connected error= 由于目标计算机积极拒绝，无法连接。, this= 0x1bd415efa60
[2025-04-24 23:29:12.587] [PSS] [debug] [5364|19952]streaming_driver_interface_impl.cpp:19 StreamingDriverInterfaceImpl: callback= 0x1baa8e21840, this= 0x1baa8662020
[2025-04-24 23:29:12.588] [PSS] [error] [5364|19952]streaming_driver_interface_impl.cpp:115 SetTrackingOrigin: streaming not started, this= 0x1baa8662020
[2025-04-24 23:29:12.588] [PSS] [info] [5364|19952]streaming_driver_interface_impl.cpp:24 ConnectToService: connect to service, client_id= DIqZFGJBOq7paaGI, this= 0x1baa8662020
[2025-04-24 23:29:12.588] [PSS] [info] [5364|19952]streaming_client_impl.cpp:25 ConnectToService: client_id= DIqZFGJBOq7paaGI, name= 3D Engine, desp= StreamingSceneRender, this= 0x1bd42291a10
[2025-04-24 23:29:12.588] [PSS] [debug] [5364|16940]streaming_client_impl.cpp:137 InvokeConnectToService: connect to service through the network, port= 54000, this= 0x1bd42291a10
[2025-04-24 23:29:12.588] [PSS] [debug] [5364|16940]transport_client_tcp3.cpp:34 Start: buffer size(send\recv): 2097152\2097152, this= 0x1bd415f0240
[2025-04-24 23:29:12.588] [PSS] [info] [5364|16940]transport_client_tcp3.cpp:59 Start: server= 127.0.0.1:54000, local=0.0.0.0:0, this= 0x1bd415f0240
[2025-04-24 23:29:14.616] [PSS] [info] [5364|22356]streaming_client_impl.cpp:62 NotifyConnectResult: network connect to service result= 10061, this= 0x1bd42291a10
[2025-04-24 23:29:14.616] [PSS] [error] [5364|22356]streaming_client_impl.cpp:64 NotifyConnectResult: connect to service network error= 10061, this= 0x1bd42291a10
[2025-04-24 23:29:14.616] [PSS] [error] [5364|16940]streaming_driver_interface_impl.cpp:332 NotifyClientConnectResult: connect to service failed, Network Error, this= 0x1baa8662020
[2025-04-24 23:29:14.616] [PSS] [error] [5364|22356]transport_client_tcp3.cpp:129 HandleConnect: connected error= 由于目标计算机积极拒绝，无法连接。, this= 0x1bd415f0240
[2025-04-25 00:41:26.069] [PSS] [debug] [5364|19952]streaming_driver_interface_impl.cpp:19 StreamingDriverInterfaceImpl: callback= 0x1baa24ebe70, this= 0x1bd5ceb2070
[2025-04-25 00:41:26.077] [PSS] [error] [5364|19952]streaming_driver_interface_impl.cpp:115 SetTrackingOrigin: streaming not started, this= 0x1bd5ceb2070
[2025-04-25 00:41:26.077] [PSS] [info] [5364|19952]streaming_driver_interface_impl.cpp:24 ConnectToService: connect to service, client_id= vWqFOyFr2VIaELKT, this= 0x1bd5ceb2070
[2025-04-25 00:41:26.077] [PSS] [info] [5364|19952]streaming_client_impl.cpp:25 ConnectToService: client_id= vWqFOyFr2VIaELKT, name= 3D Engine, desp= StreamingSceneRender, this= 0x1bd415ca8e0
[2025-04-25 00:41:26.077] [PSS] [debug] [5364|33444]streaming_client_impl.cpp:137 InvokeConnectToService: connect to service through the network, port= 54000, this= 0x1bd415ca8e0
[2025-04-25 00:41:26.078] [PSS] [debug] [5364|33444]transport_client_tcp3.cpp:34 Start: buffer size(send\recv): 2097152\2097152, this= 0x1bd415f04e0
[2025-04-25 00:41:26.078] [PSS] [info] [5364|33444]transport_client_tcp3.cpp:59 Start: server= 127.0.0.1:54000, local=0.0.0.0:0, this= 0x1bd415f04e0
[2025-04-25 00:41:28.118] [PSS] [info] [5364|27872]streaming_client_impl.cpp:62 NotifyConnectResult: network connect to service result= 10061, this= 0x1bd415ca8e0
[2025-04-25 00:41:28.118] [PSS] [error] [5364|27872]streaming_client_impl.cpp:64 NotifyConnectResult: connect to service network error= 10061, this= 0x1bd415ca8e0
[2025-04-25 00:41:28.118] [PSS] [error] [5364|33444]streaming_driver_interface_impl.cpp:332 NotifyClientConnectResult: connect to service failed, Network Error, this= 0x1bd5ceb2070
[2025-04-25 00:41:28.122] [PSS] [error] [5364|27872]transport_client_tcp3.cpp:129 HandleConnect: connected error= 由于目标计算机积极拒绝，无法连接。, this= 0x1bd415f04e0
[2025-04-25 01:16:57.915] [PSS] [debug] [5364|19952]streaming_driver_interface_impl.cpp:19 StreamingDriverInterfaceImpl: callback= 0x1bd54c9f4e0, this= 0x1bd54fbbbc0
[2025-04-25 01:16:57.917] [PSS] [error] [5364|19952]streaming_driver_interface_impl.cpp:115 SetTrackingOrigin: streaming not started, this= 0x1bd54fbbbc0
[2025-04-25 01:16:57.917] [PSS] [info] [5364|19952]streaming_driver_interface_impl.cpp:24 ConnectToService: connect to service, client_id= 1NOUexE2nOnJySNO, this= 0x1bd54fbbbc0
[2025-04-25 01:16:57.917] [PSS] [info] [5364|19952]streaming_client_impl.cpp:25 ConnectToService: client_id= 1NOUexE2nOnJySNO, name= 3D Engine, desp= StreamingSceneRender, this= 0x1bdd4fefd10
[2025-04-25 01:16:57.917] [PSS] [debug] [5364|22028]streaming_client_impl.cpp:137 InvokeConnectToService: connect to service through the network, port= 54000, this= 0x1bdd4fefd10
[2025-04-25 01:16:57.917] [PSS] [debug] [5364|22028]transport_client_tcp3.cpp:34 Start: buffer size(send\recv): 2097152\2097152, this= 0x1bd415eefe0
[2025-04-25 01:16:57.917] [PSS] [info] [5364|22028]transport_client_tcp3.cpp:59 Start: server= 127.0.0.1:54000, local=0.0.0.0:0, this= 0x1bd415eefe0
[2025-04-25 01:16:59.959] [PSS] [info] [5364|37732]streaming_client_impl.cpp:62 NotifyConnectResult: network connect to service result= 10061, this= 0x1bdd4fefd10
[2025-04-25 01:16:59.959] [PSS] [error] [5364|37732]streaming_client_impl.cpp:64 NotifyConnectResult: connect to service network error= 10061, this= 0x1bdd4fefd10
[2025-04-25 01:16:59.959] [PSS] [error] [5364|22028]streaming_driver_interface_impl.cpp:332 NotifyClientConnectResult: connect to service failed, Network Error, this= 0x1bd54fbbbc0
[2025-04-25 01:16:59.960] [PSS] [error] [5364|37732]transport_client_tcp3.cpp:129 HandleConnect: connected error= 由于目标计算机积极拒绝，无法连接。, this= 0x1bd415eefe0
[2025-04-25 01:38:41.849] [PSS] [debug] [5364|19952]streaming_driver_interface_impl.cpp:19 StreamingDriverInterfaceImpl: callback= 0x1baa5fdf3a0, this= 0x1bc795fd040
[2025-04-25 01:38:41.850] [PSS] [error] [5364|19952]streaming_driver_interface_impl.cpp:115 SetTrackingOrigin: streaming not started, this= 0x1bc795fd040
[2025-04-25 01:38:41.850] [PSS] [info] [5364|19952]streaming_driver_interface_impl.cpp:24 ConnectToService: connect to service, client_id= pmqTReQGRDBDlzvY, this= 0x1bc795fd040
[2025-04-25 01:38:41.850] [PSS] [info] [5364|19952]streaming_client_impl.cpp:25 ConnectToService: client_id= pmqTReQGRDBDlzvY, name= 3D Engine, desp= StreamingSceneRender, this= 0x1bdc2a992a0
[2025-04-25 01:38:41.850] [PSS] [debug] [5364|35672]streaming_client_impl.cpp:137 InvokeConnectToService: connect to service through the network, port= 54000, this= 0x1bdc2a992a0
[2025-04-25 01:38:41.850] [PSS] [debug] [5364|35672]transport_client_tcp3.cpp:34 Start: buffer size(send\recv): 2097152\2097152, this= 0x1bd415eeaa0
[2025-04-25 01:38:41.850] [PSS] [info] [5364|35672]transport_client_tcp3.cpp:59 Start: server= 127.0.0.1:54000, local=0.0.0.0:0, this= 0x1bd415eeaa0
[2025-04-25 01:38:43.897] [PSS] [info] [5364|14944]streaming_client_impl.cpp:62 NotifyConnectResult: network connect to service result= 10061, this= 0x1bdc2a992a0
[2025-04-25 01:38:43.897] [PSS] [error] [5364|14944]streaming_client_impl.cpp:64 NotifyConnectResult: connect to service network error= 10061, this= 0x1bdc2a992a0
[2025-04-25 01:38:43.897] [PSS] [error] [5364|35672]streaming_driver_interface_impl.cpp:332 NotifyClientConnectResult: connect to service failed, Network Error, this= 0x1bc795fd040
[2025-04-25 01:38:43.897] [PSS] [error] [5364|14944]transport_client_tcp3.cpp:129 HandleConnect: connected error= 由于目标计算机积极拒绝，无法连接。, this= 0x1bd415eeaa0
[2025-04-25 01:55:07.446] [PSS] [debug] [5364|19952]streaming_driver_interface_impl.cpp:19 StreamingDriverInterfaceImpl: callback= 0x1bc7747b450, this= 0x1baa357d050
[2025-04-25 01:55:07.447] [PSS] [error] [5364|19952]streaming_driver_interface_impl.cpp:115 SetTrackingOrigin: streaming not started, this= 0x1baa357d050
[2025-04-25 01:55:07.447] [PSS] [info] [5364|19952]streaming_driver_interface_impl.cpp:24 ConnectToService: connect to service, client_id= 7XLI7F8Bk8TN7HDM, this= 0x1baa357d050
[2025-04-25 01:55:07.447] [PSS] [info] [5364|19952]streaming_client_impl.cpp:25 ConnectToService: client_id= 7XLI7F8Bk8TN7HDM, name= 3D Engine, desp= StreamingSceneRender, this= 0x1bdb054bf00
[2025-04-25 01:55:07.447] [PSS] [debug] [5364|22768]streaming_client_impl.cpp:137 InvokeConnectToService: connect to service through the network, port= 54000, this= 0x1bdb054bf00
[2025-04-25 01:55:07.447] [PSS] [debug] [5364|22768]transport_client_tcp3.cpp:34 Start: buffer size(send\recv): 2097152\2097152, this= 0x1bd415f0780
[2025-04-25 01:55:07.447] [PSS] [info] [5364|22768]transport_client_tcp3.cpp:59 Start: server= 127.0.0.1:54000, local=0.0.0.0:0, this= 0x1bd415f0780
[2025-04-25 01:55:09.492] [PSS] [info] [5364|26300]streaming_client_impl.cpp:62 NotifyConnectResult: network connect to service result= 10061, this= 0x1bdb054bf00
[2025-04-25 01:55:09.492] [PSS] [error] [5364|26300]streaming_client_impl.cpp:64 NotifyConnectResult: connect to service network error= 10061, this= 0x1bdb054bf00
[2025-04-25 01:55:09.492] [PSS] [error] [5364|22768]streaming_driver_interface_impl.cpp:332 NotifyClientConnectResult: connect to service failed, Network Error, this= 0x1baa357d050
[2025-04-25 01:55:09.492] [PSS] [error] [5364|26300]transport_client_tcp3.cpp:129 HandleConnect: connected error= 由于目标计算机积极拒绝，无法连接。, this= 0x1bd415f0780
[2025-04-25 02:28:58.820] [PSS] [debug] [5364|19952]streaming_driver_interface_impl.cpp:19 StreamingDriverInterfaceImpl: callback= 0x1bd54caa430, this= 0x1bc772d00b0
[2025-04-25 02:28:58.825] [PSS] [error] [5364|19952]streaming_driver_interface_impl.cpp:115 SetTrackingOrigin: streaming not started, this= 0x1bc772d00b0
[2025-04-25 02:28:58.826] [PSS] [info] [5364|19952]streaming_driver_interface_impl.cpp:24 ConnectToService: connect to service, client_id= 1PNSzyaOt1wvThT1, this= 0x1bc772d00b0
[2025-04-25 02:28:58.826] [PSS] [info] [5364|19952]streaming_client_impl.cpp:25 ConnectToService: client_id= 1PNSzyaOt1wvThT1, name= 3D Engine, desp= StreamingSceneRender, this= 0x1bd54ef2c10
[2025-04-25 02:28:58.826] [PSS] [debug] [5364|41656]streaming_client_impl.cpp:137 InvokeConnectToService: connect to service through the network, port= 54000, this= 0x1bd54ef2c10
[2025-04-25 02:28:58.826] [PSS] [debug] [5364|41656]transport_client_tcp3.cpp:34 Start: buffer size(send\recv): 2097152\2097152, this= 0x1bd415ed5a0
[2025-04-25 02:28:58.826] [PSS] [info] [5364|41656]transport_client_tcp3.cpp:59 Start: server= 127.0.0.1:54000, local=0.0.0.0:0, this= 0x1bd415ed5a0
[2025-04-25 02:29:00.870] [PSS] [info] [5364|33336]streaming_client_impl.cpp:62 NotifyConnectResult: network connect to service result= 10061, this= 0x1bd54ef2c10
[2025-04-25 02:29:00.870] [PSS] [error] [5364|33336]streaming_client_impl.cpp:64 NotifyConnectResult: connect to service network error= 10061, this= 0x1bd54ef2c10
[2025-04-25 02:29:00.870] [PSS] [error] [5364|41656]streaming_driver_interface_impl.cpp:332 NotifyClientConnectResult: connect to service failed, Network Error, this= 0x1bc772d00b0
[2025-04-25 02:29:00.870] [PSS] [error] [5364|33336]transport_client_tcp3.cpp:129 HandleConnect: connected error= 由于目标计算机积极拒绝，无法连接。, this= 0x1bd415ed5a0
[2025-04-25 02:41:08.507] [PSS] [debug] [5364|19952]streaming_driver_interface_impl.cpp:19 StreamingDriverInterfaceImpl: callback= 0x1bd84f2ff00, this= 0x1bd5ccad050
[2025-04-25 02:41:08.508] [PSS] [error] [5364|19952]streaming_driver_interface_impl.cpp:115 SetTrackingOrigin: streaming not started, this= 0x1bd5ccad050
[2025-04-25 02:41:08.508] [PSS] [info] [5364|19952]streaming_driver_interface_impl.cpp:24 ConnectToService: connect to service, client_id= BALo6Gkz8l6rMMhj, this= 0x1bd5ccad050
[2025-04-25 02:41:08.508] [PSS] [info] [5364|19952]streaming_client_impl.cpp:25 ConnectToService: client_id= BALo6Gkz8l6rMMhj, name= 3D Engine, desp= StreamingSceneRender, this= 0x1bc7744f9a0
[2025-04-25 02:41:08.508] [PSS] [debug] [5364|3444]streaming_client_impl.cpp:137 InvokeConnectToService: connect to service through the network, port= 54000, this= 0x1bc7744f9a0
[2025-04-25 02:41:08.509] [PSS] [debug] [5364|3444]transport_client_tcp3.cpp:34 Start: buffer size(send\recv): 2097152\2097152, this= 0x1bd415ef280
[2025-04-25 02:41:08.509] [PSS] [info] [5364|3444]transport_client_tcp3.cpp:59 Start: server= 127.0.0.1:54000, local=0.0.0.0:0, this= 0x1bd415ef280
[2025-04-25 02:41:10.542] [PSS] [info] [5364|8844]streaming_client_impl.cpp:62 NotifyConnectResult: network connect to service result= 10061, this= 0x1bc7744f9a0
[2025-04-25 02:41:10.542] [PSS] [error] [5364|8844]streaming_client_impl.cpp:64 NotifyConnectResult: connect to service network error= 10061, this= 0x1bc7744f9a0
[2025-04-25 02:41:10.542] [PSS] [error] [5364|3444]streaming_driver_interface_impl.cpp:332 NotifyClientConnectResult: connect to service failed, Network Error, this= 0x1bd5ccad050
[2025-04-25 02:41:10.542] [PSS] [error] [5364|8844]transport_client_tcp3.cpp:129 HandleConnect: connected error= 由于目标计算机积极拒绝，无法连接。, this= 0x1bd415ef280
[2025-04-25 02:58:30.471] [PSS] [debug] [5364|19952]streaming_driver_interface_impl.cpp:19 StreamingDriverInterfaceImpl: callback= 0x1bc79a62a40, this= 0x1bdc1d19050
[2025-04-25 02:58:30.475] [PSS] [error] [5364|19952]streaming_driver_interface_impl.cpp:115 SetTrackingOrigin: streaming not started, this= 0x1bdc1d19050
[2025-04-25 02:58:30.475] [PSS] [info] [5364|19952]streaming_driver_interface_impl.cpp:24 ConnectToService: connect to service, client_id= WgCKuKgXsKuOLaGC, this= 0x1bdc1d19050
[2025-04-25 02:58:30.475] [PSS] [info] [5364|19952]streaming_client_impl.cpp:25 ConnectToService: client_id= WgCKuKgXsKuOLaGC, name= 3D Engine, desp= StreamingSceneRender, this= 0x1bdc183ce00
[2025-04-25 02:58:30.475] [PSS] [debug] [5364|42884]streaming_client_impl.cpp:137 InvokeConnectToService: connect to service through the network, port= 54000, this= 0x1bdc183ce00
[2025-04-25 02:58:30.475] [PSS] [debug] [5364|42884]transport_client_tcp3.cpp:34 Start: buffer size(send\recv): 2097152\2097152, this= 0x1bd415ed060
[2025-04-25 02:58:30.475] [PSS] [info] [5364|42884]transport_client_tcp3.cpp:59 Start: server= 127.0.0.1:54000, local=0.0.0.0:0, this= 0x1bd415ed060
[2025-04-25 02:58:32.520] [PSS] [info] [5364|18108]streaming_client_impl.cpp:62 NotifyConnectResult: network connect to service result= 10061, this= 0x1bdc183ce00
[2025-04-25 02:58:32.520] [PSS] [error] [5364|18108]streaming_client_impl.cpp:64 NotifyConnectResult: connect to service network error= 10061, this= 0x1bdc183ce00
[2025-04-25 02:58:32.520] [PSS] [error] [5364|42884]streaming_driver_interface_impl.cpp:332 NotifyClientConnectResult: connect to service failed, Network Error, this= 0x1bdc1d19050
[2025-04-25 02:58:32.520] [PSS] [error] [5364|18108]transport_client_tcp3.cpp:129 HandleConnect: connected error= 由于目标计算机积极拒绝，无法连接。, this= 0x1bd415ed060
[2025-04-25 03:28:52.734] [PSS] [debug] [5364|19952]streaming_driver_interface_impl.cpp:19 StreamingDriverInterfaceImpl: callback= 0x1bc799019a0, this= 0x1bd565b6020
[2025-04-25 03:28:52.738] [PSS] [error] [5364|19952]streaming_driver_interface_impl.cpp:115 SetTrackingOrigin: streaming not started, this= 0x1bd565b6020
[2025-04-25 03:28:52.738] [PSS] [info] [5364|19952]streaming_driver_interface_impl.cpp:24 ConnectToService: connect to service, client_id= rDwcpfCVDD5MWkGF, this= 0x1bd565b6020
[2025-04-25 03:28:52.738] [PSS] [info] [5364|19952]streaming_client_impl.cpp:25 ConnectToService: client_id= rDwcpfCVDD5MWkGF, name= 3D Engine, desp= StreamingSceneRender, this= 0x1baa398f860
[2025-04-25 03:28:52.739] [PSS] [debug] [5364|41872]streaming_client_impl.cpp:137 InvokeConnectToService: connect to service through the network, port= 54000, this= 0x1baa398f860
[2025-04-25 03:28:52.739] [PSS] [debug] [5364|41872]transport_client_tcp3.cpp:34 Start: buffer size(send\recv): 2097152\2097152, this= 0x1bd415edd80
[2025-04-25 03:28:52.740] [PSS] [info] [5364|41872]transport_client_tcp3.cpp:59 Start: server= 127.0.0.1:54000, local=0.0.0.0:0, this= 0x1bd415edd80
[2025-04-25 03:28:54.787] [PSS] [info] [5364|34288]streaming_client_impl.cpp:62 NotifyConnectResult: network connect to service result= 10061, this= 0x1baa398f860
[2025-04-25 03:28:54.787] [PSS] [error] [5364|34288]streaming_client_impl.cpp:64 NotifyConnectResult: connect to service network error= 10061, this= 0x1baa398f860
[2025-04-25 03:28:54.787] [PSS] [error] [5364|41872]streaming_driver_interface_impl.cpp:332 NotifyClientConnectResult: connect to service failed, Network Error, this= 0x1bd565b6020
[2025-04-25 03:28:54.788] [PSS] [error] [5364|34288]transport_client_tcp3.cpp:129 HandleConnect: connected error= 由于目标计算机积极拒绝，无法连接。, this= 0x1bd415edd80
[2025-04-25 03:40:47.891] [PSS] [debug] [5364|19952]streaming_driver_interface_impl.cpp:19 StreamingDriverInterfaceImpl: callback= 0x1baa25010c0, this= 0x1bc879b7030
[2025-04-25 03:40:47.892] [PSS] [error] [5364|19952]streaming_driver_interface_impl.cpp:115 SetTrackingOrigin: streaming not started, this= 0x1bc879b7030
[2025-04-25 03:40:47.892] [PSS] [info] [5364|19952]streaming_driver_interface_impl.cpp:24 ConnectToService: connect to service, client_id= 69TeafSLSb8ynaY9, this= 0x1bc879b7030
[2025-04-25 03:40:47.892] [PSS] [info] [5364|19952]streaming_client_impl.cpp:25 ConnectToService: client_id= 69TeafSLSb8ynaY9, name= 3D Engine, desp= StreamingSceneRender, this= 0x1bc7e085c00
[2025-04-25 03:40:47.893] [PSS] [debug] [5364|23308]streaming_client_impl.cpp:137 InvokeConnectToService: connect to service through the network, port= 54000, this= 0x1bc7e085c00
[2025-04-25 03:40:47.893] [PSS] [debug] [5364|23308]transport_client_tcp3.cpp:34 Start: buffer size(send\recv): 2097152\2097152, this= 0x1bd415ecb20
[2025-04-25 03:40:47.893] [PSS] [info] [5364|23308]transport_client_tcp3.cpp:59 Start: server= 127.0.0.1:54000, local=0.0.0.0:0, this= 0x1bd415ecb20
[2025-04-25 03:40:49.929] [PSS] [info] [5364|5280]streaming_client_impl.cpp:62 NotifyConnectResult: network connect to service result= 10061, this= 0x1bc7e085c00
[2025-04-25 03:40:49.929] [PSS] [error] [5364|5280]streaming_client_impl.cpp:64 NotifyConnectResult: connect to service network error= 10061, this= 0x1bc7e085c00
[2025-04-25 03:40:49.929] [PSS] [error] [5364|23308]streaming_driver_interface_impl.cpp:332 NotifyClientConnectResult: connect to service failed, Network Error, this= 0x1bc879b7030
[2025-04-25 03:40:49.929] [PSS] [error] [5364|5280]transport_client_tcp3.cpp:129 HandleConnect: connected error= 由于目标计算机积极拒绝，无法连接。, this= 0x1bd415ecb20
[2025-04-25 03:49:24.710] [PSS] [debug] [5364|19952]streaming_driver_interface_impl.cpp:19 StreamingDriverInterfaceImpl: callback= 0x1bc7e5a85c0, this= 0x1bd565b6020
[2025-04-25 03:49:24.711] [PSS] [error] [5364|19952]streaming_driver_interface_impl.cpp:115 SetTrackingOrigin: streaming not started, this= 0x1bd565b6020
[2025-04-25 03:49:24.711] [PSS] [info] [5364|19952]streaming_driver_interface_impl.cpp:24 ConnectToService: connect to service, client_id= QbZPz9PcbnYaBO2R, this= 0x1bd565b6020
[2025-04-25 03:49:24.711] [PSS] [info] [5364|19952]streaming_client_impl.cpp:25 ConnectToService: client_id= QbZPz9PcbnYaBO2R, name= 3D Engine, desp= StreamingSceneRender, this= 0x1bd54e1f940
[2025-04-25 03:49:24.711] [PSS] [debug] [5364|39752]streaming_client_impl.cpp:137 InvokeConnectToService: connect to service through the network, port= 54000, this= 0x1bd54e1f940
[2025-04-25 03:49:24.711] [PSS] [debug] [5364|39752]transport_client_tcp3.cpp:34 Start: buffer size(send\recv): 2097152\2097152, this= 0x1bd415ed300
[2025-04-25 03:49:24.711] [PSS] [info] [5364|39752]transport_client_tcp3.cpp:59 Start: server= 127.0.0.1:54000, local=0.0.0.0:0, this= 0x1bd415ed300
[2025-04-25 03:49:26.747] [PSS] [info] [5364|41608]streaming_client_impl.cpp:62 NotifyConnectResult: network connect to service result= 10061, this= 0x1bd54e1f940
[2025-04-25 03:49:26.747] [PSS] [error] [5364|41608]streaming_client_impl.cpp:64 NotifyConnectResult: connect to service network error= 10061, this= 0x1bd54e1f940
[2025-04-25 03:49:26.747] [PSS] [error] [5364|39752]streaming_driver_interface_impl.cpp:332 NotifyClientConnectResult: connect to service failed, Network Error, this= 0x1bd565b6020
[2025-04-25 03:49:26.747] [PSS] [error] [5364|41608]transport_client_tcp3.cpp:129 HandleConnect: connected error= 由于目标计算机积极拒绝，无法连接。, this= 0x1bd415ed300
[2025-04-25 05:50:54.021] [PSS] [info] ***********  Log Begin **********
[2025-04-25 05:50:54.021] [PSS] [info] process id= 34148
[2025-04-25 05:50:54.021] [PSS] [debug] [34148|42052]streaming_driver_interface_impl.cpp:19 StreamingDriverInterfaceImpl: callback= 0x2c7e1489f60, this= 0x2c725b3e8a0
[2025-04-25 05:50:54.021] [PSS] [error] [34148|42052]streaming_driver_interface_impl.cpp:115 SetTrackingOrigin: streaming not started, this= 0x2c725b3e8a0
[2025-04-25 05:50:54.021] [PSS] [info] [34148|42052]streaming_driver_interface_impl.cpp:24 ConnectToService: connect to service, client_id= Iqq8PDqHyfi6vN2u, this= 0x2c725b3e8a0
[2025-04-25 05:50:54.021] [PSS] [info] [34148|42052]streaming_client_impl.cpp:25 ConnectToService: client_id= Iqq8PDqHyfi6vN2u, name= 3D Engine, desp= StreamingSceneRender, this= 0x2c65dc93080
[2025-04-25 05:50:54.022] [PSS] [debug] [34148|10000]streaming_client_impl.cpp:137 InvokeConnectToService: connect to service through the network, port= 54000, this= 0x2c65dc93080
[2025-04-25 05:50:54.022] [PSS] [debug] [34148|10000]transport_client_tcp3.cpp:34 Start: buffer size(send\recv): 2097152\2097152, this= 0x2c8100dd5a0
[2025-04-25 05:50:54.022] [PSS] [info] [34148|10000]transport_client_tcp3.cpp:59 Start: server= 127.0.0.1:54000, local=0.0.0.0:0, this= 0x2c8100dd5a0
[2025-04-25 05:50:56.069] [PSS] [info] [34148|25344]streaming_client_impl.cpp:62 NotifyConnectResult: network connect to service result= 10061, this= 0x2c65dc93080
[2025-04-25 05:50:56.069] [PSS] [error] [34148|25344]streaming_client_impl.cpp:64 NotifyConnectResult: connect to service network error= 10061, this= 0x2c65dc93080
[2025-04-25 05:50:56.069] [PSS] [error] [34148|10000]streaming_driver_interface_impl.cpp:332 NotifyClientConnectResult: connect to service failed, Network Error, this= 0x2c725b3e8a0
[2025-04-25 05:50:56.069] [PSS] [error] [34148|25344]transport_client_tcp3.cpp:129 HandleConnect: connected error= 由于目标计算机积极拒绝，无法连接。, this= 0x2c8100dd5a0
[2025-04-25 06:40:26.895] [PSS] [debug] [34148|42052]streaming_driver_interface_impl.cpp:19 StreamingDriverInterfaceImpl: callback= 0x2c725f8dae0, this= 0x2c725b3a080
[2025-04-25 06:40:26.897] [PSS] [error] [34148|42052]streaming_driver_interface_impl.cpp:115 SetTrackingOrigin: streaming not started, this= 0x2c725b3a080
[2025-04-25 06:40:26.897] [PSS] [info] [34148|42052]streaming_driver_interface_impl.cpp:24 ConnectToService: connect to service, client_id= aPX53CxFaEMaOqKt, this= 0x2c725b3a080
[2025-04-25 06:40:26.897] [PSS] [info] [34148|42052]streaming_client_impl.cpp:25 ConnectToService: client_id= aPX53CxFaEMaOqKt, name= 3D Engine, desp= StreamingSceneRender, this= 0x2c7e13deff0
[2025-04-25 06:40:26.898] [PSS] [debug] [34148|41284]streaming_client_impl.cpp:137 InvokeConnectToService: connect to service through the network, port= 54000, this= 0x2c7e13deff0
[2025-04-25 06:40:26.898] [PSS] [debug] [34148|41284]transport_client_tcp3.cpp:34 Start: buffer size(send\recv): 2097152\2097152, this= 0x2c8100e0240
[2025-04-25 06:40:26.898] [PSS] [info] [34148|41284]transport_client_tcp3.cpp:59 Start: server= 127.0.0.1:54000, local=0.0.0.0:0, this= 0x2c8100e0240
[2025-04-25 06:40:28.938] [PSS] [info] [34148|27896]streaming_client_impl.cpp:62 NotifyConnectResult: network connect to service result= 10061, this= 0x2c7e13deff0
[2025-04-25 06:40:28.939] [PSS] [error] [34148|27896]streaming_client_impl.cpp:64 NotifyConnectResult: connect to service network error= 10061, this= 0x2c7e13deff0
[2025-04-25 06:40:28.939] [PSS] [error] [34148|41284]streaming_driver_interface_impl.cpp:332 NotifyClientConnectResult: connect to service failed, Network Error, this= 0x2c725b3a080
[2025-04-25 06:40:28.939] [PSS] [error] [34148|27896]transport_client_tcp3.cpp:129 HandleConnect: connected error= 由于目标计算机积极拒绝，无法连接。, this= 0x2c8100e0240
[2025-04-25 11:52:16.042] [PSS] [info] ***********  Log Begin **********
[2025-04-25 11:52:16.042] [PSS] [info] process id= 15936
[2025-04-25 11:52:16.042] [PSS] [debug] [15936|40760]streaming_driver_interface_impl.cpp:19 StreamingDriverInterfaceImpl: callback= 0x219a77fe150, this= 0x2184975e040
[2025-04-25 11:52:16.042] [PSS] [error] [15936|40760]streaming_driver_interface_impl.cpp:115 SetTrackingOrigin: streaming not started, this= 0x2184975e040
[2025-04-25 11:52:16.042] [PSS] [info] [15936|40760]streaming_driver_interface_impl.cpp:24 ConnectToService: connect to service, client_id= XNsKuhPYkGOjeLXQ, this= 0x2184975e040
[2025-04-25 11:52:16.042] [PSS] [info] [15936|40760]streaming_client_impl.cpp:25 ConnectToService: client_id= XNsKuhPYkGOjeLXQ, name= 3D Engine, desp= StreamingSceneRender, this= 0x2185dfd8cb0
[2025-04-25 11:52:16.042] [PSS] [debug] [15936|41880]streaming_client_impl.cpp:137 InvokeConnectToService: connect to service through the network, port= 54000, this= 0x2185dfd8cb0
[2025-04-25 11:52:16.043] [PSS] [debug] [15936|41880]transport_client_tcp3.cpp:34 Start: buffer size(send\recv): 2097152\2097152, this= 0x21851856ce0
[2025-04-25 11:52:16.043] [PSS] [info] [15936|41880]transport_client_tcp3.cpp:59 Start: server= 127.0.0.1:54000, local=0.0.0.0:0, this= 0x21851856ce0
[2025-04-25 11:52:18.078] [PSS] [info] [15936|35380]streaming_client_impl.cpp:62 NotifyConnectResult: network connect to service result= 10061, this= 0x2185dfd8cb0
[2025-04-25 11:52:18.078] [PSS] [error] [15936|35380]streaming_client_impl.cpp:64 NotifyConnectResult: connect to service network error= 10061, this= 0x2185dfd8cb0
[2025-04-25 11:52:18.078] [PSS] [error] [15936|41880]streaming_driver_interface_impl.cpp:332 NotifyClientConnectResult: connect to service failed, Network Error, this= 0x2184975e040
[2025-04-25 11:52:18.078] [PSS] [error] [15936|35380]transport_client_tcp3.cpp:129 HandleConnect: connected error= 由于目标计算机积极拒绝，无法连接。, this= 0x21851856ce0
[2025-04-25 11:52:52.924] [PSS] [debug] [15936|40760]streaming_driver_interface_impl.cpp:19 StreamingDriverInterfaceImpl: callback= 0x21859fc4e10, this= 0x2185c50e830
[2025-04-25 11:52:52.925] [PSS] [error] [15936|40760]streaming_driver_interface_impl.cpp:115 SetTrackingOrigin: streaming not started, this= 0x2185c50e830
[2025-04-25 11:52:52.925] [PSS] [info] [15936|40760]streaming_driver_interface_impl.cpp:24 ConnectToService: connect to service, client_id= ySHtyFcRouIu2owq, this= 0x2185c50e830
[2025-04-25 11:52:52.925] [PSS] [info] [15936|40760]streaming_client_impl.cpp:25 ConnectToService: client_id= ySHtyFcRouIu2owq, name= 3D Engine, desp= StreamingSceneRender, this= 0x2184eba2740
[2025-04-25 11:52:52.925] [PSS] [debug] [15936|23976]streaming_client_impl.cpp:137 InvokeConnectToService: connect to service through the network, port= 54000, this= 0x2184eba2740
[2025-04-25 11:52:52.925] [PSS] [debug] [15936|23976]transport_client_tcp3.cpp:34 Start: buffer size(send\recv): 2097152\2097152, this= 0x218518574c0
[2025-04-25 11:52:52.926] [PSS] [info] [15936|23976]transport_client_tcp3.cpp:59 Start: server= 127.0.0.1:54000, local=0.0.0.0:0, this= 0x218518574c0
[2025-04-25 11:52:54.935] [PSS] [info] [15936|36660]streaming_client_impl.cpp:62 NotifyConnectResult: network connect to service result= 10061, this= 0x2184eba2740
[2025-04-25 11:52:54.936] [PSS] [error] [15936|36660]streaming_client_impl.cpp:64 NotifyConnectResult: connect to service network error= 10061, this= 0x2184eba2740
[2025-04-25 11:52:54.936] [PSS] [error] [15936|23976]streaming_driver_interface_impl.cpp:332 NotifyClientConnectResult: connect to service failed, Network Error, this= 0x2185c50e830
[2025-04-25 11:52:54.936] [PSS] [error] [15936|36660]transport_client_tcp3.cpp:129 HandleConnect: connected error= 由于目标计算机积极拒绝，无法连接。, this= 0x218518574c0
[2025-04-25 11:53:07.836] [PSS] [debug] [15936|40760]streaming_driver_interface_impl.cpp:19 StreamingDriverInterfaceImpl: callback= 0x219ca8c1c90, this= 0x2184d1792e0
[2025-04-25 11:53:07.836] [PSS] [error] [15936|40760]streaming_driver_interface_impl.cpp:115 SetTrackingOrigin: streaming not started, this= 0x2184d1792e0
[2025-04-25 11:53:07.837] [PSS] [info] [15936|40760]streaming_driver_interface_impl.cpp:24 ConnectToService: connect to service, client_id= Mm8GmDA3Fvg6lNlO, this= 0x2184d1792e0
[2025-04-25 11:53:07.837] [PSS] [info] [15936|40760]streaming_client_impl.cpp:25 ConnectToService: client_id= Mm8GmDA3Fvg6lNlO, name= 3D Engine, desp= StreamingSceneRender, this= 0x2184975eb30
[2025-04-25 11:53:07.837] [PSS] [debug] [15936|5984]streaming_client_impl.cpp:137 InvokeConnectToService: connect to service through the network, port= 54000, this= 0x2184975eb30
[2025-04-25 11:53:07.837] [PSS] [debug] [15936|5984]transport_client_tcp3.cpp:34 Start: buffer size(send\recv): 2097152\2097152, this= 0x21851855a80
[2025-04-25 11:53:07.837] [PSS] [info] [15936|5984]transport_client_tcp3.cpp:59 Start: server= 127.0.0.1:54000, local=0.0.0.0:0, this= 0x21851855a80
[2025-04-25 11:53:09.853] [PSS] [info] [15936|9276]streaming_client_impl.cpp:62 NotifyConnectResult: network connect to service result= 10061, this= 0x2184975eb30
[2025-04-25 11:53:09.853] [PSS] [error] [15936|9276]streaming_client_impl.cpp:64 NotifyConnectResult: connect to service network error= 10061, this= 0x2184975eb30
[2025-04-25 11:53:09.853] [PSS] [error] [15936|9276]transport_client_tcp3.cpp:129 HandleConnect: connected error= 由于目标计算机积极拒绝，无法连接。, this= 0x21851855a80
[2025-04-25 11:53:09.853] [PSS] [error] [15936|5984]streaming_driver_interface_impl.cpp:332 NotifyClientConnectResult: connect to service failed, Network Error, this= 0x2184d1792e0
[2025-04-25 11:53:27.300] [PSS] [debug] [15936|40760]streaming_driver_interface_impl.cpp:19 StreamingDriverInterfaceImpl: callback= 0x2185aa193b0, this= 0x21a03d51d60
[2025-04-25 11:53:27.301] [PSS] [error] [15936|40760]streaming_driver_interface_impl.cpp:115 SetTrackingOrigin: streaming not started, this= 0x21a03d51d60
[2025-04-25 11:53:27.301] [PSS] [info] [15936|40760]streaming_driver_interface_impl.cpp:24 ConnectToService: connect to service, client_id= d9P8qSXU3k3QTcS7, this= 0x21a03d51d60
[2025-04-25 11:53:27.301] [PSS] [info] [15936|40760]streaming_client_impl.cpp:25 ConnectToService: client_id= d9P8qSXU3k3QTcS7, name= 3D Engine, desp= StreamingSceneRender, this= 0x219a786df90
[2025-04-25 11:53:27.301] [PSS] [debug] [15936|16588]streaming_client_impl.cpp:137 InvokeConnectToService: connect to service through the network, port= 54000, this= 0x219a786df90
[2025-04-25 11:53:27.301] [PSS] [debug] [15936|16588]transport_client_tcp3.cpp:34 Start: buffer size(send\recv): 2097152\2097152, this= 0x218518574c0
[2025-04-25 11:53:27.301] [PSS] [info] [15936|16588]transport_client_tcp3.cpp:59 Start: server= 127.0.0.1:54000, local=0.0.0.0:0, this= 0x218518574c0
[2025-04-25 11:53:29.329] [PSS] [info] [15936|31404]streaming_client_impl.cpp:62 NotifyConnectResult: network connect to service result= 10061, this= 0x219a786df90
[2025-04-25 11:53:29.329] [PSS] [error] [15936|31404]streaming_client_impl.cpp:64 NotifyConnectResult: connect to service network error= 10061, this= 0x219a786df90
[2025-04-25 11:53:29.329] [PSS] [error] [15936|16588]streaming_driver_interface_impl.cpp:332 NotifyClientConnectResult: connect to service failed, Network Error, this= 0x21a03d51d60
[2025-04-25 11:53:29.329] [PSS] [error] [15936|31404]transport_client_tcp3.cpp:129 HandleConnect: connected error= 由于目标计算机积极拒绝，无法连接。, this= 0x218518574c0
[2025-04-25 11:53:56.762] [PSS] [debug] [15936|40760]streaming_driver_interface_impl.cpp:19 StreamingDriverInterfaceImpl: callback= 0x219e2786c20, this= 0x21851535240
[2025-04-25 11:53:56.763] [PSS] [error] [15936|40760]streaming_driver_interface_impl.cpp:115 SetTrackingOrigin: streaming not started, this= 0x21851535240
[2025-04-25 11:53:56.763] [PSS] [info] [15936|40760]streaming_driver_interface_impl.cpp:24 ConnectToService: connect to service, client_id= uszMw4XudD4hwtIV, this= 0x21851535240
[2025-04-25 11:53:56.763] [PSS] [info] [15936|40760]streaming_client_impl.cpp:25 ConnectToService: client_id= uszMw4XudD4hwtIV, name= 3D Engine, desp= StreamingSceneRender, this= 0x2185acf5f60
[2025-04-25 11:53:56.763] [PSS] [debug] [15936|6756]streaming_client_impl.cpp:137 InvokeConnectToService: connect to service through the network, port= 54000, this= 0x2185acf5f60
[2025-04-25 11:53:56.763] [PSS] [debug] [15936|6756]transport_client_tcp3.cpp:34 Start: buffer size(send\recv): 2097152\2097152, this= 0x218518557e0
[2025-04-25 11:53:56.763] [PSS] [info] [15936|6756]transport_client_tcp3.cpp:59 Start: server= 127.0.0.1:54000, local=0.0.0.0:0, this= 0x218518557e0
[2025-04-25 11:53:58.797] [PSS] [info] [15936|40380]streaming_client_impl.cpp:62 NotifyConnectResult: network connect to service result= 10061, this= 0x2185acf5f60
[2025-04-25 11:53:58.797] [PSS] [error] [15936|40380]streaming_client_impl.cpp:64 NotifyConnectResult: connect to service network error= 10061, this= 0x2185acf5f60
[2025-04-25 11:53:58.797] [PSS] [error] [15936|40380]transport_client_tcp3.cpp:129 HandleConnect: connected error= 由于目标计算机积极拒绝，无法连接。, this= 0x218518557e0
[2025-04-25 11:53:58.797] [PSS] [error] [15936|6756]streaming_driver_interface_impl.cpp:332 NotifyClientConnectResult: connect to service failed, Network Error, this= 0x21851535240
[2025-04-25 11:54:48.193] [PSS] [debug] [15936|40760]streaming_driver_interface_impl.cpp:19 StreamingDriverInterfaceImpl: callback= 0x21a03d119c0, this= 0x2185c5a5d30
[2025-04-25 11:54:48.193] [PSS] [error] [15936|40760]streaming_driver_interface_impl.cpp:115 SetTrackingOrigin: streaming not started, this= 0x2185c5a5d30
[2025-04-25 11:54:48.193] [PSS] [info] [15936|40760]streaming_driver_interface_impl.cpp:24 ConnectToService: connect to service, client_id= eTXtGLrDm9fUiAEd, this= 0x2185c5a5d30
[2025-04-25 11:54:48.193] [PSS] [info] [15936|40760]streaming_client_impl.cpp:25 ConnectToService: client_id= eTXtGLrDm9fUiAEd, name= 3D Engine, desp= StreamingSceneRender, this= 0x21986b2de30
[2025-04-25 11:54:48.193] [PSS] [debug] [15936|45248]streaming_client_impl.cpp:137 InvokeConnectToService: connect to service through the network, port= 54000, this= 0x21986b2de30
[2025-04-25 11:54:48.193] [PSS] [debug] [15936|45248]transport_client_tcp3.cpp:34 Start: buffer size(send\recv): 2097152\2097152, this= 0x21851855fc0
[2025-04-25 11:54:48.193] [PSS] [info] [15936|45248]transport_client_tcp3.cpp:59 Start: server= 127.0.0.1:54000, local=0.0.0.0:0, this= 0x21851855fc0
[2025-04-25 11:54:50.235] [PSS] [info] [15936|28716]streaming_client_impl.cpp:62 NotifyConnectResult: network connect to service result= 10061, this= 0x21986b2de30
[2025-04-25 11:54:50.235] [PSS] [error] [15936|28716]streaming_client_impl.cpp:64 NotifyConnectResult: connect to service network error= 10061, this= 0x21986b2de30
[2025-04-25 11:54:50.236] [PSS] [error] [15936|45248]streaming_driver_interface_impl.cpp:332 NotifyClientConnectResult: connect to service failed, Network Error, this= 0x2185c5a5d30
[2025-04-25 11:54:50.236] [PSS] [error] [15936|28716]transport_client_tcp3.cpp:129 HandleConnect: connected error= 由于目标计算机积极拒绝，无法连接。, this= 0x21851855fc0
[2025-04-25 11:55:08.721] [PSS] [debug] [15936|40760]streaming_driver_interface_impl.cpp:19 StreamingDriverInterfaceImpl: callback= 0x219a7ef0840, this= 0x2184d46e020
[2025-04-25 11:55:08.722] [PSS] [error] [15936|40760]streaming_driver_interface_impl.cpp:115 SetTrackingOrigin: streaming not started, this= 0x2184d46e020
[2025-04-25 11:55:08.722] [PSS] [info] [15936|40760]streaming_driver_interface_impl.cpp:24 ConnectToService: connect to service, client_id= HKrD6mRXWqe4bXNk, this= 0x2184d46e020
[2025-04-25 11:55:08.722] [PSS] [info] [15936|40760]streaming_client_impl.cpp:25 ConnectToService: client_id= HKrD6mRXWqe4bXNk, name= 3D Engine, desp= StreamingSceneRender, this= 0x219a7b576d0
[2025-04-25 11:55:08.722] [PSS] [debug] [15936|9480]streaming_client_impl.cpp:137 InvokeConnectToService: connect to service through the network, port= 54000, this= 0x219a7b576d0
[2025-04-25 11:55:08.722] [PSS] [debug] [15936|9480]transport_client_tcp3.cpp:34 Start: buffer size(send\recv): 2097152\2097152, this= 0x21851856500
[2025-04-25 11:55:08.722] [PSS] [info] [15936|9480]transport_client_tcp3.cpp:59 Start: server= 127.0.0.1:54000, local=0.0.0.0:0, this= 0x21851856500
[2025-04-25 11:55:10.765] [PSS] [info] [15936|40664]streaming_client_impl.cpp:62 NotifyConnectResult: network connect to service result= 10061, this= 0x219a7b576d0
[2025-04-25 11:55:10.765] [PSS] [error] [15936|40664]streaming_client_impl.cpp:64 NotifyConnectResult: connect to service network error= 10061, this= 0x219a7b576d0
[2025-04-25 11:55:10.765] [PSS] [error] [15936|40664]transport_client_tcp3.cpp:129 HandleConnect: connected error= 由于目标计算机积极拒绝，无法连接。, this= 0x21851856500
[2025-04-25 11:55:10.765] [PSS] [error] [15936|9480]streaming_driver_interface_impl.cpp:332 NotifyClientConnectResult: connect to service failed, Network Error, this= 0x2184d46e020
[2025-04-25 11:55:30.949] [PSS] [debug] [15936|40760]streaming_driver_interface_impl.cpp:19 StreamingDriverInterfaceImpl: callback= 0x219ec1cd480, this= 0x21851a7dc50
[2025-04-25 11:55:30.950] [PSS] [error] [15936|40760]streaming_driver_interface_impl.cpp:115 SetTrackingOrigin: streaming not started, this= 0x21851a7dc50
[2025-04-25 11:55:30.950] [PSS] [info] [15936|40760]streaming_driver_interface_impl.cpp:24 ConnectToService: connect to service, client_id= MiLG57uFh3PMzqq5, this= 0x21851a7dc50
[2025-04-25 11:55:30.950] [PSS] [info] [15936|40760]streaming_client_impl.cpp:25 ConnectToService: client_id= MiLG57uFh3PMzqq5, name= 3D Engine, desp= StreamingSceneRender, this= 0x21986b2de30
[2025-04-25 11:55:30.950] [PSS] [debug] [15936|38500]streaming_client_impl.cpp:137 InvokeConnectToService: connect to service through the network, port= 54000, this= 0x21986b2de30
[2025-04-25 11:55:30.950] [PSS] [debug] [15936|38500]transport_client_tcp3.cpp:34 Start: buffer size(send\recv): 2097152\2097152, this= 0x21851856ce0
[2025-04-25 11:55:30.950] [PSS] [info] [15936|38500]transport_client_tcp3.cpp:59 Start: server= 127.0.0.1:54000, local=0.0.0.0:0, this= 0x21851856ce0
[2025-04-25 11:55:32.974] [PSS] [info] [15936|40308]streaming_client_impl.cpp:62 NotifyConnectResult: network connect to service result= 10061, this= 0x21986b2de30
[2025-04-25 11:55:32.974] [PSS] [error] [15936|40308]streaming_client_impl.cpp:64 NotifyConnectResult: connect to service network error= 10061, this= 0x21986b2de30
[2025-04-25 11:55:32.974] [PSS] [error] [15936|38500]streaming_driver_interface_impl.cpp:332 NotifyClientConnectResult: connect to service failed, Network Error, this= 0x21851a7dc50
[2025-04-25 11:55:32.974] [PSS] [error] [15936|40308]transport_client_tcp3.cpp:129 HandleConnect: connected error= 由于目标计算机积极拒绝，无法连接。, this= 0x21851856ce0
[2025-04-25 11:59:51.966] [PSS] [debug] [15936|40760]streaming_driver_interface_impl.cpp:19 StreamingDriverInterfaceImpl: callback= 0x219e1c93f70, this= 0x2184975e040
[2025-04-25 11:59:51.967] [PSS] [error] [15936|40760]streaming_driver_interface_impl.cpp:115 SetTrackingOrigin: streaming not started, this= 0x2184975e040
[2025-04-25 11:59:51.967] [PSS] [info] [15936|40760]streaming_driver_interface_impl.cpp:24 ConnectToService: connect to service, client_id= slzK5c3oZNJtaMVx, this= 0x2184975e040
[2025-04-25 11:59:51.967] [PSS] [info] [15936|40760]streaming_client_impl.cpp:25 ConnectToService: client_id= slzK5c3oZNJtaMVx, name= 3D Engine, desp= StreamingSceneRender, this= 0x21a0344f840
[2025-04-25 11:59:51.967] [PSS] [debug] [15936|9840]streaming_client_impl.cpp:137 InvokeConnectToService: connect to service through the network, port= 54000, this= 0x21a0344f840
[2025-04-25 11:59:51.967] [PSS] [debug] [15936|9840]transport_client_tcp3.cpp:34 Start: buffer size(send\recv): 2097152\2097152, this= 0x21851856260
[2025-04-25 11:59:51.967] [PSS] [info] [15936|9840]transport_client_tcp3.cpp:59 Start: server= 127.0.0.1:54000, local=0.0.0.0:0, this= 0x21851856260
[2025-04-25 11:59:54.010] [PSS] [info] [15936|42200]streaming_client_impl.cpp:62 NotifyConnectResult: network connect to service result= 10061, this= 0x21a0344f840
[2025-04-25 11:59:54.010] [PSS] [error] [15936|42200]streaming_client_impl.cpp:64 NotifyConnectResult: connect to service network error= 10061, this= 0x21a0344f840
[2025-04-25 11:59:54.010] [PSS] [error] [15936|42200]transport_client_tcp3.cpp:129 HandleConnect: connected error= 由于目标计算机积极拒绝，无法连接。, this= 0x21851856260
[2025-04-25 11:59:54.010] [PSS] [error] [15936|9840]streaming_driver_interface_impl.cpp:332 NotifyClientConnectResult: connect to service failed, Network Error, this= 0x2184975e040
[2025-04-25 17:14:51.327] [PSS] [info] ***********  Log Begin **********
[2025-04-25 17:14:51.327] [PSS] [info] process id= 5872
[2025-04-25 17:14:51.327] [PSS] [debug] [5872|10264]streaming_driver_interface_impl.cpp:19 StreamingDriverInterfaceImpl: callback= 0x20492ee4bc0, this= 0x203acb153e0
[2025-04-25 17:14:51.327] [PSS] [error] [5872|10264]streaming_driver_interface_impl.cpp:115 SetTrackingOrigin: streaming not started, this= 0x203acb153e0
[2025-04-25 17:14:51.327] [PSS] [info] [5872|10264]streaming_driver_interface_impl.cpp:24 ConnectToService: connect to service, client_id= 6hPfRWbWYXwyPrHQ, this= 0x203acb153e0
[2025-04-25 17:14:51.327] [PSS] [info] [5872|10264]streaming_client_impl.cpp:25 ConnectToService: client_id= 6hPfRWbWYXwyPrHQ, name= 3D Engine, desp= StreamingSceneRender, this= 0x2038a926b20
[2025-04-25 17:14:51.328] [PSS] [debug] [5872|34256]streaming_client_impl.cpp:137 InvokeConnectToService: connect to service through the network, port= 54000, this= 0x2038a926b20
[2025-04-25 17:14:51.328] [PSS] [debug] [5872|34256]transport_client_tcp3.cpp:34 Start: buffer size(send\recv): 2097152\2097152, this= 0x2033c363af0
[2025-04-25 17:14:51.328] [PSS] [info] [5872|34256]transport_client_tcp3.cpp:59 Start: server= 127.0.0.1:54000, local=0.0.0.0:0, this= 0x2033c363af0
[2025-04-25 17:14:53.349] [PSS] [info] [5872|43472]streaming_client_impl.cpp:62 NotifyConnectResult: network connect to service result= 10061, this= 0x2038a926b20
[2025-04-25 17:14:53.350] [PSS] [error] [5872|43472]streaming_client_impl.cpp:64 NotifyConnectResult: connect to service network error= 10061, this= 0x2038a926b20
[2025-04-25 17:14:53.350] [PSS] [error] [5872|34256]streaming_driver_interface_impl.cpp:332 NotifyClientConnectResult: connect to service failed, Network Error, this= 0x203acb153e0
[2025-04-25 17:14:53.350] [PSS] [error] [5872|43472]transport_client_tcp3.cpp:129 HandleConnect: connected error= 由于目标计算机积极拒绝，无法连接。, this= 0x2033c363af0
[2025-04-25 18:50:56.912] [PSS] [info] ***********  Log Begin **********
[2025-04-25 18:50:56.913] [PSS] [info] process id= 11356
[2025-04-25 18:50:56.913] [PSS] [debug] [11356|39320]streaming_driver_interface_impl.cpp:19 StreamingDriverInterfaceImpl: callback= 0x1c6d59f10f0, this= 0x1c54e36aaf0
[2025-04-25 18:50:56.913] [PSS] [error] [11356|39320]streaming_driver_interface_impl.cpp:115 SetTrackingOrigin: streaming not started, this= 0x1c54e36aaf0
[2025-04-25 18:50:56.913] [PSS] [info] [11356|39320]streaming_driver_interface_impl.cpp:24 ConnectToService: connect to service, client_id= fuEAVswErXbyUOlJ, this= 0x1c54e36aaf0
[2025-04-25 18:50:56.913] [PSS] [info] [11356|39320]streaming_client_impl.cpp:25 ConnectToService: client_id= fuEAVswErXbyUOlJ, name= 3D Engine, desp= StreamingSceneRender, this= 0x1c577a945b0
[2025-04-25 18:50:56.913] [PSS] [debug] [11356|19908]streaming_client_impl.cpp:137 InvokeConnectToService: connect to service through the network, port= 54000, this= 0x1c577a945b0
[2025-04-25 18:50:56.914] [PSS] [debug] [11356|19908]transport_client_tcp3.cpp:34 Start: buffer size(send\recv): 2097152\2097152, this= 0x1c54e535fe0
[2025-04-25 18:50:56.914] [PSS] [info] [11356|19908]transport_client_tcp3.cpp:59 Start: server= 127.0.0.1:54000, local=0.0.0.0:0, this= 0x1c54e535fe0
[2025-04-25 18:50:58.961] [PSS] [info] [11356|40496]streaming_client_impl.cpp:62 NotifyConnectResult: network connect to service result= 10061, this= 0x1c577a945b0
[2025-04-25 18:50:58.961] [PSS] [error] [11356|40496]streaming_client_impl.cpp:64 NotifyConnectResult: connect to service network error= 10061, this= 0x1c577a945b0
[2025-04-25 18:50:58.961] [PSS] [error] [11356|19908]streaming_driver_interface_impl.cpp:332 NotifyClientConnectResult: connect to service failed, Network Error, this= 0x1c54e36aaf0
[2025-04-25 18:50:58.961] [PSS] [error] [11356|40496]transport_client_tcp3.cpp:129 HandleConnect: connected error= 由于目标计算机积极拒绝，无法连接。, this= 0x1c54e535fe0
[2025-04-25 19:21:54.837] [PSS] [info] ***********  Log Begin **********
[2025-04-25 19:21:54.837] [PSS] [info] process id= 2708
[2025-04-25 19:21:54.837] [PSS] [debug] [2708|45152]streaming_driver_interface_impl.cpp:19 StreamingDriverInterfaceImpl: callback= 0x214ae9559e0, this= 0x21520385fd0
[2025-04-25 19:21:54.837] [PSS] [error] [2708|45152]streaming_driver_interface_impl.cpp:115 SetTrackingOrigin: streaming not started, this= 0x21520385fd0
[2025-04-25 19:21:54.837] [PSS] [info] [2708|45152]streaming_driver_interface_impl.cpp:24 ConnectToService: connect to service, client_id= txoZbs1ecnCMBNtC, this= 0x21520385fd0
[2025-04-25 19:21:54.837] [PSS] [info] [2708|45152]streaming_client_impl.cpp:25 ConnectToService: client_id= txoZbs1ecnCMBNtC, name= 3D Engine, desp= StreamingSceneRender, this= 0x215bd5914b0
[2025-04-25 19:21:54.838] [PSS] [debug] [2708|39100]streaming_client_impl.cpp:137 InvokeConnectToService: connect to service through the network, port= 54000, this= 0x215bd5914b0
[2025-04-25 19:21:54.838] [PSS] [debug] [2708|39100]transport_client_tcp3.cpp:34 Start: buffer size(send\recv): 2097152\2097152, this= 0x214d1aa5d60
[2025-04-25 19:21:54.838] [PSS] [info] [2708|39100]transport_client_tcp3.cpp:59 Start: server= 127.0.0.1:54000, local=0.0.0.0:0, this= 0x214d1aa5d60
[2025-04-25 19:21:56.886] [PSS] [info] [2708|21280]streaming_client_impl.cpp:62 NotifyConnectResult: network connect to service result= 10061, this= 0x215bd5914b0
[2025-04-25 19:21:56.886] [PSS] [error] [2708|21280]streaming_client_impl.cpp:64 NotifyConnectResult: connect to service network error= 10061, this= 0x215bd5914b0
[2025-04-25 19:21:56.886] [PSS] [error] [2708|39100]streaming_driver_interface_impl.cpp:332 NotifyClientConnectResult: connect to service failed, Network Error, this= 0x21520385fd0
[2025-04-25 19:21:56.886] [PSS] [error] [2708|21280]transport_client_tcp3.cpp:129 HandleConnect: connected error= 由于目标计算机积极拒绝，无法连接。, this= 0x214d1aa5d60
[2025-04-25 19:22:14.256] [PSS] [debug] [2708|45152]streaming_driver_interface_impl.cpp:19 StreamingDriverInterfaceImpl: callback= 0x215ebdb8270, this= 0x214f3d59c80
[2025-04-25 19:22:14.258] [PSS] [error] [2708|45152]streaming_driver_interface_impl.cpp:115 SetTrackingOrigin: streaming not started, this= 0x214f3d59c80
[2025-04-25 19:22:14.258] [PSS] [info] [2708|45152]streaming_driver_interface_impl.cpp:24 ConnectToService: connect to service, client_id= VTlAP7DCVnv5xH4H, this= 0x214f3d59c80
[2025-04-25 19:22:14.258] [PSS] [info] [2708|45152]streaming_client_impl.cpp:25 ConnectToService: client_id= VTlAP7DCVnv5xH4H, name= 3D Engine, desp= StreamingSceneRender, this= 0x214fc98fd10
[2025-04-25 19:22:14.258] [PSS] [debug] [2708|14036]streaming_client_impl.cpp:137 InvokeConnectToService: connect to service through the network, port= 54000, this= 0x214fc98fd10
[2025-04-25 19:22:14.258] [PSS] [debug] [2708|14036]transport_client_tcp3.cpp:34 Start: buffer size(send\recv): 2097152\2097152, this= 0x214d1aa6000
[2025-04-25 19:22:14.258] [PSS] [info] [2708|14036]transport_client_tcp3.cpp:59 Start: server= 127.0.0.1:54000, local=0.0.0.0:0, this= 0x214d1aa6000
[2025-04-25 19:22:16.288] [PSS] [info] [2708|26672]streaming_client_impl.cpp:62 NotifyConnectResult: network connect to service result= 10061, this= 0x214fc98fd10
[2025-04-25 19:22:16.288] [PSS] [error] [2708|26672]streaming_client_impl.cpp:64 NotifyConnectResult: connect to service network error= 10061, this= 0x214fc98fd10
[2025-04-25 19:22:16.288] [PSS] [error] [2708|26672]transport_client_tcp3.cpp:129 HandleConnect: connected error= 由于目标计算机积极拒绝，无法连接。, this= 0x214d1aa6000
[2025-04-25 19:22:16.288] [PSS] [error] [2708|14036]streaming_driver_interface_impl.cpp:332 NotifyClientConnectResult: connect to service failed, Network Error, this= 0x214f3d59c80
[2025-04-25 19:24:42.268] [PSS] [debug] [2708|45152]streaming_driver_interface_impl.cpp:19 StreamingDriverInterfaceImpl: callback= 0x215bd40ea60, this= 0x21520385fd0
[2025-04-25 19:24:42.268] [PSS] [error] [2708|45152]streaming_driver_interface_impl.cpp:115 SetTrackingOrigin: streaming not started, this= 0x21520385fd0
[2025-04-25 19:24:42.268] [PSS] [info] [2708|45152]streaming_driver_interface_impl.cpp:24 ConnectToService: connect to service, client_id= wbBwTDLNqamxmhEJ, this= 0x21520385fd0
[2025-04-25 19:24:42.268] [PSS] [info] [2708|45152]streaming_client_impl.cpp:25 ConnectToService: client_id= wbBwTDLNqamxmhEJ, name= 3D Engine, desp= StreamingSceneRender, this= 0x214d302e2f0
[2025-04-25 19:24:42.268] [PSS] [debug] [2708|45008]streaming_client_impl.cpp:137 InvokeConnectToService: connect to service through the network, port= 54000, this= 0x214d302e2f0
[2025-04-25 19:24:42.269] [PSS] [debug] [2708|45008]transport_client_tcp3.cpp:34 Start: buffer size(send\recv): 2097152\2097152, this= 0x214d1aa77a0
[2025-04-25 19:24:42.269] [PSS] [info] [2708|45008]transport_client_tcp3.cpp:59 Start: server= 127.0.0.1:54000, local=0.0.0.0:0, this= 0x214d1aa77a0
[2025-04-25 19:24:44.312] [PSS] [info] [2708|35152]streaming_client_impl.cpp:62 NotifyConnectResult: network connect to service result= 10061, this= 0x214d302e2f0
[2025-04-25 19:24:44.312] [PSS] [error] [2708|35152]streaming_client_impl.cpp:64 NotifyConnectResult: connect to service network error= 10061, this= 0x214d302e2f0
[2025-04-25 19:24:44.312] [PSS] [error] [2708|45008]streaming_driver_interface_impl.cpp:332 NotifyClientConnectResult: connect to service failed, Network Error, this= 0x21520385fd0
[2025-04-25 19:24:44.312] [PSS] [error] [2708|35152]transport_client_tcp3.cpp:129 HandleConnect: connected error= 由于目标计算机积极拒绝，无法连接。, this= 0x214d1aa77a0
[2025-04-25 19:33:32.587] [PSS] [debug] [2708|45152]streaming_driver_interface_impl.cpp:19 StreamingDriverInterfaceImpl: callback= 0x214fcaf2e20, this= 0x214f441c040
[2025-04-25 19:33:32.588] [PSS] [error] [2708|45152]streaming_driver_interface_impl.cpp:115 SetTrackingOrigin: streaming not started, this= 0x214f441c040
[2025-04-25 19:33:32.588] [PSS] [info] [2708|45152]streaming_driver_interface_impl.cpp:24 ConnectToService: connect to service, client_id= L37aasQZndVw7vcI, this= 0x214f441c040
[2025-04-25 19:33:32.588] [PSS] [info] [2708|45152]streaming_client_impl.cpp:25 ConnectToService: client_id= L37aasQZndVw7vcI, name= 3D Engine, desp= StreamingSceneRender, this= 0x215ec628fe0
[2025-04-25 19:33:32.588] [PSS] [debug] [2708|16800]streaming_client_impl.cpp:137 InvokeConnectToService: connect to service through the network, port= 54000, this= 0x215ec628fe0
[2025-04-25 19:33:32.589] [PSS] [debug] [2708|16800]transport_client_tcp3.cpp:34 Start: buffer size(send\recv): 2097152\2097152, this= 0x214d1aa5ac0
[2025-04-25 19:33:32.589] [PSS] [info] [2708|16800]transport_client_tcp3.cpp:59 Start: server= 127.0.0.1:54000, local=0.0.0.0:0, this= 0x214d1aa5ac0
[2025-04-25 19:33:34.628] [PSS] [info] [2708|43420]streaming_client_impl.cpp:62 NotifyConnectResult: network connect to service result= 10061, this= 0x215ec628fe0
[2025-04-25 19:33:34.628] [PSS] [error] [2708|43420]streaming_client_impl.cpp:64 NotifyConnectResult: connect to service network error= 10061, this= 0x215ec628fe0
[2025-04-25 19:33:34.629] [PSS] [error] [2708|16800]streaming_driver_interface_impl.cpp:332 NotifyClientConnectResult: connect to service failed, Network Error, this= 0x214f441c040
[2025-04-25 19:33:34.629] [PSS] [error] [2708|43420]transport_client_tcp3.cpp:129 HandleConnect: connected error= 由于目标计算机积极拒绝，无法连接。, this= 0x214d1aa5ac0
[2025-04-25 20:08:01.849] [PSS] [info] ***********  Log Begin **********
[2025-04-25 20:08:01.849] [PSS] [info] process id= 38340
[2025-04-25 20:08:01.849] [PSS] [debug] [38340|25876]streaming_driver_interface_impl.cpp:19 StreamingDriverInterfaceImpl: callback= 0x24bf14b81d0, this= 0x24bac3d7750
[2025-04-25 20:08:01.849] [PSS] [error] [38340|25876]streaming_driver_interface_impl.cpp:115 SetTrackingOrigin: streaming not started, this= 0x24bac3d7750
[2025-04-25 20:08:01.849] [PSS] [info] [38340|25876]streaming_driver_interface_impl.cpp:24 ConnectToService: connect to service, client_id= 9QJb1RhZsPRcJ3d6, this= 0x24bac3d7750
[2025-04-25 20:08:01.849] [PSS] [info] [38340|25876]streaming_client_impl.cpp:25 ConnectToService: client_id= 9QJb1RhZsPRcJ3d6, name= 3D Engine, desp= StreamingSceneRender, this= 0x24cb78586a0
[2025-04-25 20:08:01.850] [PSS] [debug] [38340|1412]streaming_client_impl.cpp:137 InvokeConnectToService: connect to service through the network, port= 54000, this= 0x24cb78586a0
[2025-04-25 20:08:01.850] [PSS] [debug] [38340|1412]transport_client_tcp3.cpp:34 Start: buffer size(send\recv): 2097152\2097152, this= 0x24bf132a7e0
[2025-04-25 20:08:01.850] [PSS] [info] [38340|1412]transport_client_tcp3.cpp:59 Start: server= 127.0.0.1:54000, local=0.0.0.0:0, this= 0x24bf132a7e0
[2025-04-25 20:08:03.890] [PSS] [info] [38340|2980]streaming_client_impl.cpp:62 NotifyConnectResult: network connect to service result= 10061, this= 0x24cb78586a0
[2025-04-25 20:08:03.890] [PSS] [error] [38340|2980]streaming_client_impl.cpp:64 NotifyConnectResult: connect to service network error= 10061, this= 0x24cb78586a0
[2025-04-25 20:08:03.890] [PSS] [error] [38340|1412]streaming_driver_interface_impl.cpp:332 NotifyClientConnectResult: connect to service failed, Network Error, this= 0x24bac3d7750
[2025-04-25 20:08:03.890] [PSS] [error] [38340|2980]transport_client_tcp3.cpp:129 HandleConnect: connected error= 由于目标计算机积极拒绝，无法连接。, this= 0x24bf132a7e0
[2025-04-25 20:51:23.048] [PSS] [debug] [38340|25876]streaming_driver_interface_impl.cpp:19 StreamingDriverInterfaceImpl: callback= 0x24c86e6a9d0, this= 0x24cb7f5ab70
[2025-04-25 20:51:23.049] [PSS] [error] [38340|25876]streaming_driver_interface_impl.cpp:115 SetTrackingOrigin: streaming not started, this= 0x24cb7f5ab70
[2025-04-25 20:51:23.049] [PSS] [info] [38340|25876]streaming_driver_interface_impl.cpp:24 ConnectToService: connect to service, client_id= BAbr1DBpYTjGoyeO, this= 0x24cb7f5ab70
[2025-04-25 20:51:23.049] [PSS] [info] [38340|25876]streaming_client_impl.cpp:25 ConnectToService: client_id= BAbr1DBpYTjGoyeO, name= 3D Engine, desp= StreamingSceneRender, this= 0x24cb785a790
[2025-04-25 20:51:23.049] [PSS] [debug] [38340|10936]streaming_client_impl.cpp:137 InvokeConnectToService: connect to service through the network, port= 54000, this= 0x24cb785a790
[2025-04-25 20:51:23.049] [PSS] [debug] [38340|10936]transport_client_tcp3.cpp:34 Start: buffer size(send\recv): 2097152\2097152, this= 0x24bf132ad20
[2025-04-25 20:51:23.049] [PSS] [info] [38340|10936]transport_client_tcp3.cpp:59 Start: server= 127.0.0.1:54000, local=0.0.0.0:0, this= 0x24bf132ad20
[2025-04-25 20:51:25.058] [PSS] [info] [38340|15368]streaming_client_impl.cpp:62 NotifyConnectResult: network connect to service result= 10061, this= 0x24cb785a790
[2025-04-25 20:51:25.058] [PSS] [error] [38340|15368]streaming_client_impl.cpp:64 NotifyConnectResult: connect to service network error= 10061, this= 0x24cb785a790
[2025-04-25 20:51:25.058] [PSS] [error] [38340|10936]streaming_driver_interface_impl.cpp:332 NotifyClientConnectResult: connect to service failed, Network Error, this= 0x24cb7f5ab70
[2025-04-25 20:51:25.058] [PSS] [error] [38340|15368]transport_client_tcp3.cpp:129 HandleConnect: connected error= 由于目标计算机积极拒绝，无法连接。, this= 0x24bf132ad20
[2025-04-25 20:52:02.815] [PSS] [debug] [38340|25876]streaming_driver_interface_impl.cpp:19 StreamingDriverInterfaceImpl: callback= 0x24cac3d5e80, this= 0x24bcee19040
[2025-04-25 20:52:02.815] [PSS] [error] [38340|25876]streaming_driver_interface_impl.cpp:115 SetTrackingOrigin: streaming not started, this= 0x24bcee19040
[2025-04-25 20:52:02.815] [PSS] [info] [38340|25876]streaming_driver_interface_impl.cpp:24 ConnectToService: connect to service, client_id= Niosxg116FajsKfZ, this= 0x24bcee19040
[2025-04-25 20:52:02.815] [PSS] [info] [38340|25876]streaming_client_impl.cpp:25 ConnectToService: client_id= Niosxg116FajsKfZ, name= 3D Engine, desp= StreamingSceneRender, this= 0x24cabc6b9c0
[2025-04-25 20:52:02.815] [PSS] [debug] [38340|31276]streaming_client_impl.cpp:137 InvokeConnectToService: connect to service through the network, port= 54000, this= 0x24cabc6b9c0
[2025-04-25 20:52:02.815] [PSS] [debug] [38340|31276]transport_client_tcp3.cpp:34 Start: buffer size(send\recv): 2097152\2097152, this= 0x24bf132a540
[2025-04-25 20:52:02.815] [PSS] [info] [38340|31276]transport_client_tcp3.cpp:59 Start: server= 127.0.0.1:54000, local=0.0.0.0:0, this= 0x24bf132a540
[2025-04-25 20:52:04.868] [PSS] [info] [38340|40332]streaming_client_impl.cpp:62 NotifyConnectResult: network connect to service result= 10061, this= 0x24cabc6b9c0
[2025-04-25 20:52:04.868] [PSS] [error] [38340|40332]streaming_client_impl.cpp:64 NotifyConnectResult: connect to service network error= 10061, this= 0x24cabc6b9c0
[2025-04-25 20:52:04.868] [PSS] [error] [38340|40332]transport_client_tcp3.cpp:129 HandleConnect: connected error= 由于目标计算机积极拒绝，无法连接。, this= 0x24bf132a540
[2025-04-25 20:52:04.868] [PSS] [error] [38340|31276]streaming_driver_interface_impl.cpp:332 NotifyClientConnectResult: connect to service failed, Network Error, this= 0x24bcee19040
[2025-04-25 23:21:07.757] [PSS] [info] ***********  Log Begin **********
[2025-04-25 23:21:07.757] [PSS] [info] process id= 10920
[2025-04-25 23:21:07.757] [PSS] [debug] [10920|12700]streaming_driver_interface_impl.cpp:19 StreamingDriverInterfaceImpl: callback= 0x2225f4e18d0, this= 0x2225f9eeca0
[2025-04-25 23:21:07.757] [PSS] [error] [10920|12700]streaming_driver_interface_impl.cpp:115 SetTrackingOrigin: streaming not started, this= 0x2225f9eeca0
[2025-04-25 23:21:07.757] [PSS] [info] [10920|12700]streaming_driver_interface_impl.cpp:24 ConnectToService: connect to service, client_id= fOPjL37DdBndy7LM, this= 0x2225f9eeca0
[2025-04-25 23:21:07.757] [PSS] [info] [10920|12700]streaming_client_impl.cpp:25 ConnectToService: client_id= fOPjL37DdBndy7LM, name= 3D Engine, desp= StreamingSceneRender, this= 0x22281d305e0
[2025-04-25 23:21:07.757] [PSS] [debug] [10920|14416]streaming_client_impl.cpp:137 InvokeConnectToService: connect to service through the network, port= 54000, this= 0x22281d305e0
[2025-04-25 23:21:07.758] [PSS] [debug] [10920|14416]transport_client_tcp3.cpp:34 Start: buffer size(send\recv): 2097152\2097152, this= 0x2236f1b8d70
[2025-04-25 23:21:07.758] [PSS] [info] [10920|14416]transport_client_tcp3.cpp:59 Start: server= 127.0.0.1:54000, local=0.0.0.0:0, this= 0x2236f1b8d70
[2025-04-25 23:21:09.797] [PSS] [info] [10920|12484]streaming_client_impl.cpp:62 NotifyConnectResult: network connect to service result= 10061, this= 0x22281d305e0
[2025-04-25 23:21:09.797] [PSS] [error] [10920|12484]streaming_client_impl.cpp:64 NotifyConnectResult: connect to service network error= 10061, this= 0x22281d305e0
[2025-04-25 23:21:09.797] [PSS] [error] [10920|14416]streaming_driver_interface_impl.cpp:332 NotifyClientConnectResult: connect to service failed, Network Error, this= 0x2225f9eeca0
[2025-04-25 23:21:09.797] [PSS] [error] [10920|12484]transport_client_tcp3.cpp:129 HandleConnect: connected error= 由于目标计算机积极拒绝，无法连接。, this= 0x2236f1b8d70
[2025-04-25 23:22:10.813] [PSS] [debug] [10920|12700]streaming_driver_interface_impl.cpp:19 StreamingDriverInterfaceImpl: callback= 0x2236f34db30, this= 0x2228a317b50
[2025-04-25 23:22:10.814] [PSS] [error] [10920|12700]streaming_driver_interface_impl.cpp:115 SetTrackingOrigin: streaming not started, this= 0x2228a317b50
[2025-04-25 23:22:10.814] [PSS] [info] [10920|12700]streaming_driver_interface_impl.cpp:24 ConnectToService: connect to service, client_id= UrpiYNDnn6YcW56w, this= 0x2228a317b50
[2025-04-25 23:22:10.814] [PSS] [info] [10920|12700]streaming_client_impl.cpp:25 ConnectToService: client_id= UrpiYNDnn6YcW56w, name= 3D Engine, desp= StreamingSceneRender, this= 0x22281d2fe70
[2025-04-25 23:22:10.814] [PSS] [debug] [10920|12672]streaming_client_impl.cpp:137 InvokeConnectToService: connect to service through the network, port= 54000, this= 0x22281d2fe70
[2025-04-25 23:22:10.815] [PSS] [debug] [10920|12672]transport_client_tcp3.cpp:34 Start: buffer size(send\recv): 2097152\2097152, this= 0x2236f1b8ad0
[2025-04-25 23:22:10.815] [PSS] [info] [10920|12672]transport_client_tcp3.cpp:59 Start: server= 127.0.0.1:54000, local=0.0.0.0:0, this= 0x2236f1b8ad0
[2025-04-25 23:22:12.853] [PSS] [info] [10920|16344]streaming_client_impl.cpp:62 NotifyConnectResult: network connect to service result= 10061, this= 0x22281d2fe70
[2025-04-25 23:22:12.853] [PSS] [error] [10920|16344]streaming_client_impl.cpp:64 NotifyConnectResult: connect to service network error= 10061, this= 0x22281d2fe70
[2025-04-25 23:22:12.853] [PSS] [error] [10920|12672]streaming_driver_interface_impl.cpp:332 NotifyClientConnectResult: connect to service failed, Network Error, this= 0x2228a317b50
[2025-04-25 23:22:12.853] [PSS] [error] [10920|16344]transport_client_tcp3.cpp:129 HandleConnect: connected error= 由于目标计算机积极拒绝，无法连接。, this= 0x2236f1b8ad0
[2025-04-25 23:50:16.453] [PSS] [debug] [10920|12700]streaming_driver_interface_impl.cpp:19 StreamingDriverInterfaceImpl: callback= 0x222d2ce2580, this= 0x222f3e9b900
[2025-04-25 23:50:16.454] [PSS] [error] [10920|12700]streaming_driver_interface_impl.cpp:115 SetTrackingOrigin: streaming not started, this= 0x222f3e9b900
[2025-04-25 23:50:16.454] [PSS] [info] [10920|12700]streaming_driver_interface_impl.cpp:24 ConnectToService: connect to service, client_id= qcy8fyf19FEKeRUe, this= 0x222f3e9b900
[2025-04-25 23:50:16.454] [PSS] [info] [10920|12700]streaming_client_impl.cpp:25 ConnectToService: client_id= qcy8fyf19FEKeRUe, name= 3D Engine, desp= StreamingSceneRender, this= 0x22281f5d030
[2025-04-25 23:50:16.454] [PSS] [debug] [10920|28340]streaming_client_impl.cpp:137 InvokeConnectToService: connect to service through the network, port= 54000, this= 0x22281f5d030
[2025-04-25 23:50:16.454] [PSS] [debug] [10920|28340]transport_client_tcp3.cpp:34 Start: buffer size(send\recv): 2097152\2097152, this= 0x2236f1b7db0
[2025-04-25 23:50:16.454] [PSS] [info] [10920|28340]transport_client_tcp3.cpp:59 Start: server= 127.0.0.1:54000, local=0.0.0.0:0, this= 0x2236f1b7db0
[2025-04-25 23:50:18.477] [PSS] [info] [10920|10288]streaming_client_impl.cpp:62 NotifyConnectResult: network connect to service result= 10061, this= 0x22281f5d030
[2025-04-25 23:50:18.477] [PSS] [error] [10920|10288]streaming_client_impl.cpp:64 NotifyConnectResult: connect to service network error= 10061, this= 0x22281f5d030
[2025-04-25 23:50:18.477] [PSS] [error] [10920|28340]streaming_driver_interface_impl.cpp:332 NotifyClientConnectResult: connect to service failed, Network Error, this= 0x222f3e9b900
[2025-04-25 23:50:18.477] [PSS] [error] [10920|10288]transport_client_tcp3.cpp:129 HandleConnect: connected error= 由于目标计算机积极拒绝，无法连接。, this= 0x2236f1b7db0
[2025-04-25 23:56:52.500] [PSS] [debug] [10920|12700]streaming_driver_interface_impl.cpp:19 StreamingDriverInterfaceImpl: callback= 0x2223d7fd260, this= 0x22342a50830
[2025-04-25 23:56:52.501] [PSS] [error] [10920|12700]streaming_driver_interface_impl.cpp:115 SetTrackingOrigin: streaming not started, this= 0x22342a50830
[2025-04-25 23:56:52.501] [PSS] [info] [10920|12700]streaming_driver_interface_impl.cpp:24 ConnectToService: connect to service, client_id= GMPra8cWFLg7CUda, this= 0x22342a50830
[2025-04-25 23:56:52.501] [PSS] [info] [10920|12700]streaming_client_impl.cpp:25 ConnectToService: client_id= GMPra8cWFLg7CUda, name= 3D Engine, desp= StreamingSceneRender, this= 0x22281da86f0
[2025-04-25 23:56:52.501] [PSS] [debug] [10920|21464]streaming_client_impl.cpp:137 InvokeConnectToService: connect to service through the network, port= 54000, this= 0x22281da86f0
[2025-04-25 23:56:52.501] [PSS] [debug] [10920|21464]transport_client_tcp3.cpp:34 Start: buffer size(send\recv): 2097152\2097152, this= 0x2236f1b8ad0
[2025-04-25 23:56:52.501] [PSS] [info] [10920|21464]transport_client_tcp3.cpp:59 Start: server= 127.0.0.1:54000, local=0.0.0.0:0, this= 0x2236f1b8ad0
[2025-04-25 23:56:54.555] [PSS] [info] [10920|42356]streaming_client_impl.cpp:62 NotifyConnectResult: network connect to service result= 10061, this= 0x22281da86f0
[2025-04-25 23:56:54.555] [PSS] [error] [10920|42356]streaming_client_impl.cpp:64 NotifyConnectResult: connect to service network error= 10061, this= 0x22281da86f0
[2025-04-25 23:56:54.555] [PSS] [error] [10920|21464]streaming_driver_interface_impl.cpp:332 NotifyClientConnectResult: connect to service failed, Network Error, this= 0x22342a50830
[2025-04-25 23:56:54.555] [PSS] [error] [10920|42356]transport_client_tcp3.cpp:129 HandleConnect: connected error= 由于目标计算机积极拒绝，无法连接。, this= 0x2236f1b8ad0
[2025-04-26 17:53:21.099] [PSS] [info] ***********  Log Begin **********
[2025-04-26 17:53:21.099] [PSS] [info] process id= 36848
[2025-04-26 17:53:21.099] [PSS] [debug] [36848|38884]streaming_driver_interface_impl.cpp:19 StreamingDriverInterfaceImpl: callback= 0x1c6f19368f0, this= 0x1c8dbadf320
[2025-04-26 17:53:21.099] [PSS] [error] [36848|38884]streaming_driver_interface_impl.cpp:115 SetTrackingOrigin: streaming not started, this= 0x1c8dbadf320
[2025-04-26 17:53:21.099] [PSS] [info] [36848|38884]streaming_driver_interface_impl.cpp:24 ConnectToService: connect to service, client_id= Moo38O8aaPw1VSNX, this= 0x1c8dbadf320
[2025-04-26 17:53:21.099] [PSS] [info] [36848|38884]streaming_client_impl.cpp:25 ConnectToService: client_id= Moo38O8aaPw1VSNX, name= 3D Engine, desp= StreamingSceneRender, this= 0x1c9a28ac860
[2025-04-26 17:53:21.099] [PSS] [debug] [36848|26836]streaming_client_impl.cpp:137 InvokeConnectToService: connect to service through the network, port= 54000, this= 0x1c9a28ac860
[2025-04-26 17:53:21.100] [PSS] [debug] [36848|26836]transport_client_tcp3.cpp:34 Start: buffer size(send\recv): 2097152\2097152, this= 0x1c8b81efe10
[2025-04-26 17:53:21.100] [PSS] [info] [36848|26836]transport_client_tcp3.cpp:59 Start: server= 127.0.0.1:54000, local=0.0.0.0:0, this= 0x1c8b81efe10
[2025-04-26 17:53:23.145] [PSS] [info] [36848|10548]streaming_client_impl.cpp:62 NotifyConnectResult: network connect to service result= 10061, this= 0x1c9a28ac860
[2025-04-26 17:53:23.145] [PSS] [error] [36848|10548]streaming_client_impl.cpp:64 NotifyConnectResult: connect to service network error= 10061, this= 0x1c9a28ac860
[2025-04-26 17:53:23.145] [PSS] [error] [36848|26836]streaming_driver_interface_impl.cpp:332 NotifyClientConnectResult: connect to service failed, Network Error, this= 0x1c8dbadf320
[2025-04-26 17:53:23.145] [PSS] [error] [36848|10548]transport_client_tcp3.cpp:129 HandleConnect: connected error= 由于目标计算机积极拒绝，无法连接。, this= 0x1c8b81efe10
[2025-04-26 17:54:59.087] [PSS] [debug] [36848|38884]streaming_driver_interface_impl.cpp:19 StreamingDriverInterfaceImpl: callback= 0x1c8fd3a32b0, this= 0x1c8b7b3d030
[2025-04-26 17:54:59.088] [PSS] [error] [36848|38884]streaming_driver_interface_impl.cpp:115 SetTrackingOrigin: streaming not started, this= 0x1c8b7b3d030
[2025-04-26 17:54:59.088] [PSS] [info] [36848|38884]streaming_driver_interface_impl.cpp:24 ConnectToService: connect to service, client_id= VFSdY7IaUw5xpEO6, this= 0x1c8b7b3d030
[2025-04-26 17:54:59.088] [PSS] [info] [36848|38884]streaming_client_impl.cpp:25 ConnectToService: client_id= VFSdY7IaUw5xpEO6, name= 3D Engine, desp= StreamingSceneRender, this= 0x1c6e8ecd260
[2025-04-26 17:54:59.088] [PSS] [debug] [36848|17472]streaming_client_impl.cpp:137 InvokeConnectToService: connect to service through the network, port= 54000, this= 0x1c6e8ecd260
[2025-04-26 17:54:59.088] [PSS] [debug] [36848|17472]transport_client_tcp3.cpp:34 Start: buffer size(send\recv): 2097152\2097152, this= 0x1c9ba9f4d10
[2025-04-26 17:54:59.088] [PSS] [info] [36848|17472]transport_client_tcp3.cpp:59 Start: server= 127.0.0.1:54000, local=0.0.0.0:0, this= 0x1c9ba9f4d10
[2025-04-26 17:55:01.125] [PSS] [info] [36848|27852]streaming_client_impl.cpp:62 NotifyConnectResult: network connect to service result= 10061, this= 0x1c6e8ecd260
[2025-04-26 17:55:01.125] [PSS] [error] [36848|27852]streaming_client_impl.cpp:64 NotifyConnectResult: connect to service network error= 10061, this= 0x1c6e8ecd260
[2025-04-26 17:55:01.125] [PSS] [error] [36848|17472]streaming_driver_interface_impl.cpp:332 NotifyClientConnectResult: connect to service failed, Network Error, this= 0x1c8b7b3d030
[2025-04-26 17:55:01.125] [PSS] [error] [36848|27852]transport_client_tcp3.cpp:129 HandleConnect: connected error= 由于目标计算机积极拒绝，无法连接。, this= 0x1c9ba9f4d10
[2025-04-26 17:58:14.024] [PSS] [debug] [36848|38884]streaming_driver_interface_impl.cpp:19 StreamingDriverInterfaceImpl: callback= 0x1c8b7ecede0, this= 0x1c8da059230
[2025-04-26 17:58:14.024] [PSS] [error] [36848|38884]streaming_driver_interface_impl.cpp:115 SetTrackingOrigin: streaming not started, this= 0x1c8da059230
[2025-04-26 17:58:14.024] [PSS] [info] [36848|38884]streaming_driver_interface_impl.cpp:24 ConnectToService: connect to service, client_id= c8Ni89VWJcvNmwKP, this= 0x1c8da059230
[2025-04-26 17:58:14.025] [PSS] [info] [36848|38884]streaming_client_impl.cpp:25 ConnectToService: client_id= c8Ni89VWJcvNmwKP, name= 3D Engine, desp= StreamingSceneRender, this= 0x1c9ab67d530
[2025-04-26 17:58:14.025] [PSS] [debug] [36848|40544]streaming_client_impl.cpp:137 InvokeConnectToService: connect to service through the network, port= 54000, this= 0x1c9ab67d530
[2025-04-26 17:58:14.025] [PSS] [debug] [36848|40544]transport_client_tcp3.cpp:34 Start: buffer size(send\recv): 2097152\2097152, this= 0x1c9ba9f47d0
[2025-04-26 17:58:14.025] [PSS] [info] [36848|40544]transport_client_tcp3.cpp:59 Start: server= 127.0.0.1:54000, local=0.0.0.0:0, this= 0x1c9ba9f47d0
[2025-04-26 17:58:16.057] [PSS] [info] [36848|5096]streaming_client_impl.cpp:62 NotifyConnectResult: network connect to service result= 10061, this= 0x1c9ab67d530
[2025-04-26 17:58:16.057] [PSS] [error] [36848|5096]streaming_client_impl.cpp:64 NotifyConnectResult: connect to service network error= 10061, this= 0x1c9ab67d530
[2025-04-26 17:58:16.057] [PSS] [error] [36848|40544]streaming_driver_interface_impl.cpp:332 NotifyClientConnectResult: connect to service failed, Network Error, this= 0x1c8da059230
[2025-04-26 17:58:16.057] [PSS] [error] [36848|5096]transport_client_tcp3.cpp:129 HandleConnect: connected error= 由于目标计算机积极拒绝，无法连接。, this= 0x1c9ba9f47d0
[2025-04-26 18:01:11.013] [PSS] [debug] [36848|38884]streaming_driver_interface_impl.cpp:19 StreamingDriverInterfaceImpl: callback= 0x1c9ab3e3f00, this= 0x1c8b7da23e0
[2025-04-26 18:01:11.013] [PSS] [error] [36848|38884]streaming_driver_interface_impl.cpp:115 SetTrackingOrigin: streaming not started, this= 0x1c8b7da23e0
[2025-04-26 18:01:11.013] [PSS] [info] [36848|38884]streaming_driver_interface_impl.cpp:24 ConnectToService: connect to service, client_id= PLNx5QdRNagMDKQZ, this= 0x1c8b7da23e0
[2025-04-26 18:01:11.013] [PSS] [info] [36848|38884]streaming_client_impl.cpp:25 ConnectToService: client_id= PLNx5QdRNagMDKQZ, name= 3D Engine, desp= StreamingSceneRender, this= 0x1c9ba9fbd40
[2025-04-26 18:01:11.013] [PSS] [debug] [36848|24996]streaming_client_impl.cpp:137 InvokeConnectToService: connect to service through the network, port= 54000, this= 0x1c9ba9fbd40
[2025-04-26 18:01:11.013] [PSS] [debug] [36848|24996]transport_client_tcp3.cpp:34 Start: buffer size(send\recv): 2097152\2097152, this= 0x1c9ba9f4290
[2025-04-26 18:01:11.013] [PSS] [info] [36848|24996]transport_client_tcp3.cpp:59 Start: server= 127.0.0.1:54000, local=0.0.0.0:0, this= 0x1c9ba9f4290
[2025-04-26 18:01:13.054] [PSS] [info] [36848|30712]streaming_client_impl.cpp:62 NotifyConnectResult: network connect to service result= 10061, this= 0x1c9ba9fbd40
[2025-04-26 18:01:13.054] [PSS] [error] [36848|30712]streaming_client_impl.cpp:64 NotifyConnectResult: connect to service network error= 10061, this= 0x1c9ba9fbd40
[2025-04-26 18:01:13.054] [PSS] [error] [36848|30712]transport_client_tcp3.cpp:129 HandleConnect: connected error= 由于目标计算机积极拒绝，无法连接。, this= 0x1c9ba9f4290
[2025-04-26 18:01:13.054] [PSS] [error] [36848|24996]streaming_driver_interface_impl.cpp:332 NotifyClientConnectResult: connect to service failed, Network Error, this= 0x1c8b7da23e0
[2025-04-26 18:08:55.074] [PSS] [debug] [36848|38884]streaming_driver_interface_impl.cpp:19 StreamingDriverInterfaceImpl: callback= 0x1c8b7ecc590, this= 0x1c9abe607a0
[2025-04-26 18:08:55.074] [PSS] [error] [36848|38884]streaming_driver_interface_impl.cpp:115 SetTrackingOrigin: streaming not started, this= 0x1c9abe607a0
[2025-04-26 18:08:55.074] [PSS] [info] [36848|38884]streaming_driver_interface_impl.cpp:24 ConnectToService: connect to service, client_id= hU4DUPZKaWYEmFz1, this= 0x1c9abe607a0
[2025-04-26 18:08:55.074] [PSS] [info] [36848|38884]streaming_client_impl.cpp:25 ConnectToService: client_id= hU4DUPZKaWYEmFz1, name= 3D Engine, desp= StreamingSceneRender, this= 0x1c9ba9fd6c0
[2025-04-26 18:08:55.074] [PSS] [debug] [36848|28340]streaming_client_impl.cpp:137 InvokeConnectToService: connect to service through the network, port= 54000, this= 0x1c9ba9fd6c0
[2025-04-26 18:08:55.075] [PSS] [debug] [36848|28340]transport_client_tcp3.cpp:34 Start: buffer size(send\recv): 2097152\2097152, this= 0x1c9ba9f54f0
[2025-04-26 18:08:55.075] [PSS] [info] [36848|28340]transport_client_tcp3.cpp:59 Start: server= 127.0.0.1:54000, local=0.0.0.0:0, this= 0x1c9ba9f54f0
[2025-04-26 18:08:57.110] [PSS] [info] [36848|10924]streaming_client_impl.cpp:62 NotifyConnectResult: network connect to service result= 10061, this= 0x1c9ba9fd6c0
[2025-04-26 18:08:57.110] [PSS] [error] [36848|10924]streaming_client_impl.cpp:64 NotifyConnectResult: connect to service network error= 10061, this= 0x1c9ba9fd6c0
[2025-04-26 18:08:57.110] [PSS] [error] [36848|10924]transport_client_tcp3.cpp:129 HandleConnect: connected error= 由于目标计算机积极拒绝，无法连接。, this= 0x1c9ba9f54f0
[2025-04-26 18:08:57.110] [PSS] [error] [36848|28340]streaming_driver_interface_impl.cpp:332 NotifyClientConnectResult: connect to service failed, Network Error, this= 0x1c9abe607a0
[2025-04-26 18:10:18.203] [PSS] [debug] [36848|38884]streaming_driver_interface_impl.cpp:19 StreamingDriverInterfaceImpl: callback= 0x1c8fca5bca0, this= 0x1c8fcdf1b40
[2025-04-26 18:10:18.204] [PSS] [error] [36848|38884]streaming_driver_interface_impl.cpp:115 SetTrackingOrigin: streaming not started, this= 0x1c8fcdf1b40
[2025-04-26 18:10:18.204] [PSS] [info] [36848|38884]streaming_driver_interface_impl.cpp:24 ConnectToService: connect to service, client_id= 14ROfakx47NTeQz2, this= 0x1c8fcdf1b40
[2025-04-26 18:10:18.204] [PSS] [info] [36848|38884]streaming_client_impl.cpp:25 ConnectToService: client_id= 14ROfakx47NTeQz2, name= 3D Engine, desp= StreamingSceneRender, this= 0x1c6e8a75900
[2025-04-26 18:10:18.204] [PSS] [debug] [36848|21688]streaming_client_impl.cpp:137 InvokeConnectToService: connect to service through the network, port= 54000, this= 0x1c6e8a75900
[2025-04-26 18:10:18.204] [PSS] [debug] [36848|21688]transport_client_tcp3.cpp:34 Start: buffer size(send\recv): 2097152\2097152, this= 0x1c9ba9f2310
[2025-04-26 18:10:18.204] [PSS] [info] [36848|21688]transport_client_tcp3.cpp:59 Start: server= 127.0.0.1:54000, local=0.0.0.0:0, this= 0x1c9ba9f2310
[2025-04-26 18:10:20.237] [PSS] [info] [36848|10016]streaming_client_impl.cpp:62 NotifyConnectResult: network connect to service result= 10061, this= 0x1c6e8a75900
[2025-04-26 18:10:20.237] [PSS] [error] [36848|10016]streaming_client_impl.cpp:64 NotifyConnectResult: connect to service network error= 10061, this= 0x1c6e8a75900
[2025-04-26 18:10:20.237] [PSS] [error] [36848|10016]transport_client_tcp3.cpp:129 HandleConnect: connected error= 由于目标计算机积极拒绝，无法连接。, this= 0x1c9ba9f2310
[2025-04-26 18:10:20.237] [PSS] [error] [36848|21688]streaming_driver_interface_impl.cpp:332 NotifyClientConnectResult: connect to service failed, Network Error, this= 0x1c8fcdf1b40
[2025-04-26 18:12:58.239] [PSS] [debug] [36848|38884]streaming_driver_interface_impl.cpp:19 StreamingDriverInterfaceImpl: callback= 0x1c8b7ee0680, this= 0x1c9abe607a0
[2025-04-26 18:12:58.239] [PSS] [error] [36848|38884]streaming_driver_interface_impl.cpp:115 SetTrackingOrigin: streaming not started, this= 0x1c9abe607a0
[2025-04-26 18:12:58.239] [PSS] [info] [36848|38884]streaming_driver_interface_impl.cpp:24 ConnectToService: connect to service, client_id= MoYbzS1cI3OwbjOU, this= 0x1c9abe607a0
[2025-04-26 18:12:58.239] [PSS] [info] [36848|38884]streaming_client_impl.cpp:25 ConnectToService: client_id= MoYbzS1cI3OwbjOU, name= 3D Engine, desp= StreamingSceneRender, this= 0x1c8b4715d70
[2025-04-26 18:12:58.239] [PSS] [debug] [36848|29504]streaming_client_impl.cpp:137 InvokeConnectToService: connect to service through the network, port= 54000, this= 0x1c8b4715d70
[2025-04-26 18:12:58.239] [PSS] [debug] [36848|29504]transport_client_tcp3.cpp:34 Start: buffer size(send\recv): 2097152\2097152, this= 0x1c9ba9f2070
[2025-04-26 18:12:58.240] [PSS] [info] [36848|29504]transport_client_tcp3.cpp:59 Start: server= 127.0.0.1:54000, local=0.0.0.0:0, this= 0x1c9ba9f2070
[2025-04-26 18:13:00.274] [PSS] [info] [36848|21176]streaming_client_impl.cpp:62 NotifyConnectResult: network connect to service result= 10061, this= 0x1c8b4715d70
[2025-04-26 18:13:00.274] [PSS] [error] [36848|21176]streaming_client_impl.cpp:64 NotifyConnectResult: connect to service network error= 10061, this= 0x1c8b4715d70
[2025-04-26 18:13:00.274] [PSS] [error] [36848|29504]streaming_driver_interface_impl.cpp:332 NotifyClientConnectResult: connect to service failed, Network Error, this= 0x1c9abe607a0
[2025-04-26 18:13:00.274] [PSS] [error] [36848|21176]transport_client_tcp3.cpp:129 HandleConnect: connected error= 由于目标计算机积极拒绝，无法连接。, this= 0x1c9ba9f2070
[2025-04-26 18:14:27.737] [PSS] [debug] [36848|38884]streaming_driver_interface_impl.cpp:19 StreamingDriverInterfaceImpl: callback= 0x1c6f3d56c10, this= 0x1c8b7da23e0
[2025-04-26 18:14:27.738] [PSS] [error] [36848|38884]streaming_driver_interface_impl.cpp:115 SetTrackingOrigin: streaming not started, this= 0x1c8b7da23e0
[2025-04-26 18:14:27.738] [PSS] [info] [36848|38884]streaming_driver_interface_impl.cpp:24 ConnectToService: connect to service, client_id= f3gbvUpDpEDfcFrM, this= 0x1c8b7da23e0
[2025-04-26 18:14:27.738] [PSS] [info] [36848|38884]streaming_client_impl.cpp:25 ConnectToService: client_id= f3gbvUpDpEDfcFrM, name= 3D Engine, desp= StreamingSceneRender, this= 0x1c9e0642b10
[2025-04-26 18:14:27.738] [PSS] [debug] [36848|12164]streaming_client_impl.cpp:137 InvokeConnectToService: connect to service through the network, port= 54000, this= 0x1c9e0642b10
[2025-04-26 18:14:27.738] [PSS] [debug] [36848|12164]transport_client_tcp3.cpp:34 Start: buffer size(send\recv): 2097152\2097152, this= 0x1c9ba9f4290
[2025-04-26 18:14:27.738] [PSS] [info] [36848|12164]transport_client_tcp3.cpp:59 Start: server= 127.0.0.1:54000, local=0.0.0.0:0, this= 0x1c9ba9f4290
[2025-04-26 18:14:29.782] [PSS] [info] [36848|36352]streaming_client_impl.cpp:62 NotifyConnectResult: network connect to service result= 10061, this= 0x1c9e0642b10
[2025-04-26 18:14:29.782] [PSS] [error] [36848|36352]streaming_client_impl.cpp:64 NotifyConnectResult: connect to service network error= 10061, this= 0x1c9e0642b10
[2025-04-26 18:14:29.782] [PSS] [error] [36848|12164]streaming_driver_interface_impl.cpp:332 NotifyClientConnectResult: connect to service failed, Network Error, this= 0x1c8b7da23e0
[2025-04-26 18:14:29.782] [PSS] [error] [36848|36352]transport_client_tcp3.cpp:129 HandleConnect: connected error= 由于目标计算机积极拒绝，无法连接。, this= 0x1c9ba9f4290
[2025-04-26 18:15:26.442] [PSS] [debug] [36848|38884]streaming_driver_interface_impl.cpp:19 StreamingDriverInterfaceImpl: callback= 0x1c6e93f8f80, this= 0x1c9e04ea4b0
[2025-04-26 18:15:26.443] [PSS] [error] [36848|38884]streaming_driver_interface_impl.cpp:115 SetTrackingOrigin: streaming not started, this= 0x1c9e04ea4b0
[2025-04-26 18:15:26.443] [PSS] [info] [36848|38884]streaming_driver_interface_impl.cpp:24 ConnectToService: connect to service, client_id= CBBCXUhQBpLRq2Bf, this= 0x1c9e04ea4b0
[2025-04-26 18:15:26.443] [PSS] [info] [36848|38884]streaming_client_impl.cpp:25 ConnectToService: client_id= CBBCXUhQBpLRq2Bf, name= 3D Engine, desp= StreamingSceneRender, this= 0x1c9e06425c0
[2025-04-26 18:15:26.443] [PSS] [debug] [36848|24916]streaming_client_impl.cpp:137 InvokeConnectToService: connect to service through the network, port= 54000, this= 0x1c9e06425c0
[2025-04-26 18:15:26.443] [PSS] [debug] [36848|24916]transport_client_tcp3.cpp:34 Start: buffer size(send\recv): 2097152\2097152, this= 0x1c9ba9f4530
[2025-04-26 18:15:26.443] [PSS] [info] [36848|24916]transport_client_tcp3.cpp:59 Start: server= 127.0.0.1:54000, local=0.0.0.0:0, this= 0x1c9ba9f4530
[2025-04-26 18:15:28.482] [PSS] [info] [36848|37724]streaming_client_impl.cpp:62 NotifyConnectResult: network connect to service result= 10061, this= 0x1c9e06425c0
[2025-04-26 18:15:28.482] [PSS] [error] [36848|37724]streaming_client_impl.cpp:64 NotifyConnectResult: connect to service network error= 10061, this= 0x1c9e06425c0
[2025-04-26 18:15:28.482] [PSS] [error] [36848|24916]streaming_driver_interface_impl.cpp:332 NotifyClientConnectResult: connect to service failed, Network Error, this= 0x1c9e04ea4b0
[2025-04-26 18:15:28.482] [PSS] [error] [36848|37724]transport_client_tcp3.cpp:129 HandleConnect: connected error= 由于目标计算机积极拒绝，无法连接。, this= 0x1c9ba9f4530
[2025-04-26 18:22:04.176] [PSS] [debug] [36848|38884]streaming_driver_interface_impl.cpp:19 StreamingDriverInterfaceImpl: callback= 0x1c9ab3e21f0, this= 0x1c6f1caab50
[2025-04-26 18:22:04.177] [PSS] [error] [36848|38884]streaming_driver_interface_impl.cpp:115 SetTrackingOrigin: streaming not started, this= 0x1c6f1caab50
[2025-04-26 18:22:04.177] [PSS] [info] [36848|38884]streaming_driver_interface_impl.cpp:24 ConnectToService: connect to service, client_id= Kw7jDSEmKixR8SJS, this= 0x1c6f1caab50
[2025-04-26 18:22:04.177] [PSS] [info] [36848|38884]streaming_client_impl.cpp:25 ConnectToService: client_id= Kw7jDSEmKixR8SJS, name= 3D Engine, desp= StreamingSceneRender, this= 0x1c9ba9fa4d0
[2025-04-26 18:22:04.177] [PSS] [debug] [36848|39620]streaming_client_impl.cpp:137 InvokeConnectToService: connect to service through the network, port= 54000, this= 0x1c9ba9fa4d0
[2025-04-26 18:22:04.177] [PSS] [debug] [36848|39620]transport_client_tcp3.cpp:34 Start: buffer size(send\recv): 2097152\2097152, this= 0x1c9ba9f25b0
[2025-04-26 18:22:04.177] [PSS] [info] [36848|39620]transport_client_tcp3.cpp:59 Start: server= 127.0.0.1:54000, local=0.0.0.0:0, this= 0x1c9ba9f25b0
[2025-04-26 18:22:06.210] [PSS] [info] [36848|39976]streaming_client_impl.cpp:62 NotifyConnectResult: network connect to service result= 10061, this= 0x1c9ba9fa4d0
[2025-04-26 18:22:06.210] [PSS] [error] [36848|39976]streaming_client_impl.cpp:64 NotifyConnectResult: connect to service network error= 10061, this= 0x1c9ba9fa4d0
[2025-04-26 18:22:06.210] [PSS] [error] [36848|39620]streaming_driver_interface_impl.cpp:332 NotifyClientConnectResult: connect to service failed, Network Error, this= 0x1c6f1caab50
[2025-04-26 18:22:06.210] [PSS] [error] [36848|39976]transport_client_tcp3.cpp:129 HandleConnect: connected error= 由于目标计算机积极拒绝，无法连接。, this= 0x1c9ba9f25b0
[2025-04-26 18:23:52.518] [PSS] [debug] [36848|38884]streaming_driver_interface_impl.cpp:19 StreamingDriverInterfaceImpl: callback= 0x1c9dc0b8610, this= 0x1c9e8b5fb40
[2025-04-26 18:23:52.519] [PSS] [error] [36848|38884]streaming_driver_interface_impl.cpp:115 SetTrackingOrigin: streaming not started, this= 0x1c9e8b5fb40
[2025-04-26 18:23:52.519] [PSS] [info] [36848|38884]streaming_driver_interface_impl.cpp:24 ConnectToService: connect to service, client_id= iz4cgBtnDffMzmDI, this= 0x1c9e8b5fb40
[2025-04-26 18:23:52.519] [PSS] [info] [36848|38884]streaming_client_impl.cpp:25 ConnectToService: client_id= iz4cgBtnDffMzmDI, name= 3D Engine, desp= StreamingSceneRender, this= 0x1c9ab5fa350
[2025-04-26 18:23:52.519] [PSS] [debug] [36848|34924]streaming_client_impl.cpp:137 InvokeConnectToService: connect to service through the network, port= 54000, this= 0x1c9ab5fa350
[2025-04-26 18:23:52.519] [PSS] [debug] [36848|34924]transport_client_tcp3.cpp:34 Start: buffer size(send\recv): 2097152\2097152, this= 0x1c9ba9f4290
[2025-04-26 18:23:52.519] [PSS] [info] [36848|34924]transport_client_tcp3.cpp:59 Start: server= 127.0.0.1:54000, local=0.0.0.0:0, this= 0x1c9ba9f4290
[2025-04-26 18:23:54.549] [PSS] [info] [36848|31320]streaming_client_impl.cpp:62 NotifyConnectResult: network connect to service result= 10061, this= 0x1c9ab5fa350
[2025-04-26 18:23:54.549] [PSS] [error] [36848|31320]streaming_client_impl.cpp:64 NotifyConnectResult: connect to service network error= 10061, this= 0x1c9ab5fa350
[2025-04-26 18:23:54.549] [PSS] [error] [36848|34924]streaming_driver_interface_impl.cpp:332 NotifyClientConnectResult: connect to service failed, Network Error, this= 0x1c9e8b5fb40
[2025-04-26 18:23:54.549] [PSS] [error] [36848|31320]transport_client_tcp3.cpp:129 HandleConnect: connected error= 由于目标计算机积极拒绝，无法连接。, this= 0x1c9ba9f4290
[2025-04-26 18:40:47.935] [PSS] [debug] [36848|38884]streaming_driver_interface_impl.cpp:19 StreamingDriverInterfaceImpl: callback= 0x1c6e6d96830, this= 0x1c8fcc75b50
[2025-04-26 18:40:47.935] [PSS] [error] [36848|38884]streaming_driver_interface_impl.cpp:115 SetTrackingOrigin: streaming not started, this= 0x1c8fcc75b50
[2025-04-26 18:40:47.935] [PSS] [info] [36848|38884]streaming_driver_interface_impl.cpp:24 ConnectToService: connect to service, client_id= gtCqj1YCw49geCpW, this= 0x1c8fcc75b50
[2025-04-26 18:40:47.935] [PSS] [info] [36848|38884]streaming_client_impl.cpp:25 ConnectToService: client_id= gtCqj1YCw49geCpW, name= 3D Engine, desp= StreamingSceneRender, this= 0x1ca27886f60
[2025-04-26 18:40:47.936] [PSS] [debug] [36848|27924]streaming_client_impl.cpp:137 InvokeConnectToService: connect to service through the network, port= 54000, this= 0x1ca27886f60
[2025-04-26 18:40:47.936] [PSS] [debug] [36848|27924]transport_client_tcp3.cpp:34 Start: buffer size(send\recv): 2097152\2097152, this= 0x1c9ba9f4d10
[2025-04-26 18:40:47.936] [PSS] [info] [36848|27924]transport_client_tcp3.cpp:59 Start: server= 127.0.0.1:54000, local=0.0.0.0:0, this= 0x1c9ba9f4d10
[2025-04-26 18:40:49.981] [PSS] [info] [36848|23544]streaming_client_impl.cpp:62 NotifyConnectResult: network connect to service result= 10061, this= 0x1ca27886f60
[2025-04-26 18:40:49.981] [PSS] [error] [36848|23544]streaming_client_impl.cpp:64 NotifyConnectResult: connect to service network error= 10061, this= 0x1ca27886f60
[2025-04-26 18:40:49.981] [PSS] [error] [36848|23544]transport_client_tcp3.cpp:129 HandleConnect: connected error= 由于目标计算机积极拒绝，无法连接。, this= 0x1c9ba9f4d10
[2025-04-26 18:40:49.981] [PSS] [error] [36848|27924]streaming_driver_interface_impl.cpp:332 NotifyClientConnectResult: connect to service failed, Network Error, this= 0x1c8fcc75b50
[2025-04-26 18:42:00.736] [PSS] [debug] [36848|38884]streaming_driver_interface_impl.cpp:19 StreamingDriverInterfaceImpl: callback= 0x1c8fca5c600, this= 0x1c6e8ec4120
[2025-04-26 18:42:00.736] [PSS] [error] [36848|38884]streaming_driver_interface_impl.cpp:115 SetTrackingOrigin: streaming not started, this= 0x1c6e8ec4120
[2025-04-26 18:42:00.736] [PSS] [info] [36848|38884]streaming_driver_interface_impl.cpp:24 ConnectToService: connect to service, client_id= AleSRS34YwHDKsxB, this= 0x1c6e8ec4120
[2025-04-26 18:42:00.736] [PSS] [info] [36848|38884]streaming_client_impl.cpp:25 ConnectToService: client_id= AleSRS34YwHDKsxB, name= 3D Engine, desp= StreamingSceneRender, this= 0x1c6e8a764b0
[2025-04-26 18:42:00.736] [PSS] [debug] [36848|8076]streaming_client_impl.cpp:137 InvokeConnectToService: connect to service through the network, port= 54000, this= 0x1c6e8a764b0
[2025-04-26 18:42:00.736] [PSS] [debug] [36848|8076]transport_client_tcp3.cpp:34 Start: buffer size(send\recv): 2097152\2097152, this= 0x1c9ba9f4fb0
[2025-04-26 18:42:00.736] [PSS] [info] [36848|8076]transport_client_tcp3.cpp:59 Start: server= 127.0.0.1:54000, local=0.0.0.0:0, this= 0x1c9ba9f4fb0
[2025-04-26 18:42:02.788] [PSS] [info] [36848|8412]streaming_client_impl.cpp:62 NotifyConnectResult: network connect to service result= 10061, this= 0x1c6e8a764b0
[2025-04-26 18:42:02.788] [PSS] [error] [36848|8412]streaming_client_impl.cpp:64 NotifyConnectResult: connect to service network error= 10061, this= 0x1c6e8a764b0
[2025-04-26 18:42:02.788] [PSS] [error] [36848|8076]streaming_driver_interface_impl.cpp:332 NotifyClientConnectResult: connect to service failed, Network Error, this= 0x1c6e8ec4120
[2025-04-26 18:42:02.788] [PSS] [error] [36848|8412]transport_client_tcp3.cpp:129 HandleConnect: connected error= 由于目标计算机积极拒绝，无法连接。, this= 0x1c9ba9f4fb0
[2025-04-26 18:42:29.427] [PSS] [debug] [36848|38884]streaming_driver_interface_impl.cpp:19 StreamingDriverInterfaceImpl: callback= 0x1c9df91d790, this= 0x1c8d9603020
[2025-04-26 18:42:29.428] [PSS] [error] [36848|38884]streaming_driver_interface_impl.cpp:115 SetTrackingOrigin: streaming not started, this= 0x1c8d9603020
[2025-04-26 18:42:29.428] [PSS] [info] [36848|38884]streaming_driver_interface_impl.cpp:24 ConnectToService: connect to service, client_id= D9hSdmPHhTmqHzKa, this= 0x1c8d9603020
[2025-04-26 18:42:29.428] [PSS] [info] [36848|38884]streaming_client_impl.cpp:25 ConnectToService: client_id= D9hSdmPHhTmqHzKa, name= 3D Engine, desp= StreamingSceneRender, this= 0x1c8fca530f0
[2025-04-26 18:42:29.428] [PSS] [debug] [36848|4264]streaming_client_impl.cpp:137 InvokeConnectToService: connect to service through the network, port= 54000, this= 0x1c8fca530f0
[2025-04-26 18:42:29.428] [PSS] [debug] [36848|4264]transport_client_tcp3.cpp:34 Start: buffer size(send\recv): 2097152\2097152, this= 0x1c9ba9f5cd0
[2025-04-26 18:42:29.428] [PSS] [info] [36848|4264]transport_client_tcp3.cpp:59 Start: server= 127.0.0.1:54000, local=0.0.0.0:0, this= 0x1c9ba9f5cd0
[2025-04-26 18:42:31.455] [PSS] [info] [36848|25404]streaming_client_impl.cpp:62 NotifyConnectResult: network connect to service result= 10061, this= 0x1c8fca530f0
[2025-04-26 18:42:31.455] [PSS] [error] [36848|25404]streaming_client_impl.cpp:64 NotifyConnectResult: connect to service network error= 10061, this= 0x1c8fca530f0
[2025-04-26 18:42:31.455] [PSS] [error] [36848|4264]streaming_driver_interface_impl.cpp:332 NotifyClientConnectResult: connect to service failed, Network Error, this= 0x1c8d9603020
[2025-04-26 18:42:31.455] [PSS] [error] [36848|25404]transport_client_tcp3.cpp:129 HandleConnect: connected error= 由于目标计算机积极拒绝，无法连接。, this= 0x1c9ba9f5cd0
[2025-04-26 18:44:51.894] [PSS] [debug] [36848|38884]streaming_driver_interface_impl.cpp:19 StreamingDriverInterfaceImpl: callback= 0x1c9ab3ed000, this= 0x1c9cf371b50
[2025-04-26 18:44:51.895] [PSS] [error] [36848|38884]streaming_driver_interface_impl.cpp:115 SetTrackingOrigin: streaming not started, this= 0x1c9cf371b50
[2025-04-26 18:44:51.895] [PSS] [info] [36848|38884]streaming_driver_interface_impl.cpp:24 ConnectToService: connect to service, client_id= IrMQeD4IQWYoQmHC, this= 0x1c9cf371b50
[2025-04-26 18:44:51.895] [PSS] [info] [36848|38884]streaming_client_impl.cpp:25 ConnectToService: client_id= IrMQeD4IQWYoQmHC, name= 3D Engine, desp= StreamingSceneRender, this= 0x1c8fca55d90
[2025-04-26 18:44:51.895] [PSS] [debug] [36848|45388]streaming_client_impl.cpp:137 InvokeConnectToService: connect to service through the network, port= 54000, this= 0x1c8fca55d90
[2025-04-26 18:44:51.895] [PSS] [debug] [36848|45388]transport_client_tcp3.cpp:34 Start: buffer size(send\recv): 2097152\2097152, this= 0x1c9ba9f3570
[2025-04-26 18:44:51.895] [PSS] [info] [36848|45388]transport_client_tcp3.cpp:59 Start: server= 127.0.0.1:54000, local=0.0.0.0:0, this= 0x1c9ba9f3570
[2025-04-26 18:44:53.913] [PSS] [info] [36848|36992]streaming_client_impl.cpp:62 NotifyConnectResult: network connect to service result= 10061, this= 0x1c8fca55d90
[2025-04-26 18:44:53.913] [PSS] [error] [36848|36992]streaming_client_impl.cpp:64 NotifyConnectResult: connect to service network error= 10061, this= 0x1c8fca55d90
[2025-04-26 18:44:53.913] [PSS] [error] [36848|45388]streaming_driver_interface_impl.cpp:332 NotifyClientConnectResult: connect to service failed, Network Error, this= 0x1c9cf371b50
[2025-04-26 18:44:53.913] [PSS] [error] [36848|36992]transport_client_tcp3.cpp:129 HandleConnect: connected error= 由于目标计算机积极拒绝，无法连接。, this= 0x1c9ba9f3570
[2025-04-26 18:51:04.357] [PSS] [info] ***********  Log Begin **********
[2025-04-26 18:51:04.357] [PSS] [info] process id= 30840
[2025-04-26 18:51:04.357] [PSS] [debug] [30840|8880]streaming_driver_interface_impl.cpp:19 StreamingDriverInterfaceImpl: callback= 0x2cddbb33ec0, this= 0x2cd01b9bf10
[2025-04-26 18:51:04.357] [PSS] [error] [30840|8880]streaming_driver_interface_impl.cpp:115 SetTrackingOrigin: streaming not started, this= 0x2cd01b9bf10
[2025-04-26 18:51:04.357] [PSS] [info] [30840|8880]streaming_driver_interface_impl.cpp:24 ConnectToService: connect to service, client_id= bC3JeBXQiyF84ZrS, this= 0x2cd01b9bf10
[2025-04-26 18:51:04.357] [PSS] [info] [30840|8880]streaming_client_impl.cpp:25 ConnectToService: client_id= bC3JeBXQiyF84ZrS, name= 3D Engine, desp= StreamingSceneRender, this= 0x2ccbd203c30
[2025-04-26 18:51:04.357] [PSS] [debug] [30840|44464]streaming_client_impl.cpp:137 InvokeConnectToService: connect to service through the network, port= 54000, this= 0x2ccbd203c30
[2025-04-26 18:51:04.358] [PSS] [debug] [30840|44464]transport_client_tcp3.cpp:34 Start: buffer size(send\recv): 2097152\2097152, this= 0x2cce048ed50
[2025-04-26 18:51:04.358] [PSS] [info] [30840|44464]transport_client_tcp3.cpp:59 Start: server= 127.0.0.1:54000, local=0.0.0.0:0, this= 0x2cce048ed50
[2025-04-26 18:51:06.413] [PSS] [info] [30840|31332]streaming_client_impl.cpp:62 NotifyConnectResult: network connect to service result= 10061, this= 0x2ccbd203c30
[2025-04-26 18:51:06.413] [PSS] [error] [30840|31332]streaming_client_impl.cpp:64 NotifyConnectResult: connect to service network error= 10061, this= 0x2ccbd203c30
[2025-04-26 18:51:06.413] [PSS] [error] [30840|44464]streaming_driver_interface_impl.cpp:332 NotifyClientConnectResult: connect to service failed, Network Error, this= 0x2cd01b9bf10
[2025-04-26 18:51:06.413] [PSS] [error] [30840|31332]transport_client_tcp3.cpp:129 HandleConnect: connected error= 由于目标计算机积极拒绝，无法连接。, this= 0x2cce048ed50
[2025-04-26 18:51:28.822] [PSS] [debug] [30840|8880]streaming_driver_interface_impl.cpp:19 StreamingDriverInterfaceImpl: callback= 0x2cd2ddcef60, this= 0x2cdba5274e0
[2025-04-26 18:51:28.823] [PSS] [error] [30840|8880]streaming_driver_interface_impl.cpp:115 SetTrackingOrigin: streaming not started, this= 0x2cdba5274e0
[2025-04-26 18:51:28.823] [PSS] [info] [30840|8880]streaming_driver_interface_impl.cpp:24 ConnectToService: connect to service, client_id= l7MZaliIq2Do22mB, this= 0x2cdba5274e0
[2025-04-26 18:51:28.823] [PSS] [info] [30840|8880]streaming_client_impl.cpp:25 ConnectToService: client_id= l7MZaliIq2Do22mB, name= 3D Engine, desp= StreamingSceneRender, this= 0x2cddba63180
[2025-04-26 18:51:28.823] [PSS] [debug] [30840|16848]streaming_client_impl.cpp:137 InvokeConnectToService: connect to service through the network, port= 54000, this= 0x2cddba63180
[2025-04-26 18:51:28.823] [PSS] [debug] [30840|16848]transport_client_tcp3.cpp:34 Start: buffer size(send\recv): 2097152\2097152, this= 0x2cce0490790
[2025-04-26 18:51:28.823] [PSS] [info] [30840|16848]transport_client_tcp3.cpp:59 Start: server= 127.0.0.1:54000, local=0.0.0.0:0, this= 0x2cce0490790
[2025-04-26 18:51:30.846] [PSS] [info] [30840|11760]streaming_client_impl.cpp:62 NotifyConnectResult: network connect to service result= 10061, this= 0x2cddba63180
[2025-04-26 18:51:30.846] [PSS] [error] [30840|11760]streaming_client_impl.cpp:64 NotifyConnectResult: connect to service network error= 10061, this= 0x2cddba63180
[2025-04-26 18:51:30.846] [PSS] [error] [30840|11760]transport_client_tcp3.cpp:129 HandleConnect: connected error= 由于目标计算机积极拒绝，无法连接。, this= 0x2cce0490790
[2025-04-26 18:51:30.846] [PSS] [error] [30840|16848]streaming_driver_interface_impl.cpp:332 NotifyClientConnectResult: connect to service failed, Network Error, this= 0x2cdba5274e0
[2025-04-26 19:00:30.350] [PSS] [debug] [30840|8880]streaming_driver_interface_impl.cpp:19 StreamingDriverInterfaceImpl: callback= 0x2ccbd3e9420, this= 0x2ccbd5f7070
[2025-04-26 19:00:30.350] [PSS] [error] [30840|8880]streaming_driver_interface_impl.cpp:115 SetTrackingOrigin: streaming not started, this= 0x2ccbd5f7070
[2025-04-26 19:00:30.350] [PSS] [info] [30840|8880]streaming_driver_interface_impl.cpp:24 ConnectToService: connect to service, client_id= 85Wjq9FR9enCaX4g, this= 0x2ccbd5f7070
[2025-04-26 19:00:30.350] [PSS] [info] [30840|8880]streaming_client_impl.cpp:25 ConnectToService: client_id= 85Wjq9FR9enCaX4g, name= 3D Engine, desp= StreamingSceneRender, this= 0x2cd0c383a60
[2025-04-26 19:00:30.350] [PSS] [debug] [30840|9428]streaming_client_impl.cpp:137 InvokeConnectToService: connect to service through the network, port= 54000, this= 0x2cd0c383a60
[2025-04-26 19:00:30.350] [PSS] [debug] [30840|9428]transport_client_tcp3.cpp:34 Start: buffer size(send\recv): 2097152\2097152, this= 0x2cce048ed50
[2025-04-26 19:00:30.351] [PSS] [info] [30840|9428]transport_client_tcp3.cpp:59 Start: server= 127.0.0.1:54000, local=0.0.0.0:0, this= 0x2cce048ed50
[2025-04-26 19:00:32.384] [PSS] [info] [30840|42772]streaming_client_impl.cpp:62 NotifyConnectResult: network connect to service result= 10061, this= 0x2cd0c383a60
[2025-04-26 19:00:32.384] [PSS] [error] [30840|42772]streaming_client_impl.cpp:64 NotifyConnectResult: connect to service network error= 10061, this= 0x2cd0c383a60
[2025-04-26 19:00:32.384] [PSS] [error] [30840|9428]streaming_driver_interface_impl.cpp:332 NotifyClientConnectResult: connect to service failed, Network Error, this= 0x2ccbd5f7070
[2025-04-26 19:00:32.384] [PSS] [error] [30840|42772]transport_client_tcp3.cpp:129 HandleConnect: connected error= 由于目标计算机积极拒绝，无法连接。, this= 0x2cce048ed50
[2025-04-26 19:00:54.115] [PSS] [debug] [30840|8880]streaming_driver_interface_impl.cpp:19 StreamingDriverInterfaceImpl: callback= 0x2cd2ddcd660, this= 0x2cdba5274e0
[2025-04-26 19:00:54.116] [PSS] [error] [30840|8880]streaming_driver_interface_impl.cpp:115 SetTrackingOrigin: streaming not started, this= 0x2cdba5274e0
[2025-04-26 19:00:54.116] [PSS] [info] [30840|8880]streaming_driver_interface_impl.cpp:24 ConnectToService: connect to service, client_id= EvkgwxJDkGXnfQbx, this= 0x2cdba5274e0
[2025-04-26 19:00:54.116] [PSS] [info] [30840|8880]streaming_client_impl.cpp:25 ConnectToService: client_id= EvkgwxJDkGXnfQbx, name= 3D Engine, desp= StreamingSceneRender, this= 0x2cddba60c50
[2025-04-26 19:00:54.116] [PSS] [debug] [30840|19664]streaming_client_impl.cpp:137 InvokeConnectToService: connect to service through the network, port= 54000, this= 0x2cddba60c50
[2025-04-26 19:00:54.116] [PSS] [debug] [30840|19664]transport_client_tcp3.cpp:34 Start: buffer size(send\recv): 2097152\2097152, this= 0x2cce048f7d0
[2025-04-26 19:00:54.116] [PSS] [info] [30840|19664]transport_client_tcp3.cpp:59 Start: server= 127.0.0.1:54000, local=0.0.0.0:0, this= 0x2cce048f7d0
[2025-04-26 19:00:56.172] [PSS] [info] [30840|43232]streaming_client_impl.cpp:62 NotifyConnectResult: network connect to service result= 10061, this= 0x2cddba60c50
[2025-04-26 19:00:56.172] [PSS] [error] [30840|43232]streaming_client_impl.cpp:64 NotifyConnectResult: connect to service network error= 10061, this= 0x2cddba60c50
[2025-04-26 19:00:56.172] [PSS] [error] [30840|43232]transport_client_tcp3.cpp:129 HandleConnect: connected error= 由于目标计算机积极拒绝，无法连接。, this= 0x2cce048f7d0
[2025-04-26 19:00:56.172] [PSS] [error] [30840|19664]streaming_driver_interface_impl.cpp:332 NotifyClientConnectResult: connect to service failed, Network Error, this= 0x2cdba5274e0
[2025-04-26 19:07:03.270] [PSS] [debug] [30840|8880]streaming_driver_interface_impl.cpp:19 StreamingDriverInterfaceImpl: callback= 0x2cd0a1ffd50, this= 0x2cddb87eb50
[2025-04-26 19:07:03.271] [PSS] [error] [30840|8880]streaming_driver_interface_impl.cpp:115 SetTrackingOrigin: streaming not started, this= 0x2cddb87eb50
[2025-04-26 19:07:03.271] [PSS] [info] [30840|8880]streaming_driver_interface_impl.cpp:24 ConnectToService: connect to service, client_id= KowkiG672h18kbMY, this= 0x2cddb87eb50
[2025-04-26 19:07:03.271] [PSS] [info] [30840|8880]streaming_client_impl.cpp:25 ConnectToService: client_id= KowkiG672h18kbMY, name= 3D Engine, desp= StreamingSceneRender, this= 0x2cde9520e50
[2025-04-26 19:07:03.271] [PSS] [debug] [30840|22584]streaming_client_impl.cpp:137 InvokeConnectToService: connect to service through the network, port= 54000, this= 0x2cde9520e50
[2025-04-26 19:07:03.271] [PSS] [debug] [30840|22584]transport_client_tcp3.cpp:34 Start: buffer size(send\recv): 2097152\2097152, this= 0x2cce048fa70
[2025-04-26 19:07:03.271] [PSS] [info] [30840|22584]transport_client_tcp3.cpp:59 Start: server= 127.0.0.1:54000, local=0.0.0.0:0, this= 0x2cce048fa70
[2025-04-26 19:07:05.311] [PSS] [info] [30840|2600]streaming_client_impl.cpp:62 NotifyConnectResult: network connect to service result= 10061, this= 0x2cde9520e50
[2025-04-26 19:07:05.312] [PSS] [error] [30840|2600]streaming_client_impl.cpp:64 NotifyConnectResult: connect to service network error= 10061, this= 0x2cde9520e50
[2025-04-26 19:07:05.312] [PSS] [error] [30840|22584]streaming_driver_interface_impl.cpp:332 NotifyClientConnectResult: connect to service failed, Network Error, this= 0x2cddb87eb50
[2025-04-26 19:07:05.312] [PSS] [error] [30840|2600]transport_client_tcp3.cpp:129 HandleConnect: connected error= 由于目标计算机积极拒绝，无法连接。, this= 0x2cce048fa70
[2025-04-26 19:11:09.744] [PSS] [debug] [30840|8880]streaming_driver_interface_impl.cpp:19 StreamingDriverInterfaceImpl: callback= 0x2cd0a720080, this= 0x2cd0aba5b50
[2025-04-26 19:11:09.745] [PSS] [error] [30840|8880]streaming_driver_interface_impl.cpp:115 SetTrackingOrigin: streaming not started, this= 0x2cd0aba5b50
[2025-04-26 19:11:09.745] [PSS] [info] [30840|8880]streaming_driver_interface_impl.cpp:24 ConnectToService: connect to service, client_id= l6ebLkErixGk9qhm, this= 0x2cd0aba5b50
[2025-04-26 19:11:09.745] [PSS] [info] [30840|8880]streaming_client_impl.cpp:25 ConnectToService: client_id= l6ebLkErixGk9qhm, name= 3D Engine, desp= StreamingSceneRender, this= 0x2cde9522390
[2025-04-26 19:11:09.745] [PSS] [debug] [30840|45568]streaming_client_impl.cpp:137 InvokeConnectToService: connect to service through the network, port= 54000, this= 0x2cde9522390
[2025-04-26 19:11:09.745] [PSS] [debug] [30840|45568]transport_client_tcp3.cpp:34 Start: buffer size(send\recv): 2097152\2097152, this= 0x2cce048ffb0
[2025-04-26 19:11:09.745] [PSS] [info] [30840|45568]transport_client_tcp3.cpp:59 Start: server= 127.0.0.1:54000, local=0.0.0.0:0, this= 0x2cce048ffb0
[2025-04-26 19:11:11.775] [PSS] [info] [30840|39172]streaming_client_impl.cpp:62 NotifyConnectResult: network connect to service result= 10061, this= 0x2cde9522390
[2025-04-26 19:11:11.775] [PSS] [error] [30840|39172]streaming_client_impl.cpp:64 NotifyConnectResult: connect to service network error= 10061, this= 0x2cde9522390
[2025-04-26 19:11:11.775] [PSS] [error] [30840|39172]transport_client_tcp3.cpp:129 HandleConnect: connected error= 由于目标计算机积极拒绝，无法连接。, this= 0x2cce048ffb0
[2025-04-26 19:11:11.775] [PSS] [error] [30840|45568]streaming_driver_interface_impl.cpp:332 NotifyClientConnectResult: connect to service failed, Network Error, this= 0x2cd0aba5b50
[2025-04-26 19:11:51.088] [PSS] [debug] [30840|8880]streaming_driver_interface_impl.cpp:19 StreamingDriverInterfaceImpl: callback= 0x2cddb90d590, this= 0x2ccdf592030
[2025-04-26 19:11:51.088] [PSS] [error] [30840|8880]streaming_driver_interface_impl.cpp:115 SetTrackingOrigin: streaming not started, this= 0x2ccdf592030
[2025-04-26 19:11:51.088] [PSS] [info] [30840|8880]streaming_driver_interface_impl.cpp:24 ConnectToService: connect to service, client_id= WP3t277nYkvyisqm, this= 0x2ccdf592030
[2025-04-26 19:11:51.088] [PSS] [info] [30840|8880]streaming_client_impl.cpp:25 ConnectToService: client_id= WP3t277nYkvyisqm, name= 3D Engine, desp= StreamingSceneRender, this= 0x2ce12c58ec0
[2025-04-26 19:11:51.088] [PSS] [debug] [30840|37424]streaming_client_impl.cpp:137 InvokeConnectToService: connect to service through the network, port= 54000, this= 0x2ce12c58ec0
[2025-04-26 19:11:51.088] [PSS] [debug] [30840|37424]transport_client_tcp3.cpp:34 Start: buffer size(send\recv): 2097152\2097152, this= 0x2cce0490790
[2025-04-26 19:11:51.088] [PSS] [info] [30840|37424]transport_client_tcp3.cpp:59 Start: server= 127.0.0.1:54000, local=0.0.0.0:0, this= 0x2cce0490790
[2025-04-26 19:11:53.138] [PSS] [info] [30840|18112]streaming_client_impl.cpp:62 NotifyConnectResult: network connect to service result= 10061, this= 0x2ce12c58ec0
[2025-04-26 19:11:53.138] [PSS] [error] [30840|18112]streaming_client_impl.cpp:64 NotifyConnectResult: connect to service network error= 10061, this= 0x2ce12c58ec0
[2025-04-26 19:11:53.138] [PSS] [error] [30840|18112]transport_client_tcp3.cpp:129 HandleConnect: connected error= 由于目标计算机积极拒绝，无法连接。, this= 0x2cce0490790
[2025-04-26 19:11:53.138] [PSS] [error] [30840|37424]streaming_driver_interface_impl.cpp:332 NotifyClientConnectResult: connect to service failed, Network Error, this= 0x2ccdf592030
[2025-04-26 19:12:09.992] [PSS] [debug] [30840|8880]streaming_driver_interface_impl.cpp:19 StreamingDriverInterfaceImpl: callback= 0x2cdf80a5450, this= 0x2cd0b938f20
[2025-04-26 19:12:09.992] [PSS] [error] [30840|8880]streaming_driver_interface_impl.cpp:115 SetTrackingOrigin: streaming not started, this= 0x2cd0b938f20
[2025-04-26 19:12:09.992] [PSS] [info] [30840|8880]streaming_driver_interface_impl.cpp:24 ConnectToService: connect to service, client_id= 5xkhGjz93jA4DVFF, this= 0x2cd0b938f20
[2025-04-26 19:12:09.992] [PSS] [info] [30840|8880]streaming_client_impl.cpp:25 ConnectToService: client_id= 5xkhGjz93jA4DVFF, name= 3D Engine, desp= StreamingSceneRender, this= 0x2ce021337e0
[2025-04-26 19:12:09.992] [PSS] [debug] [30840|32152]streaming_client_impl.cpp:137 InvokeConnectToService: connect to service through the network, port= 54000, this= 0x2ce021337e0
[2025-04-26 19:12:09.992] [PSS] [debug] [30840|32152]transport_client_tcp3.cpp:34 Start: buffer size(send\recv): 2097152\2097152, this= 0x2cce048f7d0
[2025-04-26 19:12:09.993] [PSS] [info] [30840|32152]transport_client_tcp3.cpp:59 Start: server= 127.0.0.1:54000, local=0.0.0.0:0, this= 0x2cce048f7d0
[2025-04-26 19:12:12.050] [PSS] [info] [30840|42696]streaming_client_impl.cpp:62 NotifyConnectResult: network connect to service result= 10061, this= 0x2ce021337e0
[2025-04-26 19:12:12.050] [PSS] [error] [30840|42696]streaming_client_impl.cpp:64 NotifyConnectResult: connect to service network error= 10061, this= 0x2ce021337e0
[2025-04-26 19:12:12.050] [PSS] [error] [30840|32152]streaming_driver_interface_impl.cpp:332 NotifyClientConnectResult: connect to service failed, Network Error, this= 0x2cd0b938f20
[2025-04-26 19:12:12.050] [PSS] [error] [30840|42696]transport_client_tcp3.cpp:129 HandleConnect: connected error= 由于目标计算机积极拒绝，无法连接。, this= 0x2cce048f7d0
[2025-04-26 20:37:28.986] [PSS] [info] ***********  Log Begin **********
[2025-04-26 20:37:28.986] [PSS] [info] process id= 41832
[2025-04-26 20:37:28.986] [PSS] [debug] [41832|34448]streaming_driver_interface_impl.cpp:19 StreamingDriverInterfaceImpl: callback= 0x1f54ab47c40, this= 0x1f574120410
[2025-04-26 20:37:28.986] [PSS] [error] [41832|34448]streaming_driver_interface_impl.cpp:115 SetTrackingOrigin: streaming not started, this= 0x1f574120410
[2025-04-26 20:37:28.986] [PSS] [info] [41832|34448]streaming_driver_interface_impl.cpp:24 ConnectToService: connect to service, client_id= AjALoIoW2Iwu5zUh, this= 0x1f574120410
[2025-04-26 20:37:28.986] [PSS] [info] [41832|34448]streaming_client_impl.cpp:25 ConnectToService: client_id= AjALoIoW2Iwu5zUh, name= 3D Engine, desp= StreamingSceneRender, this= 0x1f59756eee0
[2025-04-26 20:37:28.986] [PSS] [debug] [41832|14292]streaming_client_impl.cpp:137 InvokeConnectToService: connect to service through the network, port= 54000, this= 0x1f59756eee0
[2025-04-26 20:37:28.987] [PSS] [debug] [41832|14292]transport_client_tcp3.cpp:34 Start: buffer size(send\recv): 2097152\2097152, this= 0x1f661196000
[2025-04-26 20:37:28.987] [PSS] [info] [41832|14292]transport_client_tcp3.cpp:59 Start: server= 127.0.0.1:54000, local=0.0.0.0:0, this= 0x1f661196000
[2025-04-26 20:37:31.017] [PSS] [info] [41832|34420]streaming_client_impl.cpp:62 NotifyConnectResult: network connect to service result= 10061, this= 0x1f59756eee0
[2025-04-26 20:37:31.017] [PSS] [error] [41832|34420]streaming_client_impl.cpp:64 NotifyConnectResult: connect to service network error= 10061, this= 0x1f59756eee0
[2025-04-26 20:37:31.017] [PSS] [error] [41832|14292]streaming_driver_interface_impl.cpp:332 NotifyClientConnectResult: connect to service failed, Network Error, this= 0x1f574120410
[2025-04-26 20:37:31.017] [PSS] [error] [41832|34420]transport_client_tcp3.cpp:129 HandleConnect: connected error= 由于目标计算机积极拒绝，无法连接。, this= 0x1f661196000
[2025-04-26 22:12:32.315] [PSS] [debug] [41832|34448]streaming_driver_interface_impl.cpp:19 StreamingDriverInterfaceImpl: callback= 0x1f54ab47450, this= 0x1f68a8d7b40
[2025-04-26 22:12:32.322] [PSS] [error] [41832|34448]streaming_driver_interface_impl.cpp:115 SetTrackingOrigin: streaming not started, this= 0x1f68a8d7b40
[2025-04-26 22:12:32.322] [PSS] [info] [41832|34448]streaming_driver_interface_impl.cpp:24 ConnectToService: connect to service, client_id= eIpJBOQONqGNKobW, this= 0x1f68a8d7b40
[2025-04-26 22:12:32.322] [PSS] [info] [41832|34448]streaming_client_impl.cpp:25 ConnectToService: client_id= eIpJBOQONqGNKobW, name= 3D Engine, desp= StreamingSceneRender, this= 0x1f6049d7780
[2025-04-26 22:12:32.323] [PSS] [debug] [41832|27980]streaming_client_impl.cpp:137 InvokeConnectToService: connect to service through the network, port= 54000, this= 0x1f6049d7780
[2025-04-26 22:12:32.323] [PSS] [debug] [41832|27980]transport_client_tcp3.cpp:34 Start: buffer size(send\recv): 2097152\2097152, this= 0x1f6611952e0
[2025-04-26 22:12:32.323] [PSS] [info] [41832|27980]transport_client_tcp3.cpp:59 Start: server= 127.0.0.1:54000, local=0.0.0.0:0, this= 0x1f6611952e0
[2025-04-26 22:12:34.364] [PSS] [info] [41832|21688]streaming_client_impl.cpp:62 NotifyConnectResult: network connect to service result= 10061, this= 0x1f6049d7780
[2025-04-26 22:12:34.365] [PSS] [error] [41832|21688]streaming_client_impl.cpp:64 NotifyConnectResult: connect to service network error= 10061, this= 0x1f6049d7780
[2025-04-26 22:12:34.365] [PSS] [error] [41832|27980]streaming_driver_interface_impl.cpp:332 NotifyClientConnectResult: connect to service failed, Network Error, this= 0x1f68a8d7b40
[2025-04-26 22:12:34.365] [PSS] [error] [41832|21688]transport_client_tcp3.cpp:129 HandleConnect: connected error= 由于目标计算机积极拒绝，无法连接。, this= 0x1f6611952e0
[2025-04-28 20:12:45.850] [PSS] [info] ***********  Log Begin **********
[2025-04-28 20:12:45.850] [PSS] [info] process id= 1412
[2025-04-28 20:12:45.850] [PSS] [debug] [1412|25328]streaming_driver_interface_impl.cpp:19 StreamingDriverInterfaceImpl: callback= 0x258e47404a0, this= 0x2590f0d1e90
[2025-04-28 20:12:45.851] [PSS] [error] [1412|25328]streaming_driver_interface_impl.cpp:115 SetTrackingOrigin: streaming not started, this= 0x2590f0d1e90
[2025-04-28 20:12:45.851] [PSS] [info] [1412|25328]streaming_driver_interface_impl.cpp:24 ConnectToService: connect to service, client_id= lVWjU3g5g5Q3z8JA, this= 0x2590f0d1e90
[2025-04-28 20:12:45.851] [PSS] [info] [1412|25328]streaming_client_impl.cpp:25 ConnectToService: client_id= lVWjU3g5g5Q3z8JA, name= 3D Engine, desp= StreamingSceneRender, this= 0x25767664bb0
[2025-04-28 20:12:45.851] [PSS] [debug] [1412|24976]streaming_client_impl.cpp:137 InvokeConnectToService: connect to service through the network, port= 54000, this= 0x25767664bb0
[2025-04-28 20:12:45.851] [PSS] [debug] [1412|24976]transport_client_tcp3.cpp:34 Start: buffer size(send\recv): 2097152\2097152, this= 0x2575d6088f0
[2025-04-28 20:12:45.851] [PSS] [info] [1412|24976]transport_client_tcp3.cpp:59 Start: server= 127.0.0.1:54000, local=0.0.0.0:0, this= 0x2575d6088f0
[2025-04-28 20:12:47.874] [PSS] [info] [1412|28516]streaming_client_impl.cpp:62 NotifyConnectResult: network connect to service result= 10061, this= 0x25767664bb0
[2025-04-28 20:12:47.874] [PSS] [error] [1412|28516]streaming_client_impl.cpp:64 NotifyConnectResult: connect to service network error= 10061, this= 0x25767664bb0
[2025-04-28 20:12:47.874] [PSS] [error] [1412|24976]streaming_driver_interface_impl.cpp:332 NotifyClientConnectResult: connect to service failed, Network Error, this= 0x2590f0d1e90
[2025-04-28 20:12:47.874] [PSS] [error] [1412|28516]transport_client_tcp3.cpp:129 HandleConnect: connected error= 由于目标计算机积极拒绝，无法连接。, this= 0x2575d6088f0
[2025-04-28 20:13:00.101] [PSS] [debug] [1412|25328]streaming_driver_interface_impl.cpp:19 StreamingDriverInterfaceImpl: callback= 0x258b77364c0, this= 0x2590f36a8a0
[2025-04-28 20:13:00.101] [PSS] [error] [1412|25328]streaming_driver_interface_impl.cpp:115 SetTrackingOrigin: streaming not started, this= 0x2590f36a8a0
[2025-04-28 20:13:00.101] [PSS] [info] [1412|25328]streaming_driver_interface_impl.cpp:24 ConnectToService: connect to service, client_id= kh3T3BBfRnUSEX9i, this= 0x2590f36a8a0
[2025-04-28 20:13:00.101] [PSS] [info] [1412|25328]streaming_client_impl.cpp:25 ConnectToService: client_id= kh3T3BBfRnUSEX9i, name= 3D Engine, desp= StreamingSceneRender, this= 0x2590f070930
[2025-04-28 20:13:00.101] [PSS] [debug] [1412|20368]streaming_client_impl.cpp:137 InvokeConnectToService: connect to service through the network, port= 54000, this= 0x2590f070930
[2025-04-28 20:13:00.102] [PSS] [debug] [1412|20368]transport_client_tcp3.cpp:34 Start: buffer size(send\recv): 2097152\2097152, this= 0x2575d607690
[2025-04-28 20:13:00.102] [PSS] [info] [1412|20368]transport_client_tcp3.cpp:59 Start: server= 127.0.0.1:54000, local=0.0.0.0:0, this= 0x2575d607690
[2025-04-28 20:13:02.149] [PSS] [info] [1412|22524]streaming_client_impl.cpp:62 NotifyConnectResult: network connect to service result= 10061, this= 0x2590f070930
[2025-04-28 20:13:02.149] [PSS] [error] [1412|22524]streaming_client_impl.cpp:64 NotifyConnectResult: connect to service network error= 10061, this= 0x2590f070930
[2025-04-28 20:13:02.149] [PSS] [error] [1412|22524]transport_client_tcp3.cpp:129 HandleConnect: connected error= 由于目标计算机积极拒绝，无法连接。, this= 0x2575d607690
[2025-04-28 20:13:02.149] [PSS] [error] [1412|20368]streaming_driver_interface_impl.cpp:332 NotifyClientConnectResult: connect to service failed, Network Error, this= 0x2590f36a8a0
[2025-04-28 20:15:43.294] [PSS] [debug] [1412|25328]streaming_driver_interface_impl.cpp:19 StreamingDriverInterfaceImpl: callback= 0x2575deeab60, this= 0x258d85b7120
[2025-04-28 20:15:43.294] [PSS] [error] [1412|25328]streaming_driver_interface_impl.cpp:115 SetTrackingOrigin: streaming not started, this= 0x258d85b7120
[2025-04-28 20:15:43.294] [PSS] [info] [1412|25328]streaming_driver_interface_impl.cpp:24 ConnectToService: connect to service, client_id= mpSUaBqyHESTrIj4, this= 0x258d85b7120
[2025-04-28 20:15:43.294] [PSS] [info] [1412|25328]streaming_client_impl.cpp:25 ConnectToService: client_id= mpSUaBqyHESTrIj4, name= 3D Engine, desp= StreamingSceneRender, this= 0x258ed8600c0
[2025-04-28 20:15:43.294] [PSS] [debug] [1412|12372]streaming_client_impl.cpp:137 InvokeConnectToService: connect to service through the network, port= 54000, this= 0x258ed8600c0
[2025-04-28 20:15:43.295] [PSS] [debug] [1412|12372]transport_client_tcp3.cpp:34 Start: buffer size(send\recv): 2097152\2097152, this= 0x2575d6073f0
[2025-04-28 20:15:43.295] [PSS] [info] [1412|12372]transport_client_tcp3.cpp:59 Start: server= 127.0.0.1:54000, local=0.0.0.0:0, this= 0x2575d6073f0
[2025-04-28 20:15:45.330] [PSS] [info] [1412|34316]streaming_client_impl.cpp:62 NotifyConnectResult: network connect to service result= 10061, this= 0x258ed8600c0
[2025-04-28 20:15:45.330] [PSS] [error] [1412|34316]streaming_client_impl.cpp:64 NotifyConnectResult: connect to service network error= 10061, this= 0x258ed8600c0
[2025-04-28 20:15:45.330] [PSS] [error] [1412|12372]streaming_driver_interface_impl.cpp:332 NotifyClientConnectResult: connect to service failed, Network Error, this= 0x258d85b7120
[2025-04-28 20:15:45.330] [PSS] [error] [1412|34316]transport_client_tcp3.cpp:129 HandleConnect: connected error= 由于目标计算机积极拒绝，无法连接。, this= 0x2575d6073f0
[2025-04-28 21:22:07.806] [PSS] [debug] [1412|25328]streaming_driver_interface_impl.cpp:19 StreamingDriverInterfaceImpl: callback= 0x25884afc7b0, this= 0x258edf8a450
[2025-04-28 21:22:07.811] [PSS] [error] [1412|25328]streaming_driver_interface_impl.cpp:115 SetTrackingOrigin: streaming not started, this= 0x258edf8a450
[2025-04-28 21:22:07.811] [PSS] [info] [1412|25328]streaming_driver_interface_impl.cpp:24 ConnectToService: connect to service, client_id= fXdZqeeKqe5m9crl, this= 0x258edf8a450
[2025-04-28 21:22:07.811] [PSS] [info] [1412|25328]streaming_client_impl.cpp:25 ConnectToService: client_id= fXdZqeeKqe5m9crl, name= 3D Engine, desp= StreamingSceneRender, this= 0x2576696ead0
[2025-04-28 21:22:07.811] [PSS] [debug] [1412|10544]streaming_client_impl.cpp:137 InvokeConnectToService: connect to service through the network, port= 54000, this= 0x2576696ead0
[2025-04-28 21:22:07.811] [PSS] [debug] [1412|10544]transport_client_tcp3.cpp:34 Start: buffer size(send\recv): 2097152\2097152, this= 0x2590f527900
[2025-04-28 21:22:07.811] [PSS] [info] [1412|10544]transport_client_tcp3.cpp:59 Start: server= 127.0.0.1:54000, local=0.0.0.0:0, this= 0x2590f527900
[2025-04-28 21:22:09.847] [PSS] [info] [1412|19744]streaming_client_impl.cpp:62 NotifyConnectResult: network connect to service result= 10061, this= 0x2576696ead0
[2025-04-28 21:22:09.847] [PSS] [error] [1412|19744]streaming_client_impl.cpp:64 NotifyConnectResult: connect to service network error= 10061, this= 0x2576696ead0
[2025-04-28 21:22:09.847] [PSS] [error] [1412|10544]streaming_driver_interface_impl.cpp:332 NotifyClientConnectResult: connect to service failed, Network Error, this= 0x258edf8a450
[2025-04-28 21:22:09.847] [PSS] [error] [1412|19744]transport_client_tcp3.cpp:129 HandleConnect: connected error= 由于目标计算机积极拒绝，无法连接。, this= 0x2590f527900
[2025-04-29 17:53:29.498] [PSS] [info] ***********  Log Begin **********
[2025-04-29 17:53:29.498] [PSS] [info] process id= 44252
[2025-04-29 17:53:29.498] [PSS] [debug] [44252|45704]streaming_driver_interface_impl.cpp:19 StreamingDriverInterfaceImpl: callback= 0x1e3a1d08640, this= 0x1e3206a2c90
[2025-04-29 17:53:29.498] [PSS] [error] [44252|45704]streaming_driver_interface_impl.cpp:115 SetTrackingOrigin: streaming not started, this= 0x1e3206a2c90
[2025-04-29 17:53:29.498] [PSS] [info] [44252|45704]streaming_driver_interface_impl.cpp:24 ConnectToService: connect to service, client_id= BLZVs2Ll1ugZWbeF, this= 0x1e3206a2c90
[2025-04-29 17:53:29.498] [PSS] [info] [44252|45704]streaming_client_impl.cpp:25 ConnectToService: client_id= BLZVs2Ll1ugZWbeF, name= 3D Engine, desp= StreamingSceneRender, this= 0x1e3a26624f0
[2025-04-29 17:53:29.498] [PSS] [debug] [44252|32652]streaming_client_impl.cpp:137 InvokeConnectToService: connect to service through the network, port= 54000, this= 0x1e3a26624f0
[2025-04-29 17:53:29.498] [PSS] [debug] [44252|32652]transport_client_tcp3.cpp:34 Start: buffer size(send\recv): 2097152\2097152, this= 0x1e3a265f360
[2025-04-29 17:53:29.499] [PSS] [info] [44252|32652]transport_client_tcp3.cpp:59 Start: server= 127.0.0.1:54000, local=0.0.0.0:0, this= 0x1e3a265f360
[2025-04-29 17:53:31.539] [PSS] [info] [44252|40556]streaming_client_impl.cpp:62 NotifyConnectResult: network connect to service result= 10061, this= 0x1e3a26624f0
[2025-04-29 17:53:31.539] [PSS] [error] [44252|40556]streaming_client_impl.cpp:64 NotifyConnectResult: connect to service network error= 10061, this= 0x1e3a26624f0
[2025-04-29 17:53:31.539] [PSS] [error] [44252|32652]streaming_driver_interface_impl.cpp:332 NotifyClientConnectResult: connect to service failed, Network Error, this= 0x1e3206a2c90
[2025-04-29 17:53:31.539] [PSS] [error] [44252|40556]transport_client_tcp3.cpp:129 HandleConnect: connected error= 由于目标计算机积极拒绝，无法连接。, this= 0x1e3a265f360
[2025-04-29 19:57:35.049] [PSS] [info] ***********  Log Begin **********
[2025-04-29 19:57:35.049] [PSS] [info] process id= 40544
[2025-04-29 19:57:35.049] [PSS] [debug] [40544|38672]streaming_driver_interface_impl.cpp:19 StreamingDriverInterfaceImpl: callback= 0x24759f37520, this= 0x248415ddd60
[2025-04-29 19:57:35.050] [PSS] [error] [40544|38672]streaming_driver_interface_impl.cpp:115 SetTrackingOrigin: streaming not started, this= 0x248415ddd60
[2025-04-29 19:57:35.050] [PSS] [info] [40544|38672]streaming_driver_interface_impl.cpp:24 ConnectToService: connect to service, client_id= Fvm1XWXds7zJ3vuP, this= 0x248415ddd60
[2025-04-29 19:57:35.050] [PSS] [info] [40544|38672]streaming_client_impl.cpp:25 ConnectToService: client_id= Fvm1XWXds7zJ3vuP, name= 3D Engine, desp= StreamingSceneRender, this= 0x248411b55b0
[2025-04-29 19:57:35.050] [PSS] [debug] [40544|12868]streaming_client_impl.cpp:137 InvokeConnectToService: connect to service through the network, port= 54000, this= 0x248411b55b0
[2025-04-29 19:57:35.050] [PSS] [debug] [40544|12868]transport_client_tcp3.cpp:34 Start: buffer size(send\recv): 2097152\2097152, this= 0x24758cb55b0
[2025-04-29 19:57:35.050] [PSS] [info] [40544|12868]transport_client_tcp3.cpp:59 Start: server= 127.0.0.1:54000, local=0.0.0.0:0, this= 0x24758cb55b0
[2025-04-29 19:57:37.079] [PSS] [info] [40544|5480]streaming_client_impl.cpp:62 NotifyConnectResult: network connect to service result= 10061, this= 0x248411b55b0
[2025-04-29 19:57:37.079] [PSS] [error] [40544|5480]streaming_client_impl.cpp:64 NotifyConnectResult: connect to service network error= 10061, this= 0x248411b55b0
[2025-04-29 19:57:37.079] [PSS] [error] [40544|12868]streaming_driver_interface_impl.cpp:332 NotifyClientConnectResult: connect to service failed, Network Error, this= 0x248415ddd60
[2025-04-29 19:57:37.079] [PSS] [error] [40544|5480]transport_client_tcp3.cpp:129 HandleConnect: connected error= 由于目标计算机积极拒绝，无法连接。, this= 0x24758cb55b0
[2025-04-29 19:58:36.665] [PSS] [debug] [40544|38672]streaming_driver_interface_impl.cpp:19 StreamingDriverInterfaceImpl: callback= 0x247a0a14ae0, this= 0x24842a2d020
[2025-04-29 19:58:36.666] [PSS] [error] [40544|38672]streaming_driver_interface_impl.cpp:115 SetTrackingOrigin: streaming not started, this= 0x24842a2d020
[2025-04-29 19:58:36.666] [PSS] [info] [40544|38672]streaming_driver_interface_impl.cpp:24 ConnectToService: connect to service, client_id= g9HPll3UgEXLAlbW, this= 0x24842a2d020
[2025-04-29 19:58:36.666] [PSS] [info] [40544|38672]streaming_client_impl.cpp:25 ConnectToService: client_id= g9HPll3UgEXLAlbW, name= 3D Engine, desp= StreamingSceneRender, this= 0x248411b5e30
[2025-04-29 19:58:36.666] [PSS] [debug] [40544|15184]streaming_client_impl.cpp:137 InvokeConnectToService: connect to service through the network, port= 54000, this= 0x248411b5e30
[2025-04-29 19:58:36.667] [PSS] [debug] [40544|15184]transport_client_tcp3.cpp:34 Start: buffer size(send\recv): 2097152\2097152, this= 0x24758cb5310
[2025-04-29 19:58:36.667] [PSS] [info] [40544|15184]transport_client_tcp3.cpp:59 Start: server= 127.0.0.1:54000, local=0.0.0.0:0, this= 0x24758cb5310
[2025-04-29 19:58:38.689] [PSS] [info] [40544|28900]streaming_client_impl.cpp:62 NotifyConnectResult: network connect to service result= 10061, this= 0x248411b5e30
[2025-04-29 19:58:38.689] [PSS] [error] [40544|28900]streaming_client_impl.cpp:64 NotifyConnectResult: connect to service network error= 10061, this= 0x248411b5e30
[2025-04-29 19:58:38.689] [PSS] [error] [40544|28900]transport_client_tcp3.cpp:129 HandleConnect: connected error= 由于目标计算机积极拒绝，无法连接。, this= 0x24758cb5310
[2025-04-29 19:58:38.689] [PSS] [error] [40544|15184]streaming_driver_interface_impl.cpp:332 NotifyClientConnectResult: connect to service failed, Network Error, this= 0x24842a2d020
[2025-04-29 20:06:47.593] [PSS] [debug] [40544|38672]streaming_driver_interface_impl.cpp:19 StreamingDriverInterfaceImpl: callback= 0x247a0939d50, this= 0x2477bafe030
[2025-04-29 20:06:47.593] [PSS] [error] [40544|38672]streaming_driver_interface_impl.cpp:115 SetTrackingOrigin: streaming not started, this= 0x2477bafe030
[2025-04-29 20:06:47.593] [PSS] [info] [40544|38672]streaming_driver_interface_impl.cpp:24 ConnectToService: connect to service, client_id= npvDItqQswrfm6kf, this= 0x2477bafe030
[2025-04-29 20:06:47.593] [PSS] [info] [40544|38672]streaming_client_impl.cpp:25 ConnectToService: client_id= npvDItqQswrfm6kf, name= 3D Engine, desp= StreamingSceneRender, this= 0x247a0928e90
[2025-04-29 20:06:47.594] [PSS] [debug] [40544|5420]streaming_client_impl.cpp:137 InvokeConnectToService: connect to service through the network, port= 54000, this= 0x247a0928e90
[2025-04-29 20:06:47.594] [PSS] [debug] [40544|5420]transport_client_tcp3.cpp:34 Start: buffer size(send\recv): 2097152\2097152, this= 0x24758cb55b0
[2025-04-29 20:06:47.594] [PSS] [info] [40544|5420]transport_client_tcp3.cpp:59 Start: server= 127.0.0.1:54000, local=0.0.0.0:0, this= 0x24758cb55b0
[2025-04-29 20:06:49.637] [PSS] [info] [40544|32292]streaming_client_impl.cpp:62 NotifyConnectResult: network connect to service result= 10061, this= 0x247a0928e90
[2025-04-29 20:06:49.637] [PSS] [error] [40544|32292]streaming_client_impl.cpp:64 NotifyConnectResult: connect to service network error= 10061, this= 0x247a0928e90
[2025-04-29 20:06:49.637] [PSS] [error] [40544|5420]streaming_driver_interface_impl.cpp:332 NotifyClientConnectResult: connect to service failed, Network Error, this= 0x2477bafe030
[2025-04-29 20:06:49.637] [PSS] [error] [40544|32292]transport_client_tcp3.cpp:129 HandleConnect: connected error= 由于目标计算机积极拒绝，无法连接。, this= 0x24758cb55b0
[2025-04-29 20:08:17.090] [PSS] [debug] [40544|38672]streaming_driver_interface_impl.cpp:19 StreamingDriverInterfaceImpl: callback= 0x2484143fb20, this= 0x2486d3baa00
[2025-04-29 20:08:17.091] [PSS] [error] [40544|38672]streaming_driver_interface_impl.cpp:115 SetTrackingOrigin: streaming not started, this= 0x2486d3baa00
[2025-04-29 20:08:17.091] [PSS] [info] [40544|38672]streaming_driver_interface_impl.cpp:24 ConnectToService: connect to service, client_id= VexgHbWQpW9N19nE, this= 0x2486d3baa00
[2025-04-29 20:08:17.091] [PSS] [info] [40544|38672]streaming_client_impl.cpp:25 ConnectToService: client_id= VexgHbWQpW9N19nE, name= 3D Engine, desp= StreamingSceneRender, this= 0x2484af09f70
[2025-04-29 20:08:17.091] [PSS] [debug] [40544|24752]streaming_client_impl.cpp:137 InvokeConnectToService: connect to service through the network, port= 54000, this= 0x2484af09f70
[2025-04-29 20:08:17.091] [PSS] [debug] [40544|24752]transport_client_tcp3.cpp:34 Start: buffer size(send\recv): 2097152\2097152, this= 0x24758cb6030
[2025-04-29 20:08:17.091] [PSS] [info] [40544|24752]transport_client_tcp3.cpp:59 Start: server= 127.0.0.1:54000, local=0.0.0.0:0, this= 0x24758cb6030
[2025-04-29 20:08:19.141] [PSS] [info] [40544|10908]streaming_client_impl.cpp:62 NotifyConnectResult: network connect to service result= 10061, this= 0x2484af09f70
[2025-04-29 20:08:19.141] [PSS] [error] [40544|10908]streaming_client_impl.cpp:64 NotifyConnectResult: connect to service network error= 10061, this= 0x2484af09f70
[2025-04-29 20:08:19.141] [PSS] [error] [40544|10908]transport_client_tcp3.cpp:129 HandleConnect: connected error= 由于目标计算机积极拒绝，无法连接。, this= 0x24758cb6030
[2025-04-29 20:08:19.141] [PSS] [error] [40544|24752]streaming_driver_interface_impl.cpp:332 NotifyClientConnectResult: connect to service failed, Network Error, this= 0x2486d3baa00
[2025-04-29 20:09:17.496] [PSS] [debug] [40544|38672]streaming_driver_interface_impl.cpp:19 StreamingDriverInterfaceImpl: callback= 0x2486de70e60, this= 0x2484ad9e030
[2025-04-29 20:09:17.497] [PSS] [error] [40544|38672]streaming_driver_interface_impl.cpp:115 SetTrackingOrigin: streaming not started, this= 0x2484ad9e030
[2025-04-29 20:09:17.497] [PSS] [info] [40544|38672]streaming_driver_interface_impl.cpp:24 ConnectToService: connect to service, client_id= HvxuLWGz11nWRQkc, this= 0x2484ad9e030
[2025-04-29 20:09:17.497] [PSS] [info] [40544|38672]streaming_client_impl.cpp:25 ConnectToService: client_id= HvxuLWGz11nWRQkc, name= 3D Engine, desp= StreamingSceneRender, this= 0x2475a4f22a0
[2025-04-29 20:09:17.497] [PSS] [debug] [40544|1320]streaming_client_impl.cpp:137 InvokeConnectToService: connect to service through the network, port= 54000, this= 0x2475a4f22a0
[2025-04-29 20:09:17.497] [PSS] [debug] [40544|1320]transport_client_tcp3.cpp:34 Start: buffer size(send\recv): 2097152\2097152, this= 0x24758cb5850
[2025-04-29 20:09:17.498] [PSS] [info] [40544|1320]transport_client_tcp3.cpp:59 Start: server= 127.0.0.1:54000, local=0.0.0.0:0, this= 0x24758cb5850
[2025-04-29 20:09:19.540] [PSS] [info] [40544|30520]streaming_client_impl.cpp:62 NotifyConnectResult: network connect to service result= 10061, this= 0x2475a4f22a0
[2025-04-29 20:09:19.540] [PSS] [error] [40544|30520]streaming_client_impl.cpp:64 NotifyConnectResult: connect to service network error= 10061, this= 0x2475a4f22a0
[2025-04-29 20:09:19.540] [PSS] [error] [40544|30520]transport_client_tcp3.cpp:129 HandleConnect: connected error= 由于目标计算机积极拒绝，无法连接。, this= 0x24758cb5850
[2025-04-29 20:09:19.540] [PSS] [error] [40544|1320]streaming_driver_interface_impl.cpp:332 NotifyClientConnectResult: connect to service failed, Network Error, this= 0x2484ad9e030
[2025-04-29 20:09:58.637] [PSS] [debug] [40544|38672]streaming_driver_interface_impl.cpp:19 StreamingDriverInterfaceImpl: callback= 0x24841561100, this= 0x2477bdf2030
[2025-04-29 20:09:58.637] [PSS] [error] [40544|38672]streaming_driver_interface_impl.cpp:115 SetTrackingOrigin: streaming not started, this= 0x2477bdf2030
[2025-04-29 20:09:58.637] [PSS] [info] [40544|38672]streaming_driver_interface_impl.cpp:24 ConnectToService: connect to service, client_id= I4TXBxLjagfQVg9Q, this= 0x2477bdf2030
[2025-04-29 20:09:58.637] [PSS] [info] [40544|38672]streaming_client_impl.cpp:25 ConnectToService: client_id= I4TXBxLjagfQVg9Q, name= 3D Engine, desp= StreamingSceneRender, this= 0x24759e0f4c0
[2025-04-29 20:09:58.637] [PSS] [debug] [40544|25520]streaming_client_impl.cpp:137 InvokeConnectToService: connect to service through the network, port= 54000, this= 0x24759e0f4c0
[2025-04-29 20:09:58.638] [PSS] [debug] [40544|25520]transport_client_tcp3.cpp:34 Start: buffer size(send\recv): 2097152\2097152, this= 0x24758cb55b0
[2025-04-29 20:09:58.638] [PSS] [info] [40544|25520]transport_client_tcp3.cpp:59 Start: server= 127.0.0.1:54000, local=0.0.0.0:0, this= 0x24758cb55b0
[2025-04-29 20:10:00.676] [PSS] [info] [40544|25100]streaming_client_impl.cpp:62 NotifyConnectResult: network connect to service result= 10061, this= 0x24759e0f4c0
[2025-04-29 20:10:00.676] [PSS] [error] [40544|25100]streaming_client_impl.cpp:64 NotifyConnectResult: connect to service network error= 10061, this= 0x24759e0f4c0
[2025-04-29 20:10:00.676] [PSS] [error] [40544|25520]streaming_driver_interface_impl.cpp:332 NotifyClientConnectResult: connect to service failed, Network Error, this= 0x2477bdf2030
[2025-04-29 20:10:00.676] [PSS] [error] [40544|25100]transport_client_tcp3.cpp:129 HandleConnect: connected error= 由于目标计算机积极拒绝，无法连接。, this= 0x24758cb55b0
[2025-04-29 20:10:09.432] [PSS] [debug] [40544|38672]streaming_driver_interface_impl.cpp:19 StreamingDriverInterfaceImpl: callback= 0x247366b1a60, this= 0x2484ad9e030
[2025-04-29 20:10:09.432] [PSS] [error] [40544|38672]streaming_driver_interface_impl.cpp:115 SetTrackingOrigin: streaming not started, this= 0x2484ad9e030
[2025-04-29 20:10:09.432] [PSS] [info] [40544|38672]streaming_driver_interface_impl.cpp:24 ConnectToService: connect to service, client_id= p7OY3lNLxs1HSjFN, this= 0x2484ad9e030
[2025-04-29 20:10:09.432] [PSS] [info] [40544|38672]streaming_client_impl.cpp:25 ConnectToService: client_id= p7OY3lNLxs1HSjFN, name= 3D Engine, desp= StreamingSceneRender, this= 0x2484026a910
[2025-04-29 20:10:09.433] [PSS] [debug] [40544|35188]streaming_client_impl.cpp:137 InvokeConnectToService: connect to service through the network, port= 54000, this= 0x2484026a910
[2025-04-29 20:10:09.433] [PSS] [debug] [40544|35188]transport_client_tcp3.cpp:34 Start: buffer size(send\recv): 2097152\2097152, this= 0x24758cb5850
[2025-04-29 20:10:09.433] [PSS] [info] [40544|35188]transport_client_tcp3.cpp:59 Start: server= 127.0.0.1:54000, local=0.0.0.0:0, this= 0x24758cb5850
[2025-04-29 20:10:11.483] [PSS] [info] [40544|21680]streaming_client_impl.cpp:62 NotifyConnectResult: network connect to service result= 10061, this= 0x2484026a910
[2025-04-29 20:10:11.483] [PSS] [error] [40544|21680]streaming_client_impl.cpp:64 NotifyConnectResult: connect to service network error= 10061, this= 0x2484026a910
[2025-04-29 20:10:11.483] [PSS] [error] [40544|21680]transport_client_tcp3.cpp:129 HandleConnect: connected error= 由于目标计算机积极拒绝，无法连接。, this= 0x24758cb5850
[2025-04-29 20:10:11.483] [PSS] [error] [40544|35188]streaming_driver_interface_impl.cpp:332 NotifyClientConnectResult: connect to service failed, Network Error, this= 0x2484ad9e030
[2025-04-29 20:10:52.274] [PSS] [debug] [40544|38672]streaming_driver_interface_impl.cpp:19 StreamingDriverInterfaceImpl: callback= 0x24504b541e0, this= 0x2486ea3b030
[2025-04-29 20:10:52.275] [PSS] [error] [40544|38672]streaming_driver_interface_impl.cpp:115 SetTrackingOrigin: streaming not started, this= 0x2486ea3b030
[2025-04-29 20:10:52.275] [PSS] [info] [40544|38672]streaming_driver_interface_impl.cpp:24 ConnectToService: connect to service, client_id= FXPLX96vx6oTBiUu, this= 0x2486ea3b030
[2025-04-29 20:10:52.275] [PSS] [info] [40544|38672]streaming_client_impl.cpp:25 ConnectToService: client_id= FXPLX96vx6oTBiUu, name= 3D Engine, desp= StreamingSceneRender, this= 0x2486fc431c0
[2025-04-29 20:10:52.275] [PSS] [debug] [40544|29436]streaming_client_impl.cpp:137 InvokeConnectToService: connect to service through the network, port= 54000, this= 0x2486fc431c0
[2025-04-29 20:10:52.275] [PSS] [debug] [40544|29436]transport_client_tcp3.cpp:34 Start: buffer size(send\recv): 2097152\2097152, this= 0x24758cb6030
[2025-04-29 20:10:52.275] [PSS] [info] [40544|29436]transport_client_tcp3.cpp:59 Start: server= 127.0.0.1:54000, local=0.0.0.0:0, this= 0x24758cb6030
[2025-04-29 20:10:54.306] [PSS] [info] [40544|44052]streaming_client_impl.cpp:62 NotifyConnectResult: network connect to service result= 10061, this= 0x2486fc431c0
[2025-04-29 20:10:54.306] [PSS] [error] [40544|44052]streaming_client_impl.cpp:64 NotifyConnectResult: connect to service network error= 10061, this= 0x2486fc431c0
[2025-04-29 20:10:54.306] [PSS] [error] [40544|29436]streaming_driver_interface_impl.cpp:332 NotifyClientConnectResult: connect to service failed, Network Error, this= 0x2486ea3b030
[2025-04-29 20:10:54.306] [PSS] [error] [40544|44052]transport_client_tcp3.cpp:129 HandleConnect: connected error= 由于目标计算机积极拒绝，无法连接。, this= 0x24758cb6030
[2025-04-29 20:11:13.117] [PSS] [debug] [40544|38672]streaming_driver_interface_impl.cpp:19 StreamingDriverInterfaceImpl: callback= 0x2486de70d20, this= 0x2484ad9e030
[2025-04-29 20:11:13.117] [PSS] [error] [40544|38672]streaming_driver_interface_impl.cpp:115 SetTrackingOrigin: streaming not started, this= 0x2484ad9e030
[2025-04-29 20:11:13.117] [PSS] [info] [40544|38672]streaming_driver_interface_impl.cpp:24 ConnectToService: connect to service, client_id= Dy9iq2iYsTxTjbyA, this= 0x2484ad9e030
[2025-04-29 20:11:13.117] [PSS] [info] [40544|38672]streaming_client_impl.cpp:25 ConnectToService: client_id= Dy9iq2iYsTxTjbyA, name= 3D Engine, desp= StreamingSceneRender, this= 0x2475a4f1e60
[2025-04-29 20:11:13.117] [PSS] [debug] [40544|41096]streaming_client_impl.cpp:137 InvokeConnectToService: connect to service through the network, port= 54000, this= 0x2475a4f1e60
[2025-04-29 20:11:13.118] [PSS] [debug] [40544|41096]transport_client_tcp3.cpp:34 Start: buffer size(send\recv): 2097152\2097152, this= 0x24758cb6d50
[2025-04-29 20:11:13.118] [PSS] [info] [40544|41096]transport_client_tcp3.cpp:59 Start: server= 127.0.0.1:54000, local=0.0.0.0:0, this= 0x24758cb6d50
[2025-04-29 20:11:15.151] [PSS] [info] [40544|36316]streaming_client_impl.cpp:62 NotifyConnectResult: network connect to service result= 10061, this= 0x2475a4f1e60
[2025-04-29 20:11:15.151] [PSS] [error] [40544|36316]streaming_client_impl.cpp:64 NotifyConnectResult: connect to service network error= 10061, this= 0x2475a4f1e60
[2025-04-29 20:11:15.151] [PSS] [error] [40544|41096]streaming_driver_interface_impl.cpp:332 NotifyClientConnectResult: connect to service failed, Network Error, this= 0x2484ad9e030
[2025-04-29 20:11:15.151] [PSS] [error] [40544|36316]transport_client_tcp3.cpp:129 HandleConnect: connected error= 由于目标计算机积极拒绝，无法连接。, this= 0x24758cb6d50
[2025-04-29 20:11:32.039] [PSS] [debug] [40544|38672]streaming_driver_interface_impl.cpp:19 StreamingDriverInterfaceImpl: callback= 0x24504b53c40, this= 0x2486d3baa00
[2025-04-29 20:11:32.040] [PSS] [error] [40544|38672]streaming_driver_interface_impl.cpp:115 SetTrackingOrigin: streaming not started, this= 0x2486d3baa00
[2025-04-29 20:11:32.040] [PSS] [info] [40544|38672]streaming_driver_interface_impl.cpp:24 ConnectToService: connect to service, client_id= UrySWtcxLZWeqwtb, this= 0x2486d3baa00
[2025-04-29 20:11:32.040] [PSS] [info] [40544|38672]streaming_client_impl.cpp:25 ConnectToService: client_id= UrySWtcxLZWeqwtb, name= 3D Engine, desp= StreamingSceneRender, this= 0x2486fc47070
[2025-04-29 20:11:32.040] [PSS] [debug] [40544|10644]streaming_client_impl.cpp:137 InvokeConnectToService: connect to service through the network, port= 54000, this= 0x2486fc47070
[2025-04-29 20:11:32.040] [PSS] [debug] [40544|10644]transport_client_tcp3.cpp:34 Start: buffer size(send\recv): 2097152\2097152, this= 0x24758cb6030
[2025-04-29 20:11:32.040] [PSS] [info] [40544|10644]transport_client_tcp3.cpp:59 Start: server= 127.0.0.1:54000, local=0.0.0.0:0, this= 0x24758cb6030
[2025-04-29 20:11:34.084] [PSS] [info] [40544|9396]streaming_client_impl.cpp:62 NotifyConnectResult: network connect to service result= 10061, this= 0x2486fc47070
[2025-04-29 20:11:34.084] [PSS] [error] [40544|9396]streaming_client_impl.cpp:64 NotifyConnectResult: connect to service network error= 10061, this= 0x2486fc47070
[2025-04-29 20:11:34.084] [PSS] [error] [40544|10644]streaming_driver_interface_impl.cpp:332 NotifyClientConnectResult: connect to service failed, Network Error, this= 0x2486d3baa00
[2025-04-29 20:11:34.084] [PSS] [error] [40544|9396]transport_client_tcp3.cpp:129 HandleConnect: connected error= 由于目标计算机积极拒绝，无法连接。, this= 0x24758cb6030
[2025-04-29 20:12:11.676] [PSS] [debug] [40544|38672]streaming_driver_interface_impl.cpp:19 StreamingDriverInterfaceImpl: callback= 0x248410742b0, this= 0x2484ad9e030
[2025-04-29 20:12:11.677] [PSS] [error] [40544|38672]streaming_driver_interface_impl.cpp:115 SetTrackingOrigin: streaming not started, this= 0x2484ad9e030
[2025-04-29 20:12:11.677] [PSS] [info] [40544|38672]streaming_driver_interface_impl.cpp:24 ConnectToService: connect to service, client_id= sIaAxMR74TBOT2B4, this= 0x2484ad9e030
[2025-04-29 20:12:11.677] [PSS] [info] [40544|38672]streaming_client_impl.cpp:25 ConnectToService: client_id= sIaAxMR74TBOT2B4, name= 3D Engine, desp= StreamingSceneRender, this= 0x24810fe9aa0
[2025-04-29 20:12:11.677] [PSS] [debug] [40544|32940]streaming_client_impl.cpp:137 InvokeConnectToService: connect to service through the network, port= 54000, this= 0x24810fe9aa0
[2025-04-29 20:12:11.677] [PSS] [debug] [40544|32940]transport_client_tcp3.cpp:34 Start: buffer size(send\recv): 2097152\2097152, this= 0x24758cb62d0
[2025-04-29 20:12:11.677] [PSS] [info] [40544|32940]transport_client_tcp3.cpp:59 Start: server= 127.0.0.1:54000, local=0.0.0.0:0, this= 0x24758cb62d0
[2025-04-29 20:12:13.706] [PSS] [info] [40544|19500]streaming_client_impl.cpp:62 NotifyConnectResult: network connect to service result= 10061, this= 0x24810fe9aa0
[2025-04-29 20:12:13.706] [PSS] [error] [40544|19500]streaming_client_impl.cpp:64 NotifyConnectResult: connect to service network error= 10061, this= 0x24810fe9aa0
[2025-04-29 20:12:13.706] [PSS] [error] [40544|32940]streaming_driver_interface_impl.cpp:332 NotifyClientConnectResult: connect to service failed, Network Error, this= 0x2484ad9e030
[2025-04-29 20:12:13.706] [PSS] [error] [40544|19500]transport_client_tcp3.cpp:129 HandleConnect: connected error= 由于目标计算机积极拒绝，无法连接。, this= 0x24758cb62d0
[2025-04-29 20:12:48.430] [PSS] [debug] [40544|38672]streaming_driver_interface_impl.cpp:19 StreamingDriverInterfaceImpl: callback= 0x24834252400, this= 0x2486d3baa00
[2025-04-29 20:12:48.431] [PSS] [error] [40544|38672]streaming_driver_interface_impl.cpp:115 SetTrackingOrigin: streaming not started, this= 0x2486d3baa00
[2025-04-29 20:12:48.431] [PSS] [info] [40544|38672]streaming_driver_interface_impl.cpp:24 ConnectToService: connect to service, client_id= tLxsupbDNDAisj9z, this= 0x2486d3baa00
[2025-04-29 20:12:48.431] [PSS] [info] [40544|38672]streaming_client_impl.cpp:25 ConnectToService: client_id= tLxsupbDNDAisj9z, name= 3D Engine, desp= StreamingSceneRender, this= 0x2484ba68950
[2025-04-29 20:12:48.431] [PSS] [debug] [40544|19972]streaming_client_impl.cpp:137 InvokeConnectToService: connect to service through the network, port= 54000, this= 0x2484ba68950
[2025-04-29 20:12:48.431] [PSS] [debug] [40544|19972]transport_client_tcp3.cpp:34 Start: buffer size(send\recv): 2097152\2097152, this= 0x24758cb6030
[2025-04-29 20:12:48.431] [PSS] [info] [40544|19972]transport_client_tcp3.cpp:59 Start: server= 127.0.0.1:54000, local=0.0.0.0:0, this= 0x24758cb6030
[2025-04-29 20:12:50.474] [PSS] [info] [40544|25648]streaming_client_impl.cpp:62 NotifyConnectResult: network connect to service result= 10061, this= 0x2484ba68950
[2025-04-29 20:12:50.474] [PSS] [error] [40544|25648]streaming_client_impl.cpp:64 NotifyConnectResult: connect to service network error= 10061, this= 0x2484ba68950
[2025-04-29 20:12:50.474] [PSS] [error] [40544|19972]streaming_driver_interface_impl.cpp:332 NotifyClientConnectResult: connect to service failed, Network Error, this= 0x2486d3baa00
[2025-04-29 20:12:50.474] [PSS] [error] [40544|25648]transport_client_tcp3.cpp:129 HandleConnect: connected error= 由于目标计算机积极拒绝，无法连接。, this= 0x24758cb6030
[2025-04-29 20:14:25.748] [PSS] [debug] [40544|38672]streaming_driver_interface_impl.cpp:19 StreamingDriverInterfaceImpl: callback= 0x24842b071a0, this= 0x2484ad9e030
[2025-04-29 20:14:25.749] [PSS] [error] [40544|38672]streaming_driver_interface_impl.cpp:115 SetTrackingOrigin: streaming not started, this= 0x2484ad9e030
[2025-04-29 20:14:25.749] [PSS] [info] [40544|38672]streaming_driver_interface_impl.cpp:24 ConnectToService: connect to service, client_id= yJZZgfJ3uBy4jGn7, this= 0x2484ad9e030
[2025-04-29 20:14:25.749] [PSS] [info] [40544|38672]streaming_client_impl.cpp:25 ConnectToService: client_id= yJZZgfJ3uBy4jGn7, name= 3D Engine, desp= StreamingSceneRender, this= 0x2486ecb1320
[2025-04-29 20:14:25.749] [PSS] [debug] [40544|41996]streaming_client_impl.cpp:137 InvokeConnectToService: connect to service through the network, port= 54000, this= 0x2486ecb1320
[2025-04-29 20:14:25.749] [PSS] [debug] [40544|41996]transport_client_tcp3.cpp:34 Start: buffer size(send\recv): 2097152\2097152, this= 0x24758cb55b0
[2025-04-29 20:14:25.749] [PSS] [info] [40544|41996]transport_client_tcp3.cpp:59 Start: server= 127.0.0.1:54000, local=0.0.0.0:0, this= 0x24758cb55b0
[2025-04-29 20:14:27.793] [PSS] [info] [40544|43764]streaming_client_impl.cpp:62 NotifyConnectResult: network connect to service result= 10061, this= 0x2486ecb1320
[2025-04-29 20:14:27.793] [PSS] [error] [40544|43764]streaming_client_impl.cpp:64 NotifyConnectResult: connect to service network error= 10061, this= 0x2486ecb1320
[2025-04-29 20:14:27.793] [PSS] [error] [40544|43764]transport_client_tcp3.cpp:129 HandleConnect: connected error= 由于目标计算机积极拒绝，无法连接。, this= 0x24758cb55b0
[2025-04-29 20:14:27.793] [PSS] [error] [40544|41996]streaming_driver_interface_impl.cpp:332 NotifyClientConnectResult: connect to service failed, Network Error, this= 0x2484ad9e030
[2025-04-29 20:15:59.538] [PSS] [debug] [40544|38672]streaming_driver_interface_impl.cpp:19 StreamingDriverInterfaceImpl: callback= 0x24504b54aa0, this= 0x2486d3baa00
[2025-04-29 20:15:59.539] [PSS] [error] [40544|38672]streaming_driver_interface_impl.cpp:115 SetTrackingOrigin: streaming not started, this= 0x2486d3baa00
[2025-04-29 20:15:59.539] [PSS] [info] [40544|38672]streaming_driver_interface_impl.cpp:24 ConnectToService: connect to service, client_id= 8TsokX76uwaNwuR4, this= 0x2486d3baa00
[2025-04-29 20:15:59.539] [PSS] [info] [40544|38672]streaming_client_impl.cpp:25 ConnectToService: client_id= 8TsokX76uwaNwuR4, name= 3D Engine, desp= StreamingSceneRender, this= 0x24810febca0
[2025-04-29 20:15:59.539] [PSS] [debug] [40544|12424]streaming_client_impl.cpp:137 InvokeConnectToService: connect to service through the network, port= 54000, this= 0x24810febca0
[2025-04-29 20:15:59.539] [PSS] [debug] [40544|12424]transport_client_tcp3.cpp:34 Start: buffer size(send\recv): 2097152\2097152, this= 0x24758cb6d50
[2025-04-29 20:15:59.539] [PSS] [info] [40544|12424]transport_client_tcp3.cpp:59 Start: server= 127.0.0.1:54000, local=0.0.0.0:0, this= 0x24758cb6d50
[2025-04-29 20:16:01.569] [PSS] [info] [40544|31692]streaming_client_impl.cpp:62 NotifyConnectResult: network connect to service result= 10061, this= 0x24810febca0
[2025-04-29 20:16:01.569] [PSS] [error] [40544|31692]streaming_client_impl.cpp:64 NotifyConnectResult: connect to service network error= 10061, this= 0x24810febca0
[2025-04-29 20:16:01.569] [PSS] [error] [40544|12424]streaming_driver_interface_impl.cpp:332 NotifyClientConnectResult: connect to service failed, Network Error, this= 0x2486d3baa00
[2025-04-29 20:16:01.569] [PSS] [error] [40544|31692]transport_client_tcp3.cpp:129 HandleConnect: connected error= 由于目标计算机积极拒绝，无法连接。, this= 0x24758cb6d50
[2025-04-29 21:03:49.682] [PSS] [debug] [40544|38672]streaming_driver_interface_impl.cpp:19 StreamingDriverInterfaceImpl: callback= 0x24842cdf480, this= 0x2488fbda030
[2025-04-29 21:03:49.687] [PSS] [error] [40544|38672]streaming_driver_interface_impl.cpp:115 SetTrackingOrigin: streaming not started, this= 0x2488fbda030
[2025-04-29 21:03:49.687] [PSS] [info] [40544|38672]streaming_driver_interface_impl.cpp:24 ConnectToService: connect to service, client_id= j83YgGqihlMbnijn, this= 0x2488fbda030
[2025-04-29 21:03:49.687] [PSS] [info] [40544|38672]streaming_client_impl.cpp:25 ConnectToService: client_id= j83YgGqihlMbnijn, name= 3D Engine, desp= StreamingSceneRender, this= 0x247a092a0a0
[2025-04-29 21:03:49.687] [PSS] [debug] [40544|14620]streaming_client_impl.cpp:137 InvokeConnectToService: connect to service through the network, port= 54000, this= 0x247a092a0a0
[2025-04-29 21:03:49.687] [PSS] [debug] [40544|14620]transport_client_tcp3.cpp:34 Start: buffer size(send\recv): 2097152\2097152, this= 0x24758cb55b0
[2025-04-29 21:03:49.687] [PSS] [info] [40544|14620]transport_client_tcp3.cpp:59 Start: server= 127.0.0.1:54000, local=0.0.0.0:0, this= 0x24758cb55b0
[2025-04-29 21:03:51.742] [PSS] [info] [40544|45388]streaming_client_impl.cpp:62 NotifyConnectResult: network connect to service result= 10061, this= 0x247a092a0a0
[2025-04-29 21:03:51.742] [PSS] [error] [40544|45388]streaming_client_impl.cpp:64 NotifyConnectResult: connect to service network error= 10061, this= 0x247a092a0a0
[2025-04-29 21:03:51.742] [PSS] [error] [40544|14620]streaming_driver_interface_impl.cpp:332 NotifyClientConnectResult: connect to service failed, Network Error, this= 0x2488fbda030
[2025-04-29 21:03:51.742] [PSS] [error] [40544|45388]transport_client_tcp3.cpp:129 HandleConnect: connected error= 由于目标计算机积极拒绝，无法连接。, this= 0x24758cb55b0
[2025-04-29 21:41:17.739] [PSS] [debug] [40544|38672]streaming_driver_interface_impl.cpp:19 StreamingDriverInterfaceImpl: callback= 0x247371c68a0, this= 0x248100a7de0
[2025-04-29 21:41:17.740] [PSS] [error] [40544|38672]streaming_driver_interface_impl.cpp:115 SetTrackingOrigin: streaming not started, this= 0x248100a7de0
[2025-04-29 21:41:17.740] [PSS] [info] [40544|38672]streaming_driver_interface_impl.cpp:24 ConnectToService: connect to service, client_id= jbHTXgK5pS3HCQhS, this= 0x248100a7de0
[2025-04-29 21:41:17.740] [PSS] [info] [40544|38672]streaming_client_impl.cpp:25 ConnectToService: client_id= jbHTXgK5pS3HCQhS, name= 3D Engine, desp= StreamingSceneRender, this= 0x2477c36eb30
[2025-04-29 21:41:17.740] [PSS] [debug] [40544|3348]streaming_client_impl.cpp:137 InvokeConnectToService: connect to service through the network, port= 54000, this= 0x2477c36eb30
[2025-04-29 21:41:17.741] [PSS] [debug] [40544|3348]transport_client_tcp3.cpp:34 Start: buffer size(send\recv): 2097152\2097152, this= 0x24758cb6d50
[2025-04-29 21:41:17.741] [PSS] [info] [40544|3348]transport_client_tcp3.cpp:59 Start: server= 127.0.0.1:54000, local=0.0.0.0:0, this= 0x24758cb6d50
[2025-04-29 21:41:19.768] [PSS] [info] [40544|25140]streaming_client_impl.cpp:62 NotifyConnectResult: network connect to service result= 10061, this= 0x2477c36eb30
[2025-04-29 21:41:19.768] [PSS] [error] [40544|25140]streaming_client_impl.cpp:64 NotifyConnectResult: connect to service network error= 10061, this= 0x2477c36eb30
[2025-04-29 21:41:19.768] [PSS] [error] [40544|3348]streaming_driver_interface_impl.cpp:332 NotifyClientConnectResult: connect to service failed, Network Error, this= 0x248100a7de0
[2025-04-29 21:41:19.768] [PSS] [error] [40544|25140]transport_client_tcp3.cpp:129 HandleConnect: connected error= 由于目标计算机积极拒绝，无法连接。, this= 0x24758cb6d50
[2025-04-30 11:34:18.359] [PSS] [info] ***********  Log Begin **********
[2025-04-30 11:34:18.359] [PSS] [info] process id= 16660
[2025-04-30 11:34:18.359] [PSS] [debug] [16660|13776]streaming_driver_interface_impl.cpp:19 StreamingDriverInterfaceImpl: callback= 0x168dbdd8780, this= 0x167d7ec3100
[2025-04-30 11:34:18.360] [PSS] [error] [16660|13776]streaming_driver_interface_impl.cpp:115 SetTrackingOrigin: streaming not started, this= 0x167d7ec3100
[2025-04-30 11:34:18.360] [PSS] [info] [16660|13776]streaming_driver_interface_impl.cpp:24 ConnectToService: connect to service, client_id= WdtHhRqAKuZL7RvI, this= 0x167d7ec3100
[2025-04-30 11:34:18.360] [PSS] [info] [16660|13776]streaming_client_impl.cpp:25 ConnectToService: client_id= WdtHhRqAKuZL7RvI, name= 3D Engine, desp= StreamingSceneRender, this= 0x168fd2f9180
[2025-04-30 11:34:18.360] [PSS] [debug] [16660|21960]streaming_client_impl.cpp:137 InvokeConnectToService: connect to service through the network, port= 54000, this= 0x168fd2f9180
[2025-04-30 11:34:18.360] [PSS] [debug] [16660|21960]transport_client_tcp3.cpp:34 Start: buffer size(send\recv): 2097152\2097152, this= 0x167b4cae2e0
[2025-04-30 11:34:18.360] [PSS] [info] [16660|21960]transport_client_tcp3.cpp:59 Start: server= 127.0.0.1:54000, local=0.0.0.0:0, this= 0x167b4cae2e0
[2025-04-30 11:34:20.387] [PSS] [info] [16660|2340]streaming_client_impl.cpp:62 NotifyConnectResult: network connect to service result= 10061, this= 0x168fd2f9180
[2025-04-30 11:34:20.387] [PSS] [error] [16660|2340]streaming_client_impl.cpp:64 NotifyConnectResult: connect to service network error= 10061, this= 0x168fd2f9180
[2025-04-30 11:34:20.387] [PSS] [error] [16660|21960]streaming_driver_interface_impl.cpp:332 NotifyClientConnectResult: connect to service failed, Network Error, this= 0x167d7ec3100
[2025-04-30 11:34:20.387] [PSS] [error] [16660|2340]transport_client_tcp3.cpp:129 HandleConnect: connected error= 由于目标计算机积极拒绝，无法连接。, this= 0x167b4cae2e0
[2025-04-30 22:05:48.483] [PSS] [info] ***********  Log Begin **********
[2025-04-30 22:05:48.483] [PSS] [info] process id= 42320
[2025-04-30 22:05:48.483] [PSS] [debug] [42320|26816]streaming_driver_interface_impl.cpp:19 StreamingDriverInterfaceImpl: callback= 0x25aab9a16c0, this= 0x25a8ae06ca0
[2025-04-30 22:05:48.483] [PSS] [error] [42320|26816]streaming_driver_interface_impl.cpp:115 SetTrackingOrigin: streaming not started, this= 0x25a8ae06ca0
[2025-04-30 22:05:48.483] [PSS] [info] [42320|26816]streaming_driver_interface_impl.cpp:24 ConnectToService: connect to service, client_id= XMaYPv72TJdcurom, this= 0x25a8ae06ca0
[2025-04-30 22:05:48.483] [PSS] [info] [42320|26816]streaming_client_impl.cpp:25 ConnectToService: client_id= XMaYPv72TJdcurom, name= 3D Engine, desp= StreamingSceneRender, this= 0x25aab970130
[2025-04-30 22:05:48.484] [PSS] [debug] [42320|3280]streaming_client_impl.cpp:137 InvokeConnectToService: connect to service through the network, port= 54000, this= 0x25aab970130
[2025-04-30 22:05:48.484] [PSS] [debug] [42320|3280]transport_client_tcp3.cpp:34 Start: buffer size(send\recv): 2097152\2097152, this= 0x259cba7bab0
[2025-04-30 22:05:48.484] [PSS] [info] [42320|3280]transport_client_tcp3.cpp:59 Start: server= 127.0.0.1:54000, local=0.0.0.0:0, this= 0x259cba7bab0
[2025-04-30 22:05:50.517] [PSS] [info] [42320|44060]streaming_client_impl.cpp:62 NotifyConnectResult: network connect to service result= 10061, this= 0x25aab970130
[2025-04-30 22:05:50.517] [PSS] [error] [42320|44060]streaming_client_impl.cpp:64 NotifyConnectResult: connect to service network error= 10061, this= 0x25aab970130
[2025-04-30 22:05:50.517] [PSS] [error] [42320|3280]streaming_driver_interface_impl.cpp:332 NotifyClientConnectResult: connect to service failed, Network Error, this= 0x25a8ae06ca0
[2025-04-30 22:05:50.517] [PSS] [error] [42320|44060]transport_client_tcp3.cpp:129 HandleConnect: connected error= 由于目标计算机积极拒绝，无法连接。, this= 0x259cba7bab0
[2025-05-01 01:11:47.138] [PSS] [debug] [42320|26816]streaming_driver_interface_impl.cpp:19 StreamingDriverInterfaceImpl: callback= 0x25ad52cfd00, this= 0x25af5114030
[2025-05-01 01:11:47.145] [PSS] [error] [42320|26816]streaming_driver_interface_impl.cpp:115 SetTrackingOrigin: streaming not started, this= 0x25af5114030
[2025-05-01 01:11:47.146] [PSS] [info] [42320|26816]streaming_driver_interface_impl.cpp:24 ConnectToService: connect to service, client_id= UsH64BvitvrLkpCJ, this= 0x25af5114030
[2025-05-01 01:11:47.146] [PSS] [info] [42320|26816]streaming_client_impl.cpp:25 ConnectToService: client_id= UsH64BvitvrLkpCJ, name= 3D Engine, desp= StreamingSceneRender, this= 0x25aabbfdae0
[2025-05-01 01:11:47.146] [PSS] [debug] [42320|10316]streaming_client_impl.cpp:137 InvokeConnectToService: connect to service through the network, port= 54000, this= 0x25aabbfdae0
[2025-05-01 01:11:47.146] [PSS] [debug] [42320|10316]transport_client_tcp3.cpp:34 Start: buffer size(send\recv): 2097152\2097152, this= 0x25af4c5fac0
[2025-05-01 01:11:47.146] [PSS] [info] [42320|10316]transport_client_tcp3.cpp:59 Start: server= 127.0.0.1:54000, local=0.0.0.0:0, this= 0x25af4c5fac0
[2025-05-01 01:11:49.181] [PSS] [info] [42320|35852]streaming_client_impl.cpp:62 NotifyConnectResult: network connect to service result= 10061, this= 0x25aabbfdae0
[2025-05-01 01:11:49.181] [PSS] [error] [42320|35852]streaming_client_impl.cpp:64 NotifyConnectResult: connect to service network error= 10061, this= 0x25aabbfdae0
[2025-05-01 01:11:49.181] [PSS] [error] [42320|10316]streaming_driver_interface_impl.cpp:332 NotifyClientConnectResult: connect to service failed, Network Error, this= 0x25af5114030
[2025-05-01 01:11:49.182] [PSS] [error] [42320|35852]transport_client_tcp3.cpp:129 HandleConnect: connected error= 由于目标计算机积极拒绝，无法连接。, this= 0x25af4c5fac0
[2025-05-01 04:32:03.620] [PSS] [debug] [42320|26816]streaming_driver_interface_impl.cpp:19 StreamingDriverInterfaceImpl: callback= 0x25b2a56a230, this= 0x25ab979f350
[2025-05-01 04:32:03.628] [PSS] [error] [42320|26816]streaming_driver_interface_impl.cpp:115 SetTrackingOrigin: streaming not started, this= 0x25ab979f350
[2025-05-01 04:32:03.629] [PSS] [info] [42320|26816]streaming_driver_interface_impl.cpp:24 ConnectToService: connect to service, client_id= BY4Ys6DWVWXSKm8d, this= 0x25ab979f350
[2025-05-01 04:32:03.629] [PSS] [info] [42320|26816]streaming_client_impl.cpp:25 ConnectToService: client_id= BY4Ys6DWVWXSKm8d, name= 3D Engine, desp= StreamingSceneRender, this= 0x25b2a71f0b0
[2025-05-01 04:32:03.629] [PSS] [debug] [42320|33680]streaming_client_impl.cpp:137 InvokeConnectToService: connect to service through the network, port= 54000, this= 0x25b2a71f0b0
[2025-05-01 04:32:03.629] [PSS] [debug] [42320|33680]transport_client_tcp3.cpp:34 Start: buffer size(send\recv): 2097152\2097152, this= 0x25af4c5eb00
[2025-05-01 04:32:03.629] [PSS] [info] [42320|33680]transport_client_tcp3.cpp:59 Start: server= 127.0.0.1:54000, local=0.0.0.0:0, this= 0x25af4c5eb00
[2025-05-01 04:32:05.677] [PSS] [info] [42320|20952]streaming_client_impl.cpp:62 NotifyConnectResult: network connect to service result= 10061, this= 0x25b2a71f0b0
[2025-05-01 04:32:05.677] [PSS] [error] [42320|20952]streaming_client_impl.cpp:64 NotifyConnectResult: connect to service network error= 10061, this= 0x25b2a71f0b0
[2025-05-01 04:32:05.677] [PSS] [error] [42320|33680]streaming_driver_interface_impl.cpp:332 NotifyClientConnectResult: connect to service failed, Network Error, this= 0x25ab979f350
[2025-05-01 04:32:05.677] [PSS] [error] [42320|20952]transport_client_tcp3.cpp:129 HandleConnect: connected error= 由于目标计算机积极拒绝，无法连接。, this= 0x25af4c5eb00
[2025-05-01 04:42:18.503] [PSS] [debug] [42320|26816]streaming_driver_interface_impl.cpp:19 StreamingDriverInterfaceImpl: callback= 0x25ae53e0980, this= 0x25af5114030
[2025-05-01 04:42:18.503] [PSS] [error] [42320|26816]streaming_driver_interface_impl.cpp:115 SetTrackingOrigin: streaming not started, this= 0x25af5114030
[2025-05-01 04:42:18.504] [PSS] [info] [42320|26816]streaming_driver_interface_impl.cpp:24 ConnectToService: connect to service, client_id= 6lSI3Cjg8zjJjrkT, this= 0x25af5114030
[2025-05-01 04:42:18.504] [PSS] [info] [42320|26816]streaming_client_impl.cpp:25 ConnectToService: client_id= 6lSI3Cjg8zjJjrkT, name= 3D Engine, desp= StreamingSceneRender, this= 0x25aeeea5300
[2025-05-01 04:42:18.504] [PSS] [debug] [42320|33224]streaming_client_impl.cpp:137 InvokeConnectToService: connect to service through the network, port= 54000, this= 0x25aeeea5300
[2025-05-01 04:42:18.504] [PSS] [debug] [42320|33224]transport_client_tcp3.cpp:34 Start: buffer size(send\recv): 2097152\2097152, this= 0x25af4c60540
[2025-05-01 04:42:18.504] [PSS] [info] [42320|33224]transport_client_tcp3.cpp:59 Start: server= 127.0.0.1:54000, local=0.0.0.0:0, this= 0x25af4c60540
[2025-05-01 04:42:20.545] [PSS] [info] [42320|28808]streaming_client_impl.cpp:62 NotifyConnectResult: network connect to service result= 10061, this= 0x25aeeea5300
[2025-05-01 04:42:20.545] [PSS] [error] [42320|28808]streaming_client_impl.cpp:64 NotifyConnectResult: connect to service network error= 10061, this= 0x25aeeea5300
[2025-05-01 04:42:20.545] [PSS] [error] [42320|33224]streaming_driver_interface_impl.cpp:332 NotifyClientConnectResult: connect to service failed, Network Error, this= 0x25af5114030
[2025-05-01 04:42:20.545] [PSS] [error] [42320|28808]transport_client_tcp3.cpp:129 HandleConnect: connected error= 由于目标计算机积极拒绝，无法连接。, this= 0x25af4c60540
